gajapahinagaram,konisa,venkatapatiraju tank,LS,MI,Lease,50,25.00
gajapahinagaram,Logisa,ramasagaram,SS,MI,Lease,40,10.00
Gajapathinagaram,GAJAPATHINAGARAM,RAVIKONERU,SS,GP,Lease,1.00,0.25
Gajapathinagaram,GAJAPATHINAGARAM,PATHATANK,SS,GP,Lease,3.00,0.75
Gajapathinagaram,GAJAPATHINAGARAM,SAKIVANI,SS,GP,Lease,1.00,0.25
Gajapathinagaram,GAJAPATHINAGARAM,KOTHATANK,SS,GP,Lease,10.00,2.50
Gajapathinagaram,GAJAPATHINAGARAM,MALLAPU,SS,GP,Lease,12.00,3.00
Gajapathinagaram,GAJAPATHINAGARAM,RAVIKARATA,SS,GP,Lease,2.00,0.50
Gajapathinagaram,GAJAPATHINAGARAM,VUSIRAKABA,SS,GP,Lease,1.00,0.25
Gajapathinagaram,GAJAPATHINAGARAM,PEDDATANK,SS,GP,Lease,1.00,0.25
Gajapathinagaram,GAJAPATHINAGARAM,KOTHATANK,SS,GP,Lease,2.00,0.50
Gajapathinagaram,Puritipenta,Subba sagaram,SS,GP,Lease,15.50,3.88
Gajapathinagaram,Puritipenta,Laxmi sagaram,SS,GP,Lease,8.00,2.00
Gajapathinagaram,Puritipenta,Potapatruni tank,SS,GP,Lease,3.00,0.75
Gajapathinagaram,Puritipenta,Voora tank,SS,GP,Lease,1.00,0.25
Gajapathinagaram,Puritipenta,Voora banda,SS,GP,Lease,2.00,0.50
Gajapathinagaram,PURITIPENTA,BRAHMANABA,SS,GP,Lease,3.00,0.75
Gajapathinagaram,PURITIPENTA,VANKACHERU,SS,GP,Lease,15.00,3.75
Gajapathinagaram,DAVALAPETA,PUNU CHERUVU,SS,GP,Lease,2.00,0.50
Gajapathinagaram,DAVALAPETA,DASARIPAPA CHERUVU,SS,GP,Lease,4.00,1.00
Gajapathinagaram,Madhupada,Chamala tank,SS,GP,Lease,9.00,2.25
Gajapathinagaram,Madhupada,Voora tank,SS,GP,Lease,11.00,2.75
Gajapathinagaram,Madhupada,Buridi banda,SS,GP,Lease,6.00,1.50
Gajapathinagaram,Madhupada,Peru tank,SS,GP,Lease,6.00,1.50
Gajapathinagaram,Madhupada,Chinnayya tank,SS,GP,Lease,8.00,2.00
Gajapathinagaram,Madhupada,Simhadri banda,SS,GP,Lease,10.00,2.50
Gajapathinagaram,Madhupada,Piridi banda,SS,GP,Lease,5.00,1.25
Gajapathinagaram,Madhupada,Diguva banda,SS,GP,Lease,10.00,2.50
Gajapathinagaram,Madhupada,Pita koneru,SS,GP,Lease,2.00,0.50
Gajapathinagaram,Madhupada,Subbarayudu koneru,SS,GP,Lease,3.00,0.75
Gajapathinagaram,Madhupada,Sarika banda,SS,GP,Lease,4.00,1.00
Gajapathinagaram,Madhupada,Chintala banda,SS,GP,Lease,10.00,2.50
Gajapathinagaram,MADHUPADA,JAGANNADHA,SS,GP,Lease,3.00,0.75
Gajapathinagaram,MADHUPADA,PALADARA,SS,GP,Lease,1.00,0.25
Gajapathinagaram,MADHUPADA,VADDIVANI,SS,GP,Lease,5.00,1.25
Gajapathinagaram,MADHUPADA,MAHADEVA,SS,GP,Lease,8.00,2.00
Gajapathinagaram,MADHUPADA,KONDAVANI,SS,GP,Lease,2.00,0.50
Gajapathinagaram,MADHUPADA,REVALLA CH,SS,GP,Lease,3.00,0.75
Gajapathinagaram,MADHUPADA,KOTTACHERU,SS,GP,Lease,3.00,0.75
Gajapathinagaram,MARUPALLI,KOTHACHERU,SS,GP,Lease,7.00,1.75
Gajapathinagaram,MARUPALLI,BONIVANI,SS,GP,Lease,1.00,0.25
Gajapathinagaram,MARUPALLI,CHELLAMMA,SS,GP,Lease,2.00,0.50
Gajapathinagaram,MARUPALLI,PALLAVICHE,SS,GP,Lease,1.00,0.25
Gajapathinagaram,MARUPALLI,NELLASAGAR,SS,GP,Lease,1.00,0.25
Gajapathinagaram,MARUPALLI,VIJAYARAMA,SS,GP,Lease,6.00,1.50
Gajapathinagaram,MARUPALLI,YEDDADAVAN,SS,GP,Lease,1.00,0.25
Gajapathinagaram,Marupalli,Pedda tank,SS,GP,Lease,8.00,2.00
Gajapathinagaram,Marupalli,Geddavani tank,SS,GP,Lease,10.50,2.63
Gajapathinagaram,Pata baggam,Chintala tank,SS,GP,Lease,8.00,2.00
Gajapathinagaram,Pata baggam,Guravala tank,SS,GP,Lease,11.00,2.75
Gajapathinagaram,Pata baggam,Tanubuddivani tank,SS,GP,Lease,4.00,1.00
Gajapathinagaram,PATHABAGGAM,AKKUNAIDU,SS,GP,Lease,1.00,0.25
Gajapathinagaram,PATHABAGGAM,SUBBANNA,SS,GP,Lease,1.00,0.25
Gajapathinagaram,PATHABAGGAM,LENKAVANI,SS,GP,Lease,1.00,0.25
Gajapathinagaram,Kothabaggam,Lingala tank,SS,GP,Lease,7.00,1.75
Gajapathinagaram,Kothabaggam,Sitamma tank,SS,GP,Lease,2.00,0.50
Gajapathinagaram,KOTHABAGGAM,THAMMAYYA,SS,GP,Lease,4.00,1.00
Gajapathinagaram,M.Gumadam,Kandi tank,SS,GP,Lease,2.00,0.50
Gajapathinagaram,M.Gumadam,Mangali tank,SS,GP,Lease,2.00,0.50
Gajapathinagaram,M.Gumadam,Bodda banda,SS,GP,Lease,1.00,0.25
Gajapathinagaram,M.Gumadam,Kotha tank,SS,GP,Lease,2.00,0.50
Gajapathinagaram,M.Gumadam,Punu tank,SS,GP,Lease,2.00,0.50
Gajapathinagaram,M.Gumadam,Chinakandi tank,SS,GP,Lease,2.50,0.63
Gajapathinagaram,M.Gumadam,Pala banda,SS,GP,Lease,1.00,0.25
Gajapathinagaram,M.Gumadam,Tivva banda,SS,GP,Lease,2.00,0.50
Gajapathinagaram,M.Gumadam,Lanka banda,SS,GP,Lease,2.00,0.50
Gajapathinagaram,M GUMADAM,NALLABANDA,SS,GP,Lease,10.00,2.50
Gajapathinagaram,PURITIPENTA,URDUDARI,SS,GP,Auction,4.00,1.00
Gajapathinagaram,PURITIPENTA,OLLIVAGEDD,SS,GP,Auction,5.00,1.25
Gajapathinagaram,PURITIPENTA,KOTHACHERU,SS,GP,Auction,5.00,1.25
Gajapathinagaram,PURITIPENTA,URUDARI,SS,GP,Auction,2.00,0.50
Gajapathinagaram,PURITIPENTA,KARU CHERU,SS,GP,Auction,1.00,0.25
Gajapathinagaram,PURITIPENTA,NARIVIBAND,SS,GP,Auction,8.00,2.00
Gajapathinagaram,MADHUPADA,LAXMIPATHI,SS,GP,Auction,3.00,0.75
Gajapathinagaram,MADHUPADA,VENKAYYA,SS,GP,Auction,1.00,0.25
Gajapathinagaram,MADHUPADA,TIRUMALA,SS,GP,Auction,1.00,0.25
Gajapathinagaram,MADHUPADA,PITTALA CH,SS,GP,Auction,1.00,0.25
Gajapathinagaram,MADHUPADA,PATRUVANI,SS,GP,Auction,1.00,0.25
Gajapathinagaram,MADHUPADA,UMACHERUVU,SS,GP,Auction,4.00,1.00
Gajapathinagaram,MADHUPADA,POTTACHERU,SS,GP,Auction,1.00,0.25
Gajapathinagaram,MADHUPADA,KOMMUNU VE,SS,GP,Auction,3.00,0.75
Gajapathinagaram,MADHUPADA,MANGALIBAN,SS,GP,Auction,1.00,0.25
Gajapathinagaram,MARUPALLI,RAMANNAPAT,SS,GP,Auction,2.00,0.50
Gajapathinagaram,MARUPALLI,TELUKALIPO,SS,GP,Auction,1.00,0.25
Gajapathinagaram,MARUPALLI,RAYAPURAJU,SS,GP,Auction,2.00,0.50
Gajapathinagaram,MARUPALLI,DIGUVACHAV,SS,GP,Auction,1.00,0.25
Gajapathinagaram,MARUPALLI,YERRABANDA,SS,GP,Auction,3.00,0.75
Gajapathinagaram,MARUPALLI,KOTHABANDA,SS,GP,Auction,6.00,1.50
Gajapathinagaram,MARUPALLI,NARAVAVANI,SS,GP,Auction,1.00,0.25
Gajapathinagaram,MARUPALLI,KALLAVANI,SS,GP,Auction,1.00,0.25
Gajapathinagaram,MARUPALLI,KOTIYABAND,SS,GP,Auction,4.00,1.00
Gajapathinagaram,MARUPALLI,AKKASAGARA,SS,GP,Auction,1.00,0.25
Gajapathinagaram,MARUPALLI,CHITRAVANI,SS,GP,Auction,2.00,0.50
Gajapathinagaram,MARUPALLI,KENGUVANI,SS,GP,Auction,1.00,0.25
Gajapathinagaram,MARUPALLI,NAGULABONI,SS,GP,Auction,1.00,0.25
Gajapathinagaram,MARUPALLI,MADUGULABA,SS,GP,Auction,4.00,1.00
Gajapathinagaram,MARUPALLI,KANCHARABA,SS,GP,Auction,1.00,0.25
Gajapathinagaram,MARUPALI,ASURICHERU,SS,GP,Auction,1.00,0.25
Gajapathinagaram,MARUPALLI,KODIBONIVA,SS,GP,Auction,1.00,0.25
Gajapathinagaram,MARUPALLI,VENULAVANI,SS,GP,Auction,2.00,0.50
Gajapathinagaram,PATHABAGGAM,GOLLUVANI,SS,GP,Auction,1.00,0.25
Gajapathinagaram,PATHABAGGAM,MAJJIVANI,SS,GP,Auction,1.00,0.25
Gajapathinagaram,PATHABAGGAM,JONNADA BA,SS,GP,Auction,2.00,0.50
Gajapathinagaram,PATHABAGGAM,LANKAVANI,SS,GP,Auction,1.00,0.25
Gajapathinagaram,PATHABAGGAM,YEGUVAKARA,SS,GP,Auction,1.00,0.25
Gajapathinagaram,PATHABAGGAM,VENKATARAJ,SS,GP,Auction,4.00,1.00
Gajapathinagaram,PATHABAGGAM,TIVVABANDA,SS,GP,Auction,3.00,0.75
Gajapathinagaram,PATHABAGGAM,KOTHABANDA,SS,GP,Auction,2.00,0.50
Gajapathinagaram,KOTHABAGGAM,MANGALIBAN,SS,GP,Auction,2.00,0.50
Gajapathinagaram,PATHABAGGAM,GOLLAVANI,SS,GP,Auction,1.00,0.25
Gajapathinagaram,PATHABAGGAM,JANGABANDA,SS,GP,Auction,1.00,0.25
Gajapathinagaram,PATHABAGGAM,DIGUVA KAR,SS,GP,Auction,1.00,0.25
Gajapathinagaram,PATHABAGGAM,CHINA POTT,SS,GP,Auction,1.00,0.25
Gajapathinagaram,PATHABAGGAM,GIDIJALA,SS,GP,Auction,1.00,0.25
Gajapathinagaram,PATHABAGGAM,YENUKOLA,SS,GP,Auction,1.00,0.25
Gajapathinagaram,PATHABAGGAM,RAGANNAKOT,SS,GP,Auction,2.00,0.50
Gajapathinagaram,PATHABAGGAM,REGUBANDA,SS,GP,Auction,6.00,1.50
Gajapathinagaram,PATHABAGGAM,NAKKAVANI,SS,GP,Auction,1.00,0.25
Gajapathinagaram,PATHABAGGAM,MADIDGA,SS,GP,Auction,1.00,0.25
Gajapathinagaram,PATHABAGGAM,LATCHAYYA,SS,GP,Auction,1.00,0.25
Gajapathinagaram,PATHABAGGAM,RAVIVARI,SS,GP,Auction,1.00,0.25
Gajapathinagaram,PATHABAGGAM,YETIKALUVA,SS,GP,Auction,1.00,0.25
Gajapathinagaram,PATHABAGGAM,ASALACHERU,SS,GP,Auction,4.00,1.00
Gajapathinagaram,PATHABAGGAM,JONADABAN,SS,GP,Auction,1.00,0.25
Gajapathinagaram,PATHABAGGAM,AVALACHERU,SS,GP,Auction,4.00,1.00
Gajapathinagaram,PATHABAGGAM,KATARI BAN,SS,GP,Auction,1.00,0.25
Gajapathinagaram,KOTHABAGGAM,DALAYYA CH,SS,GP,Auction,1.00,0.25
Gajapathinagaram,KOTHABAGGAM,VELAGADABA,SS,GP,Auction,1.00,0.25
Gajapathinagaram,KOTHABAGGAM,KONDAJOGI,SS,GP,Auction,1.00,0.25
Gajapathinagaram,KOTHABAGGAM,NARAYANA,SS,GP,Auction,3.00,0.75
Gajapathinagaram,KOTHABAGGAM,DIBBACHERU,SS,GP,Auction,3.00,0.75
Gajapathinagaram,KOTHABAGGAM,YERAKAMMA,SS,GP,Auction,1.00,0.25
Gajapathinagaram,KOTHABAGGAM,GADDIMAYYA,SS,GP,Auction,1.00,0.25
Gajapathinagaram,KOTHABAGGAM,PAPPALA CH,SS,GP,Auction,2.00,0.50
Gajapathinagaram,M GUMADAM,YERRABANDA,SS,GP,Auction,3.00,0.75
Gajapathinagaram,M GUMADAM,VASAVIBAND,SS,GP,Auction,1.00,0.25
Gajapathinagaram,M GUMADAM,AYYANNA CH,SS,GP,Auction,2.00,0.50
Gajapathinagaram,M GUMADAM,KARRIVANI,SS,GP,Auction,2.00,0.50
Gajapathinagaram,BANGARAMMAPETA,BODIBANA,SS,GP,Auction,1.00,0.25
Gajapathinagaram,BANGARAMMAPETA,BODIVANI,SS,GP,Auction,1.00,0.25
Gajapathinagaram,BANGARAMMAPETA,APPADU SAG,SS,GP,Auction,3.00,0.75
Gajapathinagaram,BANGARAMMAPETA,KONERU,SS,GP,Auction,1.00,0.25
Gajapathinagaram,BHUDEVIPETA,KOMATICHER,SS,GP,Auction,2.00,0.50
Gajapathinagaram,BHUDEVIPETA,SENAPATHI,SS,GP,Auction,4.00,1.00
Gajapathinagaram,BHUDEVIPETA,SITASAGARA,SS,GP,Auction,1.00,0.25
Gajapathinagaram,BHUDEVIPETA,PUNUCHERUV,SS,GP,Auction,2.00,0.50
Gajapathinagaram,BHUDEVIPETA,YERADIVANI,SS,GP,Auction,1.00,0.25
Gajapathinagaram,BHUDEVIPETA,TAMMAKA,SS,GP,Auction,1.00,0.25
Gajapathinagaram,BHUDEVIPETA,VEMULABAND,SS,GP,Auction,1.00,0.25
Gajapathinagaram,BHUDEVIPETA,RAVIBANDA,SS,GP,Auction,1.00,0.25
Gajapathinagaram,BHUDEVIPETA,YERRABANDA,SS,GP,Auction,1.00,0.25
Gajapathinagaram,BHUDEVIPETA,JANGAMBAND,SS,GP,Auction,1.00,0.25
Gajapathinagaram,BHUDEVIPETA,YERAMVANI,SS,GP,Auction,1.00,0.25
Gajapathinagaram,BHUDEVIPETA,BONUDEENAR,SS,GP,Auction,1.00,0.25
Gajapathinagaram,DAVALAPETA,NEELA BANDA,SS,GP,Auction,1.00,0.25
Gajapathinagaram,DAVALAPETA,KONERU,SS,GP,Auction,1.00,0.25
Gajapathinagaram,GANGACHOLAPENTA,TAMARA CHERUVU,SS,GP,Auction,1.00,0.25
Gajapathinagaram,GANGACHOLAPENTA,SEETANNA KONERU,SS,GP,Auction,1.00,0.25
Gajapathinagaram,GANGACHOLAPENTA,LINGALA CHERUVU,SS,GP,Auction,1.00,0.25
Gajapathinagaram,GANGACHOLAPENTA,BADDI CHERUVU,SS,GP,Auction,13.00,3.25
Gajapathinagaram,GANGACHOLAPENTA,BATTI CHERUVU,SS,GP,Auction,2.00,0.50
Gajapathinagaram,GANGACHOLAPENTA,BONIVANI CHERUVU,SS,GP,Auction,8.00,2.00
Gajapathinagaram,GANGACHOLAPENTA,ANNAMMA CHERUVU,SS,GP,Auction,2.00,0.50
Gajapathinagaram,GANGACHOLAPENTA,GURU NAIDU CHERUVU,SS,GP,Auction,1.00,0.25
Gajapathinagaram,GANGACHOLAPENTA,KILARI BOGI BANDA,SS,GP,Auction,1.00,0.25
Gajapathinagaram,GUDIVADA,BONUVANI TANK,SS,GP,Auction,3.00,0.75
Gajapathinagaram,KALAMRAJUPETA,SEETAYYA KONERU,SS,GP,Auction,3.00,0.75
Gajapathinagaram,KALAMRAJUPETA,JAGANNADA,SS,GP,Auction,5.00,1.25
Gajapathinagaram,KENGUVA,SOMAPPA,SS,GP,Auction,2.00,0.50
Gajapathinagaram,KENGUVA,SANKARAPU,SS,GP,Auction,3.00,0.75
Gajapathinagaram,KENGUVA,LAXMISAGAR,SS,GP,Auction,1.00,0.25
Gajapathinagaram,KENGUVA,VENKAMMA,SS,GP,Auction,1.00,0.25
Gajapathinagaram,KENGUVA,TAMARAKAND,SS,GP,Auction,1.00,0.25
Gajapathinagaram,KENGUVA,PATHAKONER,SS,GP,Auction,1.00,0.25
Gajapathinagaram,KENGUVA,MANGALIBAN,SS,GP,Auction,1.00,0.25
Gajapathinagaram,KENGUVA,BARIKIBAND,SS,GP,Auction,1.00,0.25
Gajapathinagaram,KENGUVA,GADIBANDA,SS,GP,Auction,1.00,0.25
Gajapathinagaram,KONISA,BUTCHANNA,SS,GP,Auction,1.00,0.25
Gajapathinagaram,KONISA,KOTHA,SS,GP,Auction,1.00,0.25
Gajapathinagaram,KONISA,PEDDIGANI,SS,GP,Auction,1.00,0.25
Gajapathinagaram,KONISA,BODDIBESAR,SS,GP,Auction,1.00,0.25
Gajapathinagaram,LINGALAVALASA,KARANAM CH,SS,GP,Auction,1.00,0.25
Gajapathinagaram,LINGALAVALASA,KARANALA,SS,GP,Auction,3.00,0.75
Gajapathinagaram,LINGALAVALASA,PANAKU CHE,SS,GP,Auction,3.00,0.75
Gajapathinagaram,LINGALAVALASA,MULAKALA,SS,GP,Auction,1.00,0.25
Gajapathinagaram,LINGALAVALASA,VIGNESWARA,SS,GP,Auction,2.00,0.50
Gajapathinagaram,LINGALAVALASA,RAVICHERUV,SS,GP,Auction,3.00,0.75
Gajapathinagaram,LINGALAVALASA,CHAKALI CH,SS,GP,Auction,1.00,0.25
Gajapathinagaram,MKOTHAVALASA,VURA CHERUVU,SS,GP,Auction,4.00,1.00
Gajapathinagaram,MKOTHAVALASA,TADI BANDA,SS,GP,Auction,1.00,0.25
Gajapathinagaram,MKOTHAVALASA,KONERU,SS,GP,Auction,1.00,0.25
Gajapathinagaram,M KOTHAVALASA,GODI CHERUVU,SS,GP,Auction,1.00,0.25
Gajapathinagaram,M KOTHAVALASA,GEDELA BANDA,SS,GP,Auction,1.00,0.25
Gajapathinagaram,M KOTHAVALASA,DALEMMA CHERUVU,SS,GP,Auction,2.00,0.50
Gajapathinagaram,M KOTHAVALASA,KHENDA PUNU,SS,GP,Auction,2.00,0.50
Gajapathinagaram,MARRIVALASA,BATTI CHERUVU,SS,GP,Auction,5.00,1.25
Gajapathinagaram,MUTCHERLA,APPALARAJU,SS,GP,Auction,3.00,0.75
Gajapathinagaram,MUTCHERLA,BURADABAND,SS,GP,Auction,1.00,0.25
Gajapathinagaram,MUTCHERLA,MALA BANDA,SS,GP,Auction,1.00,0.25
Gajapathinagaram,MUTCHERLA,PERUMALABA,SS,GP,Auction,1.00,0.25
Gajapathinagaram,MUTCHERLA,VENKANNA,SS,GP,Auction,4.00,1.00
Gajapathinagaram,MUTCHERLA,MANELICHER,SS,GP,Auction,1.00,0.25
Gajapathinagaram,MUTCHERLA,MANGALIBAN,SS,GP,Auction,2.00,0.50
Gajapathinagaram,MUTCHERLA,CHAVITI CH,SS,GP,Auction,5.00,1.25
Gajapathinagaram,MUTCHERLA,KOTHULAGUD,SS,GP,Auction,3.00,0.75
Gajapathinagaram,MUTCHERLA,KANCHIGADI,SS,GP,Auction,1.00,0.25
Gajapathinagaram,PIDISEELA,PEDDA CHERUVU,SS,GP,Auction,24.00,6.00
Gajapathinagaram,PIDISEELA,KONERU,SS,GP,Auction,2.00,0.50
Gajapathinagaram,RAMANNAPETA,KAMSALI BANDA,SS,GP,Auction,1.00,0.25
Gajapathinagaram,RAMANNAPETA,RAMUDIPATNAYAKUNI TANK,SS,GP,Auction,30.00,7.50
Gajapathinagaram,RAMANNAPETA,SARIPAKAVANI CHERUVU,SS,GP,Auction,1.00,0.25
Gajapathinagaram,SALIPETA,TAMMINAIDU,SS,GP,Auction,2.00,0.50
Gajapathinagaram,SALIPETA,G R K CHER,SS,GP,Auction,1.00,0.25
Gajapathinagaram,SALIPETA,RAMAKOTHA,SS,GP,Auction,1.00,0.25
Gajapathinagaram,SALIPETA,KOTHABANDA,SS,GP,Auction,1.00,0.25
Gajapathinagaram,SALIPETA,VARRIVENKA,SS,GP,Auction,2.00,0.50
Gajapathinagaram,SALIPETA,PEDDABANDA,SS,GP,Auction,1.00,0.25
Gajapathinagaram,SALIPETA,VENKANNA,SS,GP,Auction,2.00,0.50
Gajapathinagaram,SALIPETA,PATHAKONER,SS,GP,Auction,1.00,0.25
Gajapathinagaram,SALIPETA,LAXMIPATHI,SS,GP,Auction,2.00,0.50
Gajapathinagaram,SALIPETA,KITTAYYA,SS,GP,Auction,3.00,0.75
Gajapathinagaram,SALIPETA,KURMASAGAR,SS,GP,Auction,1.00,0.25
Gajapathinagaram,SALIPETA,KESARIBAND,SS,GP,Auction,1.00,0.25
Gajapathinagaram,SALIPETA,PADMANABHA,SS,GP,Auction,2.00,0.50
Gajapathinagaram,SEETHARAMAPURAM,MUKKIDAVARAPU VENKATA CHERUVU,SS,GP,Auction,7.00,1.75
Gajapathinagaram,SRIRANGARAJAPURAM,AGURU BANDA,SS,GP,Auction,1.00,0.25
Gajapathinagaram,SRIRANGARAJAPURAM,CHEEMA BANDA,SS,GP,Auction,4.00,1.00
Gajapathinagaram,SRIRANGARAJAPURAM,TIVVA CHERUVU,SS,GP,Auction,3.00,0.75
Gajapathinagaram,SRIRANGARAJAPURAM,AMUDALA TANK,SS,GP,Auction,7.00,1.75
Gajapathinagaram,SRIRANGARAJAPURAM,PUTIDI BANDA,SS,GP,Auction,1.00,0.25
Gajapathinagaram,SRIRANGAJAPURAM,KOTHA TANK,SS,GP,Auction,57.00,14.25
Gajapathinagaram,THUMMIKAPALLI,SOTTAVANIP,SS,GP,Auction,1.00,0.25
Gajapathinagaram,THUMMIKAPALLI,LINGAMBANT,SS,GP,Auction,1.00,0.25
Gajapathinagaram,THUMMIKAPALLI,CHENCHUVAN,SS,GP,Auction,1.00,0.25
Gajapathinagaram,THUMMIKAPALLI,SANYASITAN,SS,GP,Auction,1.00,0.25
Gajapathinagaram,THUMMIKAPALLI,KOMATIBAND,SS,GP,Auction,1.00,0.25
Gajapathinagaram,THUMMIKAPALLI,VOORACHERU,SS,GP,Auction,1.00,0.25
Gajapathinagaram,THUMMIKAPALLI,KURKURMANN,SS,GP,Auction,1.00,0.25
Gajapathinagaram,THUMMIKAPALLI,KOTHAKONER,SS,GP,Auction,1.00,0.25
Gajapathinagaram,THUMMIKAPALLI,SEETARAMUN,SS,GP,Auction,1.00,0.25
Gajapathinagaram,THUMMIKAPALLI,SIVAVENKAT,SS,GP,Auction,3.00,0.75
Gajapathinagaram,THUMMIKAPALLI,SIVAVANITA,SS,GP,Auction,1.00,0.25
Gajapathinagaram,THUMMIKAPALLI,NAREDLA TA,SS,GP,Auction,1.00,0.25
Gajapathinagaram,THUMMIKAPALLI,CHINNACHER,SS,GP,Auction,9.00,2.25
Gajapathinagaram,VEMALI,RACHABANDA,SS,GP,Auction,1.00,0.25
Gajapathinagaram,VEMALI,BARIDABAND,SS,GP,Auction,1.00,0.25
Gajapathinagaram,VEMALI,YERRODUBAN,SS,GP,Auction,1.00,0.25
Gajapathinagaram,VEMALI,SETTARUBAN,SS,GP,Auction,1.00,0.25
Gajapathinagaram,VEMALI,BAPADUBAND,SS,GP,Auction,1.00,0.25
Gajapathinagaram,VEMALI,KARANAMBAN,SS,GP,Auction,1.00,0.25
Gajapathinagaram,VEMALI,KOTHABANDA,SS,GP,Auction,2.00,0.50
Gajapathinagaram,VEMALI,CHINTABAND,SS,GP,Auction,2.00,0.50
Gajapathinagaram,VEMALI,MALLUBANDA,SS,GP,Auction,3.00,0.75
Gajapathinagaram,VEMALI,GOLLABANDA,SS,GP,Auction,2.00,0.50
Gajapathinagaram,VEMALI,APPANNABAN,SS,GP,Auction,1.00,0.25
Gajapathinagaram,VEMALI,KOPPALABAN,SS,GP,Auction,1.00,0.25
Gajapathinagaram,ZINNAM,JANUMANNA,SS,GP,Auction,1.00,0.25
Gajapathinagaram,ZINNAM,KUMMARI,SS,GP,Auction,4.00,1.00
Gajapathinagaram,ZINNAM,KAMSALIBAN,SS,GP,Auction,1.00,0.25
Gajapathinagaram,ZINNAM,TORUVENGAL,SS,GP,Auction,1.00,0.25
Gajapathinagaram,ZINNAM,VALLBHASAN,SS,GP,Auction,3.00,0.75
Gajapathinagaram,ZINNAM,KANNAYYA,SS,GP,Auction,1.00,0.25
Gajapathinagaram,ZINNAM,LAXMISAGAR,SS,GP,Auction,2.00,0.50
Gajapathinagaram,ZINNAM,PALLACHERU,SS,GP,Auction,3.00,0.75
Gajapathinagaram,ZINNAM,ANKUMALLA,SS,GP,Auction,2.00,0.50
Gajapathinagaram,ZINNAM,VOORACHERU,SS,GP,Auction,3.00,0.75
Gajapathinagaram,ZINNAM,NAIDUBANDA,SS,GP,Auction,2.00,0.50
Gajapathinagaram,ZINNAM,KOTHABANDA,SS,GP,Auction,1.00,0.25
Gajapathinagaram,ZINNAM,ACHARYULU,SS,GP,Auction,2.00,0.50
Gajapathinagaram,ZINNAM,SEENAPPA,SS,GP,Auction,1.00,0.25
Gajapathinagaram,ZINNAM,KURMAYYA,SS,GP,Auction,1.00,0.25
Gajapathinagaram,ZINNAM,GARANNA,SS,GP,Auction,1.00,0.25
Gajapathinagaram,ZINNAM,KONERU,SS,GP,Auction,1.00,0.25
Gajapathinagaram,ZINNAM,KURELLAVAN,SS,GP,Auction,1.00,0.25
Gajapathinagaram,ZINNAM,GANESWARA,SS,GP,Auction,1.00,0.25
Gajapathinagaram,ZINNAM,MILLAVARA,SS,GP,Auction,1.00,0.25
Gajapathinagaram,ZINNAM,RAMULU,SS,GP,Auction,2.00,0.50
Gajapathinagaram,ZINNAM,JAGAYYA,SS,GP,Auction,2.00,0.50
Gajapathinagaram,ZINNAM,YELLANAIDU,SS,GP,Auction,4.00,1.00
Gajapathinagaram,ZINNAM,JAGGUCHERU,SS,GP,Auction,2.00,0.50
Gajapathinagaram,ZINNAM,RAGHAVAYYA,SS,GP,Auction,3.00,0.75
Gajapathinagaram,ZINNAM,YERRAPU,SS,GP,Auction,1.00,0.25
Gajapathinagaram,ZINNAM,NARASIMHA,SS,GP,Auction,4.00,1.00
Gajapathinagaram,ZINNAM,GODDAPU,SS,GP,Auction,7.00,1.75
Gajapathinagaram,MADHUPADA,PYDIYYA CH,SS,GP,Auction,5.00,1.25
Bondapalli,madduru,Kalamraju tank,LS,MI,Lease,25,12.68
Bondapalli,B.rajeru,Joginaidu,LS,MI,Lease,20,10.00
Bondapalli,nelivada,Rajju tank,LS,MI,Lease,48,24.00
Bondapalli,Gollupalem,Yerrayya tank,LS,MI,Lease,36,18.10
Bondapalli,B.rajeru,Raju tank,SS,MI,Lease,46,11.50
Bondapalli,Kanimeraka,Buddhi tank,SS,GP,Lease,3.00,0.75
Bondapalli,Kanimeraka,Varadavani tank,SS,GP,Lease,2.00,0.50
Bondapalli,Kanimeraka,Mynapu koneru,SS,GP,Lease,1.00,0.25
Bondapalli,KANIMERAKA,YEDLAVANIT,SS,GP,Lease,3.00,0.75
Bondapalli,KANIMERAKA,BALIVANITA,SS,GP,Lease,13.00,3.25
Bondapalli,Devupalli,Grandiraju tank,SS,GP,Lease,12.00,3.00
Bondapalli,Devupalli,Gundamma/Gunnamma  tank,SS,GP,Lease,2.00,0.50
Bondapalli,Devupalli,Rajappa/Raju tank,SS,GP,Lease,3.00,0.75
Bondapalli,Devupalli,Pati banda,SS,GP,Lease,1.50,0.38
Bondapalli,Devupalli,Pedda banda,SS,GP,Lease,3.00,0.75
Bondapalli,Devupalli,Nuluganti tank,SS,GP,Lease,4.00,1.00
Bondapalli,Devupalli,Godi banda,SS,GP,Lease,3.00,0.75
Bondapalli,Devupalli,Relli banda,SS,GP,Lease,1.00,0.25
Bondapalli,Devupalli,Kondalavani tank,SS,GP,Lease,1.50,0.38
Bondapalli,Devupalli,Pydichitti koneru,SS,GP,Lease,2.50,0.63
Bondapalli,Devupalli,Chaki tank,SS,GP,Lease,4.50,1.13
Bondapalli,Devupalli,Ayuvuvani tank,SS,GP,Lease,1.00,0.25
Bondapalli,Devupalli,Raju tank ,SS,GP,Lease,2.00,0.50
Bondapalli,DEVUUPALLI,KOTHACHERU,SS,GP,Lease,2.00,0.50
Bondapalli,DEVUPALLI,KRISHANAMC,SS,GP,Lease,2.00,0.50
Bondapalli,DEVUPALLI,MOLUBANDA,SS,GP,Lease,1.00,0.25
Bondapalli,DEVUPALLI,PINNAMRAJU,SS,GP,Lease,1.00,0.25
Bondapalli,DEVUPALLI,SUREDDIVAN,SS,GP,Lease,2.00,0.50
Bondapalli,DEVUPALLI,VEPABANDA,SS,GP,Lease,2.00,0.50
Bondapalli,DEVUPALLI,GRAJU TANK,SS,GP,Lease,3.00,0.75
Bondapalli,DEVUPALLI,AYYAVARITA,SS,GP,Lease,1.00,0.25
Bondapalli,DEVUPALLI,AKKINIPALL,SS,GP,Lease,1.00,0.25
Bondapalli,DEVUPALLI,BODDUVARIT,SS,GP,Lease,1.00,0.25
Bondapalli,Gittupalli,Basavavani tank,SS,GP,Lease,9.00,2.25
Bondapalli,Gittupalli,Barlanki tank,SS,GP,Lease,9.00,2.25
Bondapalli,Gittupalli,Gittodu tank,SS,GP,Lease,2.00,0.50
Bondapalli,Gittupalli,Pittalavani banda,SS,GP,Lease,3.00,0.75
Bondapalli,Gittupalli,Pedda tank,SS,GP,Lease,4.00,1.00
Bondapalli,Gittupalli,Edula tank,SS,GP,Lease,2.00,0.50
Bondapalli,GITTUPALLI,KONERTANK,SS,GP,Lease,1.00,0.25
Bondapalli,GITTUPALLI,ALLUVANITA,SS,GP,Lease,8.00,2.00
Bondapalli,China tamarapalli,Tamara tank,SS,GP,Lease,3.50,0.88
Bondapalli,China tamarapalli,Naidu tank,SS,GP,Lease,2.00,0.50
Bondapalli,China tamarapalli,Surravani tank,SS,GP,Lease,2.00,0.50
Bondapalli,China tamarapalli,Alaharaju tank,SS,GP,Lease,2.00,0.50
Bondapalli,B.Rajeru,Appanna koneru,SS,GP,Lease,1.50,0.38
Bondapalli,B Rajeru,Bariki tan,SS,GP,Lease,4.00,1.00
Bondapalli,B RAjeru,Chinnamnai,SS,GP,Lease,2.00,0.50
Bondapalli,B Rajeru,Desinaidu,SS,GP,Lease,2.00,0.50
Bondapalli,B Rajeru,Muragadabanda,SS,GP,Lease,1.00,0.25
Bondapalli,B Rajeru,Kamsali,SS,GP,Lease,1.00,0.25
Bondapalli,B Rajeru,Kothatank,SS,GP,Lease,2.00,0.50
Bondapalli,BRajeru,Mangali koneru,SS,GP,Lease,1.00,0.25
Bondapalli,G.P.Agraharam,Aragadi tank,SS,GP,Lease,3.00,0.75
Bondapalli,G.P.Agraharam,Voora/muragada gedda,SS,GP,Lease,1.00,0.25
Bondapalli,G.P.Agraharam,Atchamma tank,SS,GP,Lease,1.50,0.38
Bondapalli,G.P.Agraharam,Gedala koneru,SS,GP,Lease,1.50,0.38
Bondapalli,Rachakindam,Gollu banda,SS,GP,Lease,2.00,0.50
Bondapalli,Rachakindam,Kolla gundam,SS,GP,Lease,1.50,0.38
Bondapalli,RACHAKINDOM,CHINTABAND,SS,GP,Lease,2.00,0.50
Bondapalli,RACHAKINDOM,KAPARAPUVAni tank,SS,GP,Lease,1.00,0.25
Bondapalli,Raiendram,Pedda tank,SS,GP,Lease,1.50,0.38
Bondapalli,Raiendram,Seera tank,SS,GP,Lease,1.00,0.25
Bondapalli,Raiendram,Lingaraju tank,SS,GP,Lease,1.50,0.38
Bondapalli,Raiendram,Kotha tank,SS,GP,Lease,2.00,0.50
Bondapalli,Raiendram,Pala banda,SS,GP,Lease,1.50,0.38
Bondapalli,Raiendram,Eeatha banda,SS,GP,Lease,1.50,0.38
Bondapalli,Raiendram,Veeraju tank,SS,GP,Lease,2.00,0.50
Bondapalli,Raindram,Krishnaraj,SS,GP,Lease,2.00,0.50
Bondapalli,RAindram,Joginaidu,SS,GP,Lease,2.00,0.50
Bondapalli,Raindram,Meraka,SS,GP,Lease,6.00,1.50
Bondapalli,Raindram,Peri Raju,SS,GP,Lease,2.00,0.50
Bondapalli,RAindram,Vepabanda,SS,GP,Lease,1.00,0.25
Bondapalli,RAindram,Jagganna tank,SS,GP,Lease,7.00,1.75
Bondapalli,Raindram,Gangasagar,SS,GP,Lease,7.00,1.75
Bondapalli,Raindram,Meesala,SS,GP,Lease,7.00,1.75
Bondapalli,Raindram,Tammiraju,SS,GP,Lease,7.00,1.75
Bondapalli,K Agraharam,Kakathilla banda,SS,GP,Lease,1.00,0.25
Bondapalli,K Agraharam,Laxmipathi tank,SS,GP,Lease,3.00,0.75
Bondapalli,K Agrahram,Vusirika tank,SS,GP,Lease,2.00,0.50
Bondapalli,Gollupalem,Gopala tnk,SS,GP,Lease,2.50,0.63
Bondapalli,Gollupalem,Karri banda,SS,GP,Lease,1.00,0.25
Bondapalli,Gollupalem,Karanam ank,SS,GP,Lease,1.50,0.38
Bondapalli,Gollupalem,Chelluvani banda,SS,GP,Lease,1.00,0.25
Bondapalli,Gollupalem,Durgasi tank,SS,GP,Lease,5.00,1.25
Bondapalli,Gumadam,Narayana sagaram,SS,GP,Lease,2.00,0.50
Bondapalli,Gumadam,Kotharaju tank,SS,GP,Lease,2.00,0.50
Bondapalli,Gumadam,Gedelakoneru,SS,GP,Lease,1.00,0.25
Bondapalli,Gumadam,Burjibanda,SS,GP,Lease,4.00,1.00
Bondapalli,Gumadam,Simhadriva,SS,GP,Lease,12.00,3.00
Bondapalli,Gumadam,Seetammava,SS,GP,Lease,3.00,0.75
Bondapalli,Gumadam,Vantharapu,SS,GP,Lease,7.00,1.75
Bondapalli,Gumadam,Yedla vani,SS,GP,Lease,2.00,0.50
Bondapalli,Nilivada,Tamara koneru,SS,GP,Lease,2.00,0.50
Bondapalli,Nilivada,Perumalla koneru,SS,GP,Lease,2.00,0.50
Bondapalli,NELIVADA,CHAKALITAN,SS,GP,Lease,3.00,0.75
Bondapalli,NELIVADA,YERRABANDA,SS,GP,Lease,4.00,1.00
Bondapalli,Bondapalli,Rama sagaram,SS,GP,Lease,25.00,6.25
Bondapalli,Bondapalli,Konisi tank,SS,GP,Lease,12.00,3.00
Bondapalli,Bondapalli,Guddivani tank,SS,GP,Lease,5.00,1.25
Bondapalli,Bondapalli,Cheri tank,SS,GP,Lease,10.00,2.50
Bondapalli,Bondapalli,Pedda tank,SS,GP,Lease,10.00,2.50
Bondapalli,Bondapalli,Nalla tank,SS,GP,Lease,2.00,0.50
Bondapalli,Bondapalli,Neredu tank,SS,GP,Lease,12.00,3.00
Bondapalli,Bondapalli,Maskabuddi tank,SS,GP,Lease,6.00,1.50
Bondapalli,Bondapalli,Tamuru tank,SS,GP,Lease,6.00,1.50
Bondapalli,Bondapalli,Nadipi vani tank,SS,GP,Lease,4.00,1.00
Bondapalli,Bondapalli,TAMMAYYA TANK,SS,GP,Lease,11.00,2.75
Bondapalli,Bondapalli,Gopala tank,SS,GP,Lease,12.00,3.00
Bondapalli,Bondapalli,Tamminaidu tank,SS,GP,Lease,6.00,1.50
Bondapalli,Bondapalli,Kotha tank,SS,GP,Lease,6.00,1.50
Bondapalli,Bondapalli,Erisetti tank,SS,GP,Lease,6.00,1.50
Bondapalli,Bondapalli,Bhusetti tank,SS,GP,Lease,6.00,1.50
Bondapalli,Bondapalli,Kanchara tank,SS,GP,Lease,6.00,1.50
Bondapalli,Bondapalli,Komati tank,SS,GP,Lease,12.00,3.00
Bondapalli,Bondapalli,Muragada tank,SS,GP,Lease,4.00,1.00
Bondapalli,Bondapalli,Geddavani tank,SS,GP,Lease,6.00,1.50
Bondapalli,Bondapalli,Jaggu vani tank,SS,GP,Lease,6.00,1.50
Bondapalli,Bondapalli,Peri tank,SS,GP,Lease,6.00,1.50
Bondapalli,Bondapalli,Talla gedda tank,SS,GP,Lease,6.00,1.50
Bondapalli,Bondapalli,Kudu banda,SS,GP,Lease,6.00,1.50
Bondapalli,Bondapalli,Tammineni tank,SS,GP,Lease,1.00,0.25
Bondapalli,Bondapalli,Eedala tank,SS,GP,Lease,1.00,0.25
Bondapalli,Bondapalli,Patha banda,SS,GP,Lease,2.00,0.50
Bondapalli,Bondapalli,Keerthi rangapu banda,SS,GP,Lease,2.00,0.50
Bondapalli,Bondapalli,Botta banda,SS,GP,Lease,2.00,0.50
Bondapalli,Bondapalli,Gokula banda,SS,GP,Lease,3.00,0.75
Bondapalli,Bondapalli,Kondala banda,SS,GP,Lease,2.00,0.50
Bondapalli,Bondapalli,Voora tank,SS,GP,Lease,3.00,0.75
Bondapalli,Bondapalli,Baviri reddivani banda,SS,GP,Lease,3.00,0.75
Bondapalli,Bondapalli,Chapa banda,SS,GP,Lease,2.00,0.50
Bondapalli,Bondapalli,Bariki tan,SS,GP,Lease,4.00,1.00
Bondapalli,BOndapalli,Chinthala,SS,GP,Lease,3.00,0.75
Bondapalli,BOndapalli,Jagganna,SS,GP,Lease,1.00,0.25
Bondapalli,BOndapalli,Komati,SS,GP,Lease,1.00,0.25
Bondapalli,NELIVADA,ANKAMMA TA,SS,GP,Auction,5.00,1.25
Bondapalli,NELIVADA,CHILAKAVAN,SS,GP,Auction,4.00,1.00
Bondapalli,NELIVADA,CHINAMRAJU,SS,GP,Auction,6.00,1.50
Bondapalli,NELIVADA,JAGAPATHIT,SS,GP,Auction,31.00,7.75
Bondapalli,NELIVADA,KOTHATANK,SS,GP,Auction,2.00,0.50
Bondapalli,NELIVADA,PAPAYYATAN,SS,GP,Auction,5.00,1.25
Bondapalli,KANIMERAKA,AVITITANK,SS,GP,Auction,3.00,0.75
Bondapalli,KANIMERAKA,AKKUNAIDUT,SS,GP,Auction,3.00,0.75
Bondapalli,KANIMERAKA,BOLUSUBAND,SS,GP,Auction,1.00,0.25
Bondapalli,KANIMERAKA,BORUVANITA,SS,GP,Auction,1.00,0.25
Bondapalli,KANIMERAKA,AMPAVANITA,SS,GP,Auction,4.00,1.00
Bondapalli,KANIMERAKA,JAGGUVANIT,SS,GP,Auction,4.00,1.00
Bondapalli,KANIMERAKA,KOTHATANK,SS,GP,Auction,2.00,0.50
Bondapalli,KANIMERAKA,KOTHABANDA,SS,GP,Auction,2.00,0.50
Bondapalli,KANIMERAKA,MANGALIBAN,SS,GP,Auction,1.00,0.25
Bondapalli,KANIMERAKA,RAMANABAND,SS,GP,Auction,3.00,0.75
Bondapalli,KANIMERAKA,SEETHANANA,SS,GP,Auction,2.00,0.50
Bondapalli,KANIMERKA,YERRIBANDA,SS,GP,Auction,1.00,0.25
Bondapalli,KANIMERAKA,AKKAMMATAN,SS,GP,Auction,2.00,0.50
Bondapalli,KANIMERAKA,NAGOJIBAND,SS,GP,Auction,2.00,0.50
Bondapalli,DEVUPALLI,BUDAGAVANI,SS,GP,Auction,1.00,0.25
Bondapalli,DEVUPALLI,BARIKIBAND,SS,GP,Auction,1.00,0.25
Bondapalli,DEVUPALLI,CHAKALITAN,SS,GP,Auction,1.00,0.25
Bondapalli,DEVUPALLI,DASARIVANI,SS,GP,Auction,1.00,0.25
Bondapalli,DEVUPALLI,CHINTABAND,SS,GP,Auction,1.00,0.25
Bondapalli,DEVUPALLI,CHALLAVANI,SS,GP,Auction,1.00,0.25
Bondapalli,DEVUPALLI,DEGABANDA,SS,GP,Auction,2.00,0.50
Bondapalli,DEVUUPALLI,DASARIBAND,SS,GP,Auction,1.00,0.25
Bondapalli,DEVUPALLI,GEDDACHERU,SS,GP,Auction,2.00,0.50
Bondapalli,DEVUPALLI,GATTUCHERU,SS,GP,Auction,3.00,0.75
Bondapalli,DEVUPALLI,DURGAPPACH,SS,GP,Auction,1.00,0.25
Bondapalli,DEVUPALLI,ITUKALIBAN,SS,GP,Auction,1.00,0.25
Bondapalli,DEVUPALLI,GADELAVANI,SS,GP,Auction,1.00,0.25
Bondapalli,DEVUPALLI,GOLLAKULAT,SS,GP,Auction,1.00,0.25
Bondapalli,DEVUPALLI,GAVARANIBA,SS,GP,Auction,1.00,0.25
Bondapalli,DEVUPALLI,GEDDAPUNU,SS,GP,Auction,1.00,0.25
Bondapalli,DEVUPALLI,GEDELA TAN,SS,GP,Auction,1.00,0.25
Bondapalli,DEVUPALLI,GAJUCHERUV,SS,GP,Auction,1.00,0.25
Bondapalli,DEVUUPALLI,GIRIBBATLA,SS,GP,Auction,1.00,0.25
Bondapalli,DEVUPALLI,JAGATIBAND,SS,GP,Auction,1.00,0.25
Bondapalli,DEVUPALLI,JAGGAYYATA,SS,GP,Auction,1.00,0.25
Bondapalli,DEVUPALLI,JAGGAMVANI,SS,GP,Auction,1.00,0.25
Bondapalli,DEVUPALLI,JANAKIRAMA,SS,GP,Auction,1.00,0.25
Bondapalli,DEVUUPALLI,JOGIVANICH,SS,GP,Auction,1.00,0.25
Bondapalli,DEVUPALLI,KOLLAVANIB,SS,GP,Auction,1.00,0.25
Bondapalli,DEVUUPALLI,KAMARAJUTA,SS,GP,Auction,1.00,0.25
Bondapalli,DEVUPALLI,KALAVANITA,SS,GP,Auction,1.00,0.25
Bondapalli,DEVUPALLI,KOTHACHERU,SS,GP,Auction,1.00,0.25
Bondapalli,DEVUPALLI,KALAMRAJUTANK,SS,GP,Auction,1.00,0.25
Bondapalli,DEVUPALLI,TADIBANDA,SS,GP,Auction,1.00,0.25
Bondapalli,DEVUPALLI,KESIVANICH,SS,GP,Auction,1.00,0.25
Bondapalli,DEVUPALLI,GOLUGUVANI,SS,GP,Auction,1.00,0.25
Bondapalli,DEVUUPALLI,MUSALAYYA,SS,GP,Auction,1.00,0.25
Bondapalli,DEVUPALLI,MUSALIVANI,SS,GP,Auction,2.00,0.50
Bondapalli,DEVUPALLI,NELEKACHER,SS,GP,Auction,2.00,0.50
Bondapalli,DEVUPALLI,MERAKABAND,SS,GP,Auction,1.00,0.25
Bondapalli,DEVUPALLI,NAGAMMACHE,SS,GP,Auction,1.00,0.25
Bondapalli,DEVUPALLI,RATNAVANIC,SS,GP,Auction,2.00,0.50
Bondapalli,DEVUPALLI,PAMULAVANI,SS,GP,Auction,2.00,0.50
Bondapalli,DEVUPALLI,POLIBANDA,SS,GP,Auction,1.00,0.25
Bondapalli,DEVUPALLI,RAJAMANITA,SS,GP,Auction,1.00,0.25
Bondapalli,DEVUPALLI,RAMAYYATAN,SS,GP,Auction,1.00,0.25
Bondapalli,DEVUPALLI,VV TANK,SS,GP,Auction,1.00,0.25
Bondapalli,DEVUPALLI,SEETANNATA,SS,GP,Auction,1.00,0.25
Bondapalli,DEVUPALLI,SWARUDU TA,SS,GP,Auction,1.00,0.25
Bondapalli,DEVUPALLI,SURAPPABAN,SS,GP,Auction,1.00,0.25
Bondapalli,DEVUPALLI,VADDIVANIT,SS,GP,Auction,1.00,0.25
Bondapalli,DEVUPALLI,CHLNRAJU TANK,SS,GP,Auction,2.00,0.50
Bondapalli,DEVUPALLI,GOPAL TANK,SS,GP,Auction,3.00,0.75
Bondapalli,DEVUPALLI,NAGARAJU TANK,SS,GP,Auction,4.00,1.00
Bondapalli,DEVUPALLI,REDDY TANK,SS,GP,Auction,2.00,0.50
Bondapalli,DEVUPALLI,REVU BANDA,SS,GP,Auction,3.00,0.75
Bondapalli,DEVUPALLI,VADDADI TANK,SS,GP,Auction,2.00,0.50
Bondapalli,DEVUPALLI,JAGGU BANDA,SS,GP,Auction,3.00,0.75
Bondapalli,DEVUPALLI,YETI TANK,SS,GP,Auction,2.00,0.50
Bondapalli,GITTUPALLI,KONDABANDA,SS,GP,Auction,1.00,0.25
Bondapalli,GITTUPALLI,KORLAVANIT,SS,GP,Auction,4.00,1.00
Bondapalli,GITTUPALLI,MALLAYYATA,SS,GP,Auction,1.00,0.25
Bondapalli,GITTUPALLI,MALLAPURAJ,SS,GP,Auction,1.00,0.25
Bondapalli,GITTUPALLI,SOMULUTANK,SS,GP,Auction,1.00,0.25
Bondapalli,GITTUPALLI,KONABANDA,SS,GP,Auction,5.00,1.25
Bondapalli,CHINATAMARAPALLI,KOMATICHER,SS,GP,Auction,2.00,0.50
Bondapalli,CHINATAMARAPALLI,KAMSALIBAN,SS,GP,Auction,2.00,0.50
Bondapalli,CHINATAMARAPALLI,MAVUDI TAN,SS,GP,Auction,3.00,0.75
Bondapalli,RACHAKINDOM,AMADALABA,SS,GP,Auction,2.00,0.50
Bondapalli,RACHAKINDOM,BODIBANDA,SS,GP,Auction,2.00,0.50
Bondapalli,RACHAKINDOM,BARIKIBAND,SS,GP,Auction,1.00,0.25
Bondapalli,RACHAKINDOM,BV TANK,SS,GP,Auction,4.00,1.00
Bondapalli,Raindram,Jaggutank,SS,GP,Auction,2.00,0.50
Bondapalli,RAindram,Kamayya,SS,GP,Auction,2.00,0.50
Bondapalli,RAindram,Lakshmi ra,SS,GP,Auction,1.00,0.25
Bondapalli,RAindram,VAsavivani,SS,GP,Auction,1.00,0.25
Bondapalli,Raindram,Suranna,SS,GP,Auction,1.00,0.25
Bondapalli,RAindram,Tamminaidu,SS,GP,Auction,1.00,0.25
Bondapalli,RAindram,Vasadhi,SS,GP,Auction,1.00,0.25
Bondapalli,Raindram,vasireddi tank,SS,GP,Auction,1.00,0.25
Bondapalli,Raindram,Kaparapuvani tank,SS,GP,Auction,7.00,1.75
Bondapalli,K Agraharam,Gummadi,SS,GP,Auction,2.00,0.50
Bondapalli,K Agraharam,Gopanna,SS,GP,Auction,1.00,0.25
Bondapalli,K Agraharam,Godi banda,SS,GP,Auction,4.00,1.00
Bondapalli,K Agraharam,Kondasagar,SS,GP,Auction,3.00,0.75
Bondapalli,K Agraharam,Kothatank,SS,GP,Auction,1.00,0.25
Bondapalli,K Agraharam,Karrivani tank,SS,GP,Auction,2.00,0.50
Bondapalli,K Agraharam,Kothabanda,SS,GP,Auction,1.00,0.25
Bondapalli,K Agraharam,Marrigumadam tank,SS,GP,Auction,2.00,0.50
Bondapalli,K Agraharam,Yegula tan,SS,GP,Auction,3.00,0.75
Bondapalli,K Agraharam,Mani Banda,SS,GP,Auction,2.00,0.50
Bondapalli,K Agraharam,Neduraband,SS,GP,Auction,1.00,0.25
Bondapalli,K Agraharam,Patabanda,SS,GP,Auction,2.00,0.50
Bondapalli,K Agraharam,Papa Tank,SS,GP,Auction,2.00,0.50
Bondapalli,K Agraharam,Pathibanda,SS,GP,Auction,1.00,0.25
Bondapalli,K Agraharam,Pativani tank,SS,GP,Auction,2.00,0.50
Bondapalli,K Agraharam,RAmasagaram,SS,GP,Auction,2.00,0.50
Bondapalli,K Agraharam,Revallatank,SS,GP,Auction,2.00,0.50
Bondapalli,K Agraharam,Ramaraju,SS,GP,Auction,3.00,0.75
Bondapalli,K Agraharam,Sunkari vani banda,SS,GP,Auction,2.00,0.50
Bondapalli,K Agraharam,Thalla tank,SS,GP,Auction,2.00,0.50
Bondapalli,K Agrahram,Vungarala tank,SS,GP,Auction,1.00,0.25
Bondapalli,K Agraharam,Yathalatank,SS,GP,Auction,1.00,0.25
Bondapalli,K Agraharam,Varrivani,SS,GP,Auction,2.00,0.50
Bondapalli,k agraharam,budaga banda,SS,GP,Auction,2.00,0.50
Bondapalli,k agraharam,bariki banda,SS,GP,Auction,2.00,0.50
Bondapalli,K agraharam,chinta banda,SS,GP,Auction,1.00,0.25
Bondapalli,Ambativalasa,yeera tank,SS,GP,Auction,1.00,0.25
Bondapalli,Ambativalasa,Vemalavala,SS,GP,Auction,1.00,0.25
Bondapalli,Ambativalsa,KELLAVANI TANK,SS,GP,Auction,4.00,1.00
Bondapalli,ayyana agraharam,gundala tank,SS,GP,Auction,3.00,0.75
Bondapalli,ayana agaraharam,patruvanitank,SS,GP,Auction,1.00,0.25
Bondapalli,A agraharam,kotharajuvanitank,SS,GP,Auction,1.00,0.25
Bondapalli,Billalavalasa,Barikiband,SS,GP,Auction,1.00,0.25
Bondapalli,Billalavalasa,BATTULA KONERU,SS,GP,Auction,2.00,0.50
Bondapalli,BILLALAVALASA,DALINAIDUT,SS,GP,Auction,2.00,0.50
Bondapalli,BILLALAVALASA,KURMA SAGA,SS,GP,Auction,2.00,0.50
Bondapalli,BILLALAVALASA,KAMASALIBA,SS,GP,Auction,1.00,0.25
Bondapalli,BILLALAVALASA,KANNAMNAID,SS,GP,Auction,3.00,0.75
Bondapalli,BILLALAVALASA,KORLA TANK,SS,GP,Auction,5.00,1.25
Bondapalli,BILLALAVALASA,KOTHABANDA,SS,GP,Auction,1.00,0.25
Bondapalli,BILLALAVASALA,MANGALIGED,SS,GP,Auction,1.00,0.25
Bondapalli,BILLALAVALASA,NALLIBANDA,SS,GP,Auction,1.00,0.25
Bondapalli,BILLALAVALASA,RAVALLABAN,SS,GP,Auction,6.00,1.50
Bondapalli,BILLALAVALASA,TIWABANDA,SS,GP,Auction,5.00,1.25
Bondapalli,BILLALAVALASA,VENKATA TANK,SS,GP,Auction,2.00,0.50
Bondapalli,BILLALAVALASA,YERRABANDA,SS,GP,Auction,2.00,0.50
Bondapalli,BOndapalli,Chintabanda,SS,GP,Auction,3.00,0.75
Bondapalli,Bondapalli,Gollavani,SS,GP,Auction,1.00,0.25
Bondapalli,Bondapalli,Mangala banda,SS,GP,Auction,2.00,0.50
Bondapalli,Bondapalli,Kenguva,SS,GP,Auction,1.00,0.25
Bondapalli,BOndapalli,Kasu tank,SS,GP,Auction,1.00,0.25
Bondapalli,Bondapalli,Noothula,SS,GP,Auction,1.00,0.25
Bondapalli,Bondapalli,REddy band,SS,GP,Auction,1.00,0.25
Bondapalli,Bondapalli,Vootla Banda,SS,GP,Auction,1.00,0.25
Bondapalli,Bondapalli,Sairabai,SS,GP,Auction,2.00,0.50
Bondapalli,Bondapalli,Ambativa,SS,GP,Auction,1.00,0.25
Bondapalli,GARUDABELLI,ISAKARAJU,SS,GP,Auction,12.00,3.00
Bondapalli,GARUDABELLI,PEDARAJUTA,SS,GP,Auction,9.00,2.25
Bondapalli,GARUDABELLI,KOTA TANK,SS,GP,Auction,4.00,1.00
Bondapalli,GARUDABELLI,MAMIDI BAN,SS,GP,Auction,7.00,1.75
Bondapalli,GARUDABELLI,MANGALI BA,SS,GP,Auction,2.00,0.50
Bondapalli,GARUDABELLI,NARAYANASA,SS,GP,Auction,6.00,1.50
Bondapalli,GARUDABELLI,THOTAVANIT,SS,GP,Auction,3.00,0.75
Bondapalli,GOTLAM,APPALARAJU,SS,GP,Auction,1.00,0.25
Bondapalli,GOTLAM,BARIKIVANI,SS,GP,Auction,1.00,0.25
Bondapalli,GOTLAM,KONDALATAN,SS,GP,Auction,1.00,0.25
Bondapalli,GOTLAM,KOTARAPU T,SS,GP,Auction,2.00,0.50
Bondapalli,GOTLAM,PALABANDA,SS,GP,Auction,3.00,0.75
Bondapalli,GOTLAM,MANGALITAN,SS,GP,Auction,1.00,0.25
Bondapalli,GOTLAM,POONUTANK,SS,GP,Auction,3.00,0.75
Bondapalli,GOTLAM,RAJUTANK,SS,GP,Auction,1.00,0.25
Bondapalli,GOTLAM,SEETARAMUN,SS,GP,Auction,2.00,0.50
Bondapalli,GOTLAM,SUDDA KONE,SS,GP,Auction,1.00,0.25
Bondapalli,GOTLAM,YERRABANDA,SS,GP,Auction,2.00,0.50
Bondapalli,GOTLAM,VOORACHERU,SS,GP,Auction,3.00,0.75
Bondapalli,GOTLAM,ISUKABANDA,SS,GP,Auction,1.00,0.25
Bondapalli,GOTLAM,MANGALIBAN,SS,GP,Auction,4.00,1.00
Bondapalli,GOTLAM,KARANAM BA,SS,GP,Auction,1.00,0.25
Bondapalli,GOTLAM,BODDAVANIK,SS,GP,Auction,1.00,0.25
Bondapalli,GOTLAM,MUSIKIBAND,SS,GP,Auction,1.00,0.25
Bondapalli,Keratam,Amudalaban,SS,GP,Auction,2.00,0.50
Bondapalli,Keratam,Ambativani,SS,GP,Auction,1.00,0.25
Bondapalli,Keratam,Chintada,SS,GP,Auction,1.00,0.25
Bondapalli,Keratam,Kollavani,SS,GP,Auction,1.00,0.25
Bondapalli,Keratam,Gundam,SS,GP,Auction,2.00,0.50
Bondapalli,Keratam,Geddavani,SS,GP,Auction,3.00,0.75
Bondapalli,Keratam,Geddapuni tank,SS,GP,Auction,4.00,1.00
Bondapalli,Keratam,Gunesettivani tank,SS,GP,Auction,4.00,1.00
Bondapalli,Keratam,Injam,SS,GP,Auction,2.00,0.50
Bondapalli,Keratam,Jaggapatru,SS,GP,Auction,12.00,3.00
Bondapalli,Keratam,Karanam,SS,GP,Auction,4.00,1.00
Bondapalli,Keratam,Karrinagul,SS,GP,Auction,3.00,0.75
Bondapalli,Keratam,Komati tank,SS,GP,Auction,2.00,0.50
Bondapalli,Keratam,Kothabanda,SS,GP,Auction,1.00,0.25
Bondapalli,Keratam,Mangaliban,SS,GP,Auction,2.00,0.50
Bondapalli,Keratam,Potanna,SS,GP,Auction,63.00,15.75
Bondapalli,Ketaram,Surappa,SS,GP,Auction,2.00,0.50
Bondapalli,KONDAKINDOM,BODDA CHER,SS,GP,Auction,1.00,0.25
Bondapalli,KONDAKINDOM,KOTHA CHER,SS,GP,Auction,1.00,0.25
Bondapalli,KONDAKINDOM,LINGALA KOneru,SS,GP,Auction,1.00,0.25
Bondapalli,KONDAKINDOM,MANGALI TAnk,SS,GP,Auction,1.00,0.25
Bondapalli,KONDAKINDOM,SURANNA BAnda,SS,GP,Auction,2.00,0.50
Bondapalli,KONDAKINDOM,VURA CHERU,SS,GP,Auction,3.00,0.75
Bondapalli,Kothapalem,Krishnamma,SS,GP,Auction,4.00,1.00
Bondapalli,Kothapalem,Narasajogu,SS,GP,Auction,8.00,2.00
Bondapalli,Kothapalem,pata tank,SS,GP,Auction,4.00,1.00
Bondapalli,M Kothavalasa,Bapiraju,SS,GP,Auction,5.00,1.25
Bondapalli,M Kothavalasa,Bandi tank,SS,GP,Auction,1.00,0.25
Bondapalli,M Kothavalsa,Dasarivani,SS,GP,Auction,6.00,1.50
Bondapalli,M Kothavalsa,Kothapuri,SS,GP,Auction,7.00,1.75
Bondapalli,M Kothavalasa,Patha tank,SS,GP,Auction,2.00,0.50
Bondapalli,M Kothavalasa,Raju tank,SS,GP,Auction,3.00,0.75
Bondapalli,Maruvada,Boddu Appaya tank,SS,GP,Auction,1.00,0.25
Bondapalli,Maruvada,Barika ban,SS,GP,Auction,2.00,0.50
Bondapalli,Maruvada,Dasarivani,SS,GP,Auction,2.00,0.50
Bondapalli,Maruvada,Kasipathi,SS,GP,Auction,2.00,0.50
Bondapalli,Maruvada,Kuntubanda,SS,GP,Auction,2.00,0.50
Bondapalli,Maruvada,Kotaparthivani tank,SS,GP,Auction,3.00,0.75
Bondapalli,Maruvada,Korupunani,SS,GP,Auction,2.00,0.50
Bondapalli,Maruvada,Kovvada ta,SS,GP,Auction,1.00,0.25
Bondapalli,Maruvada,Nagaraju,SS,GP,Auction,3.00,0.75
Bondapalli,Maruvada,Reddivani,SS,GP,Auction,2.00,0.50
Bondapalli,Maruvada,Vudumula,SS,GP,Auction,3.00,0.75
Bondapalli,Maruvada,Bodduvani,SS,GP,Auction,3.00,0.75
Bondapalli,Maruvada,Jangamvani,SS,GP,Auction,5.00,1.25
Bondapalli,Maruvada,Raju tank,SS,GP,Auction,3.00,0.75
Bondapalli,Maruvada,Seetayya,SS,GP,Auction,4.00,1.00
Bondapalli,Mudduru,Godibonda,SS,GP,Auction,1.00,0.25
Bondapalli,Mudduru,Koneru Ban,SS,GP,Auction,3.00,0.75
Bondapalli,Mudduru,Kallevani,SS,GP,Auction,2.00,0.50
Bondapalli,Mudduru,Nalla cheruvu,SS,GP,Auction,2.00,0.50
Bondapalli,Mudduru,Kotha banda,SS,GP,Auction,3.00,0.75
Bondapalli,Ompalli,Yarra tank,SS,GP,Auction,1.00,0.25
Bondapalli,Ompalli,Mangamma,SS,GP,Auction,2.00,0.50
Bondapalli,Ompalli,Kerri tank,SS,GP,Auction,1.00,0.25
Bondapalli,Ompalli,BOdda tank,SS,GP,Auction,5.00,1.25
Bondapalli,Ompalli,Mallayya,SS,GP,Auction,3.00,0.75
Bondapalli,Ompalli,Patha tank,SS,GP,Auction,3.00,0.75
Bondapalli,Ompalli,Ramaraju,SS,GP,Auction,4.00,1.00
Bondapalli,VEDURUVADA,PAMUKALAVA,SS,GP,Auction,7.00,1.75
Bondapalli,VEDURUVADA,KETHATANK,SS,GP,Auction,2.00,0.50
Bondapalli,VEDURUVADA,KOTHACHERU,SS,GP,Auction,2.00,0.50
Bondapalli,VEDURUVADA,LAKSHMISAG,SS,GP,Auction,5.00,1.25
Bondapalli,VEDURUVADA,MEERASITAN,SS,GP,Auction,1.00,0.25
Bondapalli,VEDURUVADA,MANCHINEEL,SS,GP,Auction,2.00,0.50
Bondapalli,VEDURUVADA,NARAYANASA,SS,GP,Auction,5.00,1.25
Bondapalli,VEDURUVADA,PEETALABAN,SS,GP,Auction,1.00,0.25
Bondapalli,VEDURUVADA,SOMIDIBAND,SS,GP,Auction,2.00,0.50
Bondapalli,VEDURUVADA,VEPABANDA,SS,GP,Auction,2.00,0.50
Bondapalli,VEDURUVADA,YEDLABANDA,SS,GP,Auction,2.00,0.50
Bondapalli,VENDRAM,KASITANK,SS,GP,Auction,3.00,0.75
Bondapalli,VENDRAM,KOTHATANK,SS,GP,Auction,2.00,0.50
Bondapalli,VENDRAM,CHALLAPUVANI TANK,SS,GP,Auction,7.00,1.75
Bondapalli,VENDRAM,SITAMMATAN,SS,GP,Auction,1.00,0.25
Bondapalli,VENDRAM,VENKATASAG,SS,GP,Auction,1.00,0.25
Bondapalli,VENDRAM,VOOTAKONER,SS,GP,Auction,2.00,0.50
Bondapalli,VENDRAM,VEDULATANK,SS,GP,Auction,2.00,0.50
Bondapalli,VENDRAM,BOGIVANITA,SS,GP,Auction,7.00,1.75
Bondapalli,Gumadam,Mamidi,SS,GP,Auction,4.00,1.00
Bondapalli,Gumadam,Pujari,SS,GP,Auction,4.00,1.00
Dattirajeru,D.rajeru,Viziaramasagaram,LS,MI,Lease,40,20.00
Dattirajeru,Viziaramapuram,Gopinadpatanaikuni tank,LS,MI,Lease,32,16.00
Dattirajeru,komatipalli,Narayana tank,SS,MI,Lease,32,8.00
Dattirajeru,krishnapuram,Byari sagaram,SS,MI,Lease,40,10.00
Dattirajeru,vindyavasi,Narayanaraju tank,SS,MI,Lease,40,10.00
Dattirajeru,Peddamanapuram,Jaggaraju tank,SS,MI,Lease,32,8.00
Dattirajeru ,Chinna chamalapalli,Ramunaidu tank,SS,GP,Lease,10.00,2.50
Dattirajeru ,Chinna chamalapalli,Reddivani banda,SS,GP,Lease,5.50,1.38
Dattirajeru ,Chinna chamalapalli,Raju banda,SS,GP,Lease,1.00,0.25
Dattirajeru ,Chinna chamalapalli,Tallankivani tank,SS,GP,Lease,2.00,0.50
Dattirajeru ,Chinna chamalapalli,Gadabala banda,SS,GP,Lease,9.00,2.25
Dattirajeru ,Chinna chamalapalli,Joganna banda,SS,GP,Lease,2.50,0.63
Dattirajeru ,Chinna chamalapalli,Pallikila banda,SS,GP,Lease,4.00,1.00
Dattirajeru ,Chinna chamalapalli,Uppala koneru,SS,GP,Lease,3.00,0.75
Dattirajeru ,Chinna chamalapalli,Somalamma tank,SS,GP,Lease,3.50,0.88
Dattirajeru ,Chinna chamalapalli,Mangali banda,SS,GP,Lease,2.50,0.63
Dattirajeru ,Chinna chamalapalli,Kamsali banda,SS,GP,Lease,10.00,2.50
Dattirajeru ,Chinna chamalapalli,Laxmi sagaram,SS,GP,Lease,1.00,0.25
Dattirajeru ,Chinna chamalapalli,Chowdarila tank,SS,GP,Lease,1.00,0.25
Dattirajeru ,Chinna chamalapalli,Turakala tank,SS,GP,Lease,9.00,2.25
Dattirajeru ,Chinna chamalapalli,Voora tank,SS,GP,Lease,1.00,0.25
Dattirajeru ,Chinna chamalapalli,Gedda banda,SS,GP,Lease,3.00,0.75
Dattirajeru ,Chinna chamalapalli,Nookada tank,SS,GP,Lease,11.00,2.75
Dattirajeru ,Chinna chamalapalli,Cheviti banda,SS,GP,Lease,23.00,5.75
Dattirajeru ,Vindyavasi,Chakradara vani tank,SS,GP,Lease,2.00,0.50
Dattirajeru ,Vindyavasi,Rombavani tank,SS,GP,Lease,3.00,0.75
Dattirajeru,VIDHAYAVASI,MARIVANI TANK,SS,GP,Lease,2.00,0.50
Dattirajeru,VINDHAYAVASI,MARADAVANI TANK,SS,GP,Lease,3.00,0.75
Dattirajeru,VINDHAYAVASI,MAMIDI NARAYANA TANK,SS,GP,Lease,4.00,1.00
Dattirajeru ,V.Krishnapuram,Chakali/kotha koneru,SS,GP,Lease,2.00,0.50
Dattirajeru,V KRISHNAPURAM,MARADAVANITANK,SS,GP,Lease,1.00,0.25
Dattirajeru,V KRISHNAPURAM,MUSIDIPULIVANITANK,SS,GP,Lease,2.00,0.50
Dattirajeru,V KRISHNAPURAM,PATHATANK,SS,GP,Lease,1.00,0.25
Dattirajeru,V KRISHNAPURAM,GUDATANK,SS,GP,Lease,1.00,0.25
Dattirajeru ,Maradam,Marrivalasa koneru,SS,GP,Lease,2.00,0.50
Dattirajeru ,Maradam,Ragi tank,SS,GP,Lease,3.00,0.75
Dattirajeru ,Maradam,Gundala tank,SS,GP,Lease,4.00,1.00
Dattirajeru ,Maradam,Rajugari tank,SS,GP,Lease,4.00,1.00
Dattirajeru,MARADAM,KARRIVANI,SS,GP,Lease,3.00,0.75
Dattirajeru,MARADAM,JANGALVANI,SS,GP,Lease,3.00,0.75
Dattirajeru,MARADAM,PEDDAVANI,SS,GP,Lease,5.00,1.25
Dattirajeru ,Pedakada,Ravavani tank,SS,GP,Lease,3.00,0.75
Dattirajeru ,Pedakada,Cheri tank,SS,GP,Lease,2.00,0.50
Dattirajeru ,Pedakada,Panchadara tank,SS,GP,Lease,1.00,0.25
Dattirajeru ,Pedakada,Tenala tank,SS,GP,Lease,1.00,0.25
Dattirajeru ,Pedakada,Yeguva mangala tank,SS,GP,Lease,1.50,0.38
Dattirajeru ,Pedakada,Deguva mangala tank,SS,GP,Lease,2.50,0.63
Dattirajeru ,Pedakada,Kamsali tank,SS,GP,Lease,2.50,0.63
Dattirajeru ,Pedakada,Yeguva appanna tank,SS,GP,Lease,2.00,0.50
Dattirajeru ,Pedakada,Rivva tank,SS,GP,Lease,1.50,0.38
Dattirajeru ,Pedakada,Garlapati tank,SS,GP,Lease,2.00,0.50
Dattirajeru ,Pedakada,Chukka vani tank,SS,GP,Lease,3.00,0.75
Dattirajeru ,Pedakada,Chakali  tank,SS,GP,Lease,1.00,0.25
Dattirajeru ,Pedakada,Deguva appanna tank,SS,GP,Lease,2.00,0.50
Dattirajeru ,Pedakada,Kotha tank,SS,GP,Lease,1.00,0.25
Dattirajeru,PEDAKADA,NOOKAMMA TANK,SS,GP,Lease,1.00,0.25
Dattirajeru,PEDAKADA,PANCHADARALA KONERU,SS,GP,Lease,1.00,0.25
Dattirajeru,PEDAKADA,GOPANA TANK,SS,GP,Lease,2.00,0.50
Dattirajeru,PEDAKADA,NAGIREDDIVANI TANK,SS,GP,Lease,1.00,0.25
Dattirajeru,PEDAKADA,KUMMARI TANK,SS,GP,Lease,1.00,0.25
Dattirajeru,PEDAKADA,BONUVANI TANK,SS,GP,Lease,4.00,1.00
Dattirajeru,PEDAKADA,BURJA TANK,SS,GP,Lease,2.00,0.50
Dattirajeru,VIDHAYAVASI,MANGALA BANDA,SS,GP,Auction,2.00,0.50
Dattirajeru,VNDHAYAVASI,CHAKALA BANDA,SS,GP,Auction,1.00,0.25
Dattirajeru,VINDHAYAVASI,CHUKKAVANI TANK,SS,GP,Auction,1.00,0.25
Dattirajeru,VIDHAYAVASI,RAMAVANI TANK,SS,GP,Auction,3.00,0.75
Dattirajeru,MARADAM,BAPIDIVANT,SS,GP,Auction,2.00,0.50
Dattirajeru,MARADAM,AMMAMA,SS,GP,Auction,2.00,0.50
Dattirajeru,MARADAM,CHENCNU,SS,GP,Auction,3.00,0.75
Dattirajeru,MARADAM,CHAKANA,SS,GP,Auction,1.00,0.25
Dattirajeru,MARADAM,SANYASI,SS,GP,Auction,2.00,0.50
Dattirajeru,MARADAM,KOTHA,SS,GP,Auction,2.00,0.50
Dattirajeru,MARADAM,KOLLIROWTH,SS,GP,Auction,2.00,0.50
Dattirajeru,MARADAM,LAKSHMANA,SS,GP,Auction,3.00,0.75
Dattirajeru,MARADAM,JONNADA,SS,GP,Auction,1.00,0.25
Dattirajeru,MARADAM,ATCHAMMA,SS,GP,Auction,1.00,0.25
Dattirajeru,MARADAM,AYYAVANI,SS,GP,Auction,1.00,0.25
Dattirajeru,MARADAM,PATI,SS,GP,Auction,3.00,0.75
Dattirajeru,MARADAM,LAKHMI,SS,GP,Auction,2.00,0.50
Dattirajeru,MARADAM,SOMAPPA,SS,GP,Auction,2.00,0.50
Dattirajeru,MARADAM,SEERAPUVAN,SS,GP,Auction,3.00,0.75
Dattirajeru,MARADAM,KELLAVANI,SS,GP,Auction,2.00,0.50
Dattirajeru,MARADAM,MADAPAKA,SS,GP,Auction,1.00,0.25
Dattirajeru,MARADAM,YENDRIBAND,SS,GP,Auction,1.00,0.25
Dattirajeru,MARADAM,BARIKIBAND,SS,GP,Auction,1.00,0.25
Dattirajeru,MARADAM,POTHULA,SS,GP,Auction,1.00,0.25
Dattirajeru,MARADAM,PEREPETHI,SS,GP,Auction,2.00,0.50
Dattirajeru,MARADAM,SINGARAJU,SS,GP,Auction,1.00,0.25
Dattirajeru,MARADAM,BUTCHAMMA,SS,GP,Auction,3.00,0.75
Dattirajeru,MARADAM,SARABABU,SS,GP,Auction,2.00,0.50
Dattirajeru,MARADAM,KOMATIBAND,SS,GP,Auction,1.00,0.25
Dattirajeru,MARADAM,KAMSALI,SS,GP,Auction,2.00,0.50
Dattirajeru,MARADAM,MANGALA,SS,GP,Auction,2.00,0.50
Dattirajeru,MARADAM,LAKSHMU,SS,GP,Auction,4.00,1.00
Dattirajeru,MARADAM,SEETHARAM,SS,GP,Auction,5.00,1.25
Dattirajeru,PEDAKADA,KARRIVANI TANK,SS,GP,Auction,3.00,0.75
Dattirajeru,PEDAKADA,SEERI TANK,SS,GP,Auction,1.00,0.25
Dattirajeru,PEDAKADA,MANGALLI TANK,SS,GP,Auction,2.00,0.50
Dattirajeru,PEDAKADA,THURUKALA BANDA,SS,GP,Auction,1.00,0.25
Dattirajeru,PEDAKADA,MANGALA BANDA,SS,GP,Auction,2.00,0.50
Dattirajeru,PEDAKADA,GUNDAM TANK,SS,GP,Auction,4.00,1.00
Dattirajeru,BHUPALARAJAPUARAM,VOOTAVANI TANK,SS,GP,Auction,2.00,0.50
Dattirajeru,BHUPALARAJAPURAM,ALLAMNAIDU TANK,SS,GP,Auction,1.00,0.25
Dattirajeru,BHUPALARAJAPURAM,JOGIRAJO CHERUVU,SS,GP,Auction,3.00,0.75
Dattirajeru,BHUPALARAJAPURAM,KARRI TANK,SS,GP,Auction,3.00,0.75
Dattirajeru,BHUPALARAJAPURAM,BODI BANDA,SS,GP,Auction,2.00,0.50
Dattirajeru,china chamalapalli,mangali banda,SS,GP,Auction,1.00,0.25
Dattirajeru,CHOWDANTAVALASA,MARADAVANI TANK,SS,GP,Auction,3.00,0.75
Dattirajeru,CHOWDANTAVALASA,JOGINAIDU TANK,SS,GP,Auction,2.00,0.50
Dattirajeru,CHOWDANTAVALASA,MARPINAIDU TANK,SS,GP,Auction,3.00,0.75
Dattirajeru,CHOWDANTAVALASA,CHAVALA CHERUVU,SS,GP,Auction,5.00,1.25
Dattirajeru,CHOWDANTAVALASA,KAMESHU BANDA,SS,GP,Auction,2.00,0.50
Dattirajeru,CHOWDANTAVALASA,ASAMALA BANDA,SS,GP,Auction,1.00,0.25
Dattirajeru,CHOWDANTAVALASA,PANUKU BANDA,SS,GP,Auction,2.00,0.50
Dattirajeru,CHOWDANTAVALASA,GEDDALA BANDA,SS,GP,Auction,1.00,0.25
Dattirajeru,CHOWDANTAVALASA,REDDIVANI CHERUVU,SS,GP,Auction,7.00,1.75
Dattirajeru,CHOWDANTAVALASA,TUMMALA TANK,SS,GP,Auction,6.00,1.50
Dattirajeru,CHOWDANTAVALASA,KUMIDIVANI BANDA,SS,GP,Auction,3.00,0.75
Dattirajeru,DASUPETA,POONU TANK,SS,GP,Auction,4.00,1.00
Dattirajeru,DASUPETA,RELLIVANI TANK,SS,GP,Auction,3.00,0.75
Dattirajeru,DATTI,KRISHNASAGARAM,SS,GP,Auction,5.00,1.25
Dattirajeru,DATTI,PACHCHIBANADA,SS,GP,Auction,2.00,0.50
Dattirajeru,DATTI,KOTTATANK,SS,GP,Auction,1.00,0.25
Dattirajeru,DATTI,KONERUCHERUVU,SS,GP,Auction,1.00,0.25
Dattirajeru,DATTI,VANDAVARAPUTANK,SS,GP,Auction,2.00,0.50
Dattirajeru,DATTI,KOTTATANK,SS,GP,Auction,2.00,0.50
Dattirajeru,DATTI,PORALITANK,SS,GP,Auction,3.00,0.75
Dattirajeru,DATTI,PANKULABANDA,SS,GP,Auction,3.00,0.75
Dattirajeru,DATTI,YALLA M NAIDU TANK,SS,GP,Auction,3.00,0.75
Dattirajeru,DATTI,YERRAIMATAMK,SS,GP,Auction,2.00,0.50
Dattirajeru,DATTI,BATHUPATANK,SS,GP,Auction,1.00,0.25
Dattirajeru,DATTI,VENKATASAGARAM,SS,GP,Auction,1.00,0.25
Dattirajeru,DATTI,SANKAIABANDA,SS,GP,Auction,1.00,0.25
Dattirajeru,DATTI,SIMHADRIVANITANK,SS,GP,Auction,1.00,0.25
Dattirajeru,DATTI,MEESLAVANITANK,SS,GP,Auction,1.00,0.25
Dattirajeru,DATTI,BARRITANK,SS,GP,Auction,2.00,0.50
Dattirajeru,dattirajeru,Ramaswami,SS,GP,Auction,2.00,0.50
Dattirajeru,GADASAM,MUSIDI BAN,SS,GP,Auction,3.00,0.75
Dattirajeru,GADASAM,RAYAPADORA,SS,GP,Auction,2.00,0.50
Dattirajeru,GADASAM,MURAGADA B,SS,GP,Auction,1.00,0.25
Dattirajeru,GADASAM,KOMAT BAND,SS,GP,Auction,1.00,0.25
Dattirajeru,GADASAM,PADALA BAN,SS,GP,Auction,1.00,0.25
Dattirajeru,GADASAM,BATIKA BAN,SS,GP,Auction,1.00,0.25
Dattirajeru,GADASAM,TELIKALA B,SS,GP,Auction,1.00,0.25
Dattirajeru,GADASAM,DDHARAM SA,SS,GP,Auction,3.00,0.75
Dattirajeru,GADASAM,LAKSHMUNAI,SS,GP,Auction,4.00,1.00
Dattirajeru,GADASAM,GODI BANDA,SS,GP,Auction,1.00,0.25
Dattirajeru,GADASAM,VOORA TANK,SS,GP,Auction,7.00,1.75
Dattirajeru,GOBHYAM,CHAKALITANK,SS,GP,Auction,3.00,0.75
Dattirajeru,GOBHYAM,KABSALI TANK,SS,GP,Auction,1.00,0.25
Dattirajeru,GOBHYAM,KOTHATANK,SS,GP,Auction,1.00,0.25
Dattirajeru,GOBHYAM,TIVVA TANK,SS,GP,Auction,2.00,0.50
Dattirajeru,GOBHYAM,GEDDAPUVANI TANK,SS,GP,Auction,6.00,1.50
Dattirajeru,GOBHYAM,YERRIREDDIVANITANK,SS,GP,Auction,8.00,2.00
Dattirajeru,GOBHYAM,BAGGIPOONU,SS,GP,Auction,2.00,0.50
Dattirajeru,GOBHYAM,ALGUBDIVANI TANK,SS,GP,Auction,3.00,0.75
Dattirajeru,GOBHYAM,POONUCHERUVU,SS,GP,Auction,1.00,0.25
Dattirajeru,GUTCHIMI,AMMATANK,SS,GP,Auction,3.00,0.75
Dattirajeru,GUTCHIMI,CHINNA YERAKAYYA TANK,SS,GP,Auction,3.00,0.75
Dattirajeru,GUTCHIMI,TUMMIKA TANK,SS,GP,Auction,4.00,1.00
Dattirajeru,GUTCHIMI,PATHA TANK,SS,GP,Auction,1.00,0.25
Dattirajeru,GUTCHIMI,CHINTA TANK,SS,GP,Auction,1.00,0.25
Dattirajeru,GUTCHIMI,NAIDU TANK,SS,GP,Auction,2.00,0.50
Dattirajeru,GUTCHIMI,CHAKI BANDA,SS,GP,Auction,1.00,0.25
Dattirajeru,GUTCHIMI,POTHUREDDIVANI TANK,SS,GP,Auction,2.00,0.50
Dattirajeru,GUTCHIMI,REGANI BANDA,SS,GP,Auction,1.00,0.25
Dattirajeru,GUTCHIMI,ASIRI TANK,SS,GP,Auction,2.00,0.50
Dattirajeru,GUTCHIMI,YERRA TANK,SS,GP,Auction,3.00,0.75
Dattirajeru,GUTCHIMI,NEELA TANK,SS,GP,Auction,4.00,1.00
Dattirajeru,GUTCHIMI,PALUVANI TANK,SS,GP,Auction,3.00,0.75
Dattirajeru,GUTCHIMI,C R NAIDU TANK,SS,GP,Auction,8.00,2.00
Dattirajeru,GUTCHIMI,MUYHYALA BANDA,SS,GP,Auction,6.00,1.50
Dattirajeru,GUTCHIMI,MORADAVANI TANK,SS,GP,Auction,3.00,0.75
Dattirajeru,GUTCHIMI,GEDDA TANK,SS,GP,Auction,4.00,1.00
Dattirajeru,GUTCHIMI,DATTIVANI TANK,SS,GP,Auction,6.00,1.50
Dattirajeru,ingilapalli,muragada banda,SS,GP,Auction,1.00,0.25
Dattirajeru,ingilapalli,tummalabanda,SS,GP,Auction,1.00,0.25
Dattirajeru,ingilapalli,gogula banda,SS,GP,Auction,1.00,0.25
Dattirajeru,ingilapalli,patha tank,SS,GP,Auction,1.00,0.25
Dattirajeru,ingilapalli,jaggula banda,SS,GP,Auction,2.00,0.50
Dattirajeru,ingilapalli,garika banda,SS,GP,Auction,1.00,0.25
Dattirajeru,ingilapalli,bellana tank,SS,GP,Auction,2.00,0.50
Dattirajeru,ingilapalli,kamsali banda,SS,GP,Auction,1.00,0.25
Dattirajeru,ingilapalli,somula banda,SS,GP,Auction,1.00,0.25
Dattirajeru,ingilapalli,somula banda,SS,GP,Auction,1.00,0.25
Dattirajeru,ingilapalli,sasthri banda,SS,GP,Auction,1.00,0.25
Dattirajeru,ingilapalli,devuni banda,SS,GP,Auction,1.00,0.25
Dattirajeru,ingilapalli,atchanna tank,SS,GP,Auction,1.00,0.25
Dattirajeru,ingilapalli,papamma tank,SS,GP,Auction,2.00,0.50
Dattirajeru,ingilapalli,chenguvani tank,SS,GP,Auction,3.00,0.75
Dattirajeru,ingilapalli,seri tank,SS,GP,Auction,3.00,0.75
Dattirajeru,ingilapalli,muluguvani tank,SS,GP,Auction,1.00,0.25
Dattirajeru,ingilapalli,kotha tank,SS,GP,Auction,5.00,1.25
Dattirajeru,ingilapalli,kotha tank,SS,GP,Auction,5.00,1.25
Dattirajeru,ingilapalli,laxmunaidu tank,SS,GP,Auction,3.00,0.75
Dattirajeru,ingilapalli,boya vani tank,SS,GP,Auction,1.00,0.25
Dattirajeru,ingilapalli,bogula banda,SS,GP,Auction,1.00,0.25
Dattirajeru,ingilapalli,ramudu tank,SS,GP,Auction,2.00,0.50
Dattirajeru,kannam,Telekari,SS,GP,Auction,2.00,0.50
Dattirajeru,kannam,pedda tank,SS,GP,Auction,2.00,0.50
Dattirajeru,kannam,sarlavani,SS,GP,Auction,3.00,0.75
Dattirajeru,kannam,Ippabanda,SS,GP,Auction,1.00,0.25
Dattirajeru,kannam,seshudu,SS,GP,Auction,1.00,0.25
Dattirajeru,kannam,barikiband,SS,GP,Auction,1.00,0.25
Dattirajeru,kannam,gangavani,SS,GP,Auction,3.00,0.75
Dattirajeru,kannam,VOOTABAND,SS,GP,Auction,1.00,0.25
Dattirajeru,KANNAM,VANGAPANDU,SS,GP,Auction,2.00,0.50
Dattirajeru,KANNAM,PATI,SS,GP,Auction,1.00,0.25
Dattirajeru,komatipalli,vindhayavasi kaluva,SS,GP,Auction,1.00,0.25
Dattirajeru,komatipalli,rayalavani tank,SS,GP,Auction,3.00,0.75
Dattirajeru,komatipalli,brikinarayana banda,SS,GP,Auction,1.00,0.25
Dattirajeru,komatipalli,sivaramasagaram,SS,GP,Auction,3.00,0.75
Dattirajeru,komatipalli,barikibanda,SS,GP,Auction,1.00,0.25
Dattirajeru,K KOTTAVALASA,THADAVANI TANK,SS,GP,Auction,3.00,0.75
Dattirajeru,K KOTTAVALASA,KANDEVANI TANK,SS,GP,Auction,1.00,0.25
Dattirajeru,K KOTTAVALASA,MARADACHERUVU,SS,GP,Auction,2.00,0.50
Dattirajeru,K KOTHAVALASA,KAMSALABANAD,SS,GP,Auction,1.00,0.25
Dattirajeru,K KOTHAVALASA,NEELAYA CHERUVU,SS,GP,Auction,3.00,0.75
Dattirajeru,K KOTHAVALASA,GURUNAIDU TANK,SS,GP,Auction,3.00,0.75
Dattirajeru,K KOTHAVALASA,CHAVAKAVANI TANK,SS,GP,Auction,2.00,0.50
Dattirajeru,K KOTHAVALASA,BURADAVANI TANK,SS,GP,Auction,1.00,0.25
Dattirajeru,K KOTHAVALASA,KITHATA CHERUVU,SS,GP,Auction,1.00,0.25
Dattirajeru,K KOTHAVALASA,CHANDRUDU CHERUVU,SS,GP,Auction,3.00,0.75
Dattirajeru,K KOTHAVALASA,DHARMASAGARAM,SS,GP,Auction,4.00,1.00
Dattirajeru,K KOTHAVALASA,LAKSHMUNAIDU TANK,SS,GP,Auction,3.00,0.75
Dattirajeru,kkothavalasa,allaam banda,SS,GP,Auction,1.00,0.25
Dattirajeru,K KRISHNAPURAM,PULUVANI,SS,GP,Auction,4.00,1.00
Dattirajeru,K KRISHNAPURAM,CHAVANA,SS,GP,Auction,2.00,0.50
Dattirajeru,M LIGALAVALASA,THUMALA TANK,SS,GP,Auction,8.00,2.00
Dattirajeru,M LINGALAVALASA,KUMIDI BANDA,SS,GP,Auction,6.00,1.50
Dattirajeru,M LINGALAVALASA,ALAJANGAVANI KONERU,SS,GP,Auction,1.00,0.25
Dattirajeru,M LINHALAVALASA,YELLAMMA TANK,SS,GP,Auction,2.00,0.50
Dattirajeru,M LINGALAVALASA,RAJU CHERUVU,SS,GP,Auction,3.00,0.75
Dattirajeru,M LINGALAVALSA,CHINAYELLAMMA TANK,SS,GP,Auction,2.00,0.50
Dattirajeru,M LINHALAVALASA,BAPUDU TANK,SS,GP,Auction,2.00,0.50
Dattirajeru,M LINGALAVALASA,PATHIREVULUA BANDA,SS,GP,Auction,2.00,0.50
Dattirajeru,M LINGALAVALASA,MJJISANYASILA BANDA,SS,GP,Auction,1.00,0.25
Dattirajeru,M LINGALVALASA,RAJAVANAI KONERU,SS,GP,Auction,1.00,0.25
Dattirajeru,M LINGALAVALASA,TATAYYA BANDA,SS,GP,Auction,1.00,0.25
Dattirajeru,M LINGALAVALASA,KOTHA TANK,SS,GP,Auction,4.00,1.00
Dattirajeru,M LINGALAVALASA,THAMURU TANK,SS,GP,Auction,4.00,1.00
Dattirajeru,PACHALAVALASA,REGUCHERUVU,SS,GP,Auction,1.00,0.25
Dattirajeru,PACHALAVALASA,MUNGADANADA,SS,GP,Auction,1.00,0.25
Dattirajeru,PACHALAVALASA,VOLLAYYACHERUVU,SS,GP,Auction,1.00,0.25
Dattirajeru,PACHALAVALASA,NAKKAALABANDA,SS,GP,Auction,1.00,0.25
Dattirajeru,PACHALAVALASA,NEELACHERUVU,SS,GP,Auction,2.00,0.50
Dattirajeru,P LIGALAVALASA,KAMIREDDIVANI TANK,SS,GP,Auction,4.00,1.00
Dattirajeru,P LINGALAVALASA,DALINAIDU TANK,SS,GP,Auction,3.00,0.75
Dattirajeru,P LINGALAVALASA,TAMMIDU VANI TANK,SS,GP,Auction,2.00,0.50
Dattirajeru,P LINGALAVALASA,BALAVENKAYYA CHERUVU,SS,GP,Auction,1.00,0.25
Dattirajeru,P LIGALAVALASA,APPALANAIDU TANK,SS,GP,Auction,3.00,0.75
Dattirajeru,P LINGALAVALASA,NUKANADU CHERUVU,SS,GP,Auction,4.00,1.00
Dattirajeru,P LINGALAVALASA,MANHALABANADA,SS,GP,Auction,1.00,0.25
Dattirajeru,P LINGALAVALASA,SANKARA BANDA,SS,GP,Auction,1.00,0.25
Dattirajeru,P LINGALAVALASA,SUHADI BANDA,SS,GP,Auction,2.00,0.50
Dattirajeru,P LINGALAVALASA,RAJU CHERUVU,SS,GP,Auction,9.00,2.25
Dattirajeru,P LINGALAVALASA,GURAJIBANDA,SS,GP,Auction,6.00,1.50
Dattirajeru,P LINGALAVALASA,BHAVANAI CHERUVU,SS,GP,Auction,3.00,0.75
Dattirajeru,P LINGALAVALASA,GADAPUVANI TANK,SS,GP,Auction,6.00,1.50
Dattirajeru,P LINGALAVALASA,LINGASAGARA,SS,GP,Auction,4.00,1.00
Dattirajeru,PEDAMANAPURAM,KARRIVANI,SS,GP,Auction,3.00,0.75
Dattirajeru,PEDAMANAPURM,ANANTITANK,SS,GP,Auction,1.00,0.25
Dattirajeru,PEDAMANAPURAM,MADDUAVANI,SS,GP,Auction,9.00,2.25
Dattirajeru,PEDAMANAPURAM,SAMATIA,SS,GP,Auction,1.00,0.25
Dattirajeru,PEDAMANAPURAM,ALAMANDI,SS,GP,Auction,4.00,1.00
Dattirajeru,PEDAMANAPURAM,JAGGARAJU,SS,GP,Auction,3.00,0.75
Dattirajeru,PEDAMANAPURAM,BATTI,SS,GP,Auction,6.00,1.50
Dattirajeru,PEDAMANAPURAM,AYYAVANI,SS,GP,Auction,3.00,0.75
Dattirajeru,PEDAMANAPURAM,KOTHA,SS,GP,Auction,1.00,0.25
Dattirajeru,PEDAMANAPURAM,BAUNADU,SS,GP,Auction,4.00,1.00
Dattirajeru,PEDAMANAPURAM,JAGGANA,SS,GP,Auction,3.00,0.75
Dattirajeru,PEDAMANAPURAM,AGURU,SS,GP,Auction,1.00,0.25
Dattirajeru,PEDAMANAPURAM,BALIREDDIV,SS,GP,Auction,2.00,0.50
Dattirajeru,porali,sitaramudu tank,SS,GP,Auction,4.00,1.00
Dattirajeru,porali,laxmisagaram,SS,GP,Auction,3.00,0.75
Dattirajeru,porali,jaggunaidu tank,SS,GP,Auction,1.00,0.25
Dattirajeru,porali,ramaswamy tank,SS,GP,Auction,1.00,0.25
Dattirajeru,porali,ravi tank,SS,GP,Auction,2.00,0.50
Dattirajeru,porali,mahanti tank,SS,GP,Auction,1.00,0.25
Dattirajeru,porali,butchamma banda,SS,GP,Auction,1.00,0.25
Dattirajeru,porali,dudika tank,SS,GP,Auction,3.00,0.75
Dattirajeru,porali,ammaka tank,SS,GP,Auction,1.00,0.25
Dattirajeru,porali,kamsali tank,SS,GP,Auction,1.00,0.25
Dattirajeru,porali,gangarayunitank,SS,GP,Auction,2.00,0.50
Dattirajeru,porali,tatayya tank,SS,GP,Auction,2.00,0.50
Dattirajeru,porali,chamati banda,SS,GP,Auction,1.00,0.25
Dattirajeru,S BURJANVALASA,GUNBARABANDA,SS,GP,Auction,1.00,0.25
Dattirajeru,S BOORJAVALASA,DABBACHERUVU,SS,GP,Auction,1.00,0.25
Dattirajeru,S BOORJAVALASA,GEDEKABANDA,SS,GP,Auction,1.00,0.25
Dattirajeru,S BOORJAVALASA,THOTA BANDA,SS,GP,Auction,1.00,0.25
Dattirajeru,S BOORJAVALASA,KARRICHERUVU,SS,GP,Auction,2.00,0.50
Dattirajeru,S BOORJAVALASA,GUNTAVANICHERUVU,SS,GP,Auction,1.00,0.25
Dattirajeru,S BOORJAVALASA,NARASAMMASAGAR,SS,GP,Auction,1.00,0.25
Dattirajeru,S BOORJAVALASA,CHAVALACHERUVU,SS,GP,Auction,5.00,1.25
Dattirajeru,S BOORJAVALASA,DASARIBANDI,SS,GP,Auction,1.00,0.25
Dattirajeru,schintalavalsa,poonu tank,SS,GP,Auction,2.00,0.50
Dattirajeru,schintalavalasa,thadi tank,SS,GP,Auction,3.00,0.75
Dattirajeru,schintalavalasa,pydi tank,SS,GP,Auction,2.00,0.50
Dattirajeru,schintalavalasa,kittanna tank,SS,GP,Auction,2.00,0.50
Dattirajeru,schintalavalasa,annayya tank,SS,GP,Auction,1.00,0.25
Dattirajeru,schintalavalasa,ayyavani banda,SS,GP,Auction,1.00,0.25
Dattirajeru,schintalavalasa,laxmudu tank,SS,GP,Auction,2.00,0.50
Dattirajeru,schintalavalasa,sali banda,SS,GP,Auction,2.00,0.50
Dattirajeru,SARAYYAVALASA,VADAVANI B,SS,GP,Auction,3.00,0.75
Dattirajeru,SARAYYAVALASA,NAGARAMA,SS,GP,Auction,3.00,0.75
Dattirajeru,SARAYYAVALASA,PEETHALA B,SS,GP,Auction,1.00,0.25
Dattirajeru,SARAYYAVALASA,GUDIBANDA,SS,GP,Auction,1.00,0.25
Dattirajeru,SARAYYAVALASA,PYDNADOORA,SS,GP,Auction,1.00,0.25
Dattirajeru,SARAYYAVALASA,ENAM TANK,SS,GP,Auction,1.00,0.25
Dattirajeru,SARAYYAVALASA,THADI EAND,SS,GP,Auction,2.00,0.50
Dattirajeru,SARAYYAVALASA,PISINIVANI,SS,GP,Auction,2.00,0.50
Dattirajeru,SARAYYAVALASA,APPALASAGA,SS,GP,Auction,2.00,0.50
Dattirajeru,SHIKARUGANJI,VEPABANDHA,SS,GP,Auction,2.00,0.50
Dattirajeru,SHIKARUGANJI,MANGALABANDHA,SS,GP,Auction,1.00,0.25
Dattirajeru,SHIKARUGANJI,CHANDINIBANDA,SS,GP,Auction,1.00,0.25
Dattirajeru,SHIKARUGANJI,KANDILAVANI CHERUVU,SS,GP,Auction,4.00,1.00
Dattirajeru,SHIKARUGANJI,BARIKABANDA,SS,GP,Auction,1.00,0.25
Dattirajeru,SHIKARUGANJI,SIMHADRIVANI CHERUVU,SS,GP,Auction,2.00,0.50
Dattirajeru,SHIKARUGANJI,NAGULAVANI BANDA,SS,GP,Auction,2.00,0.50
Dattirajeru,SHIKARUGANJI,VADDIVANI CHERUVU,SS,GP,Auction,3.00,0.75
Dattirajeru,SHIKARUGANJI,BORADA CHERUVU,SS,GP,Auction,1.00,0.25
Dattirajeru,SHIKARUGANJI,GUDDALAVANI TANK,SS,GP,Auction,2.00,0.50
Dattirajeru,SHIKARUGANJI,SEETAMMA SAGARAM,SS,GP,Auction,1.00,0.25
Dattirajeru,SHIKARUGANJI,NALLA CHERUVU,SS,GP,Auction,2.00,0.50
Dattirajeru,SHIKARUGANJI,CHAKALI CHERUVU,SS,GP,Auction,1.00,0.25
Dattirajeru,SHIKARU GANJI,GADALAVANI TANK,SS,GP,Auction,3.00,0.75
Dattirajeru,SHIKARUGANJI,SUNKARI CHERUVU,SS,GP,Auction,2.00,0.50
Dattirajeru,SHIKARUGANJI,CHINTAVANI TANK,SS,GP,Auction,1.00,0.25
Dattirajeru,SHIKARUGANJI,GODITANK,SS,GP,Auction,1.00,0.25
Dattirajeru,SHIKARUGANJI,KAKARLAVANI TANK,SS,GP,Auction,2.00,0.50
Dattirajeru,SHIKARUGANJI,KAMSHALI BANDA,SS,GP,Auction,1.00,0.25
Dattirajeru,SHIKARUGANJI,MANGALI BANDA,SS,GP,Auction,1.00,0.25
Dattirajeru,SHIKARUGANJI,ASIRIBANDA,SS,GP,Auction,1.00,0.25
Dattirajeru,SHIKARUGANJI,LAXMI SAGARAM,SS,GP,Auction,4.00,1.00
Dattirajeru,SHIKARUGANJI,CHUTTA BANDA,SS,GP,Auction,3.00,0.75
Dattirajeru,SHIKARUGANJI,PATNAKUNI TANK,SS,GP,Auction,2.00,0.50
Dattirajeru,SHIKARUGANJI,GURRA CHERUVU,SS,GP,Auction,1.00,0.25
Dattirajeru,SHIKARUGANJI,TIPPARAJU CHERUVU,SS,GP,Auction,3.00,0.75
Dattirajeru,SHIKARUGANJI,PAPAYYA CHERUVU,SS,GP,Auction,3.00,0.75
Dattirajeru,SHIKARUGANJI,VENKATA SAGARAM,SS,GP,Auction,1.00,0.25
Dattirajeru,SHIKARUGANJI,POTHURI CHERUVU,SS,GP,Auction,2.00,0.50
Dattirajeru,SHIKARUGANJI,RUDRAVANI TANK,SS,GP,Auction,3.00,0.75
Dattirajeru,SHIKARUGANJI,TAMARA TANK,SS,GP,Auction,8.00,2.00
Dattirajeru,SHIKARUGANJI,JARAJAPU TANK,SS,GP,Auction,3.00,0.75
Dattirajeru,THADENDORAVALASA,DEVADA BANDA,SS,GP,Auction,1.00,0.25
Dattirajeru,THANDERAVALASA,BADIBABAND,SS,GP,Auction,1.00,0.25
Dattirajeru,THANDERAVALASA,BUDDIDORA BANDA,SS,GP,Auction,2.00,0.50
Dattirajeru,THENDERAVALASA,LINHALABANDA,SS,GP,Auction,1.00,0.25
Dattirajeru,THANDERAVALASA,PAKEERU BANDA,SS,GP,Auction,2.00,0.50
Dattirajeru,T Burgivalasa,Komati tank,SS,GP,Auction,3.00,0.75
Dattirajeru,T Burjivalasa,Burada banda,SS,GP,Auction,1.00,0.25
Dattirajeru,T Burjivalasa,Edudlavani tank,SS,GP,Auction,1.00,0.25
Dattirajeru,T Burjivalasa,Asiri banda,SS,GP,Auction,1.00,0.25
Dattirajeru,T Burjivalasa,Perinaidu Tank,SS,GP,Auction,2.00,0.50
Dattirajeru,T Burjivalasa,Majjivani banda,SS,GP,Auction,1.00,0.25
Dattirajeru,T bURJIVALASA,Gopanna sagaram,SS,GP,Auction,2.00,0.50
Dattirajeru,T Burjivalasa,Musidi banda,SS,GP,Auction,2.00,0.50
Dattirajeru,T BURJIVALASA,PAALACHERUVU,SS,GP,Auction,4.00,1.00
Dattirajeru,VANGARA,AGURALABANDA,SS,GP,Auction,3.00,0.75
Dattirajeru,VANGARA,JANGAMBANDA,SS,GP,Auction,3.00,0.75
Dattirajeru,VANGARA,KOTTARAJUTANK,SS,GP,Auction,1.00,0.25
Dattirajeru,VANGARA,ASIRIBANDA,SS,GP,Auction,1.00,0.25
Dattirajeru,VANGARA,CHAKATANK,SS,GP,Auction,2.00,0.50
Dattirajeru,VANGARA,KALAGADAYANK,SS,GP,Auction,3.00,0.75
Dattirajeru,VANGARA,KILLAAPPAYYAYANK,SS,GP,Auction,2.00,0.50
Dattirajeru,VANGARA,CHAVAKATANK,SS,GP,Auction,2.00,0.50
Dattirajeru,VANAGARA,AKRAMBANDA,SS,GP,Auction,1.00,0.25
Dattirajeru,VANGARA,DATTIVANITANK,SS,GP,Auction,7.00,1.75
Dattirajeru,VANGARA,MUTYLABANDA,SS,GP,Auction,5.00,1.25
Dattirajeru,VANGARA,NARADIVANITANK,SS,GP,Auction,4.00,1.00
Dattirajeru,VANGARA,GANGULABANDA,SS,GP,Auction,2.00,0.50
Dattirajeru,VANGARA,GEDDATANK,SS,GP,Auction,4.00,1.00
Dattirajeru,VIZIARAMAPURAM,JUMMAIABANDA,SS,GP,Auction,1.00,0.25
Dattirajeru,VIZIARAMAPURAM,KONERU,SS,GP,Auction,2.00,0.50
Dattirajeru,VIZIARAMAPURAM,RAJANACHERUVU,SS,GP,Auction,3.00,0.75
Mentada,mentada,Anantasagaram,LS,MI,Lease,26,13.26
Mentada,pittada,Kirlavani tank,SS,MI,Lease,32,8.00
Mentada,jakkuva,Sumantha tank,SS,MI,Lease,41,10.25
Mentada,kompangi,Gopinadpatnam tank,SS,MI,Lease,50,12.50
Mentada,badevalassa,Neelamma tank,SS,MI,Lease,24,6.00
Mentada,badevalassa,Aravindasagaram,SS,MI,Lease,24,6.00
Mentada,peddamedapalli,Gutchamma tank,SS,MI,Lease,4,1.00
Mentada,poram,Venkayyatank,SS,MI,Lease,24,6.00
Mentada,chinnamedapalli,Chinaamnaidu tank,SS,MI,Lease,24,6.00
Mentada,Poram,Kurminaidu tank,SS,GP,Lease,5.00,1.25
Mentada,Poram,Talarivani tank,SS,GP,Lease,2.00,0.50
Mentada,Poram,Rowthu koneru,SS,GP,Lease,1.00,0.25
Mentada,Poram,Voora tank,SS,GP,Lease,2.00,0.50
Mentada,Poram,Lankapudi tank,SS,GP,Lease,2.00,0.50
Mentada,Poram,Duvvavani tank,SS,GP,Lease,1.50,0.38
Mentada,Poram,Rathi tank,SS,GP,Lease,2.00,0.50
Mentada,poram,athikari,SS,GP,Lease,11.00,2.75
Mentada,poram,karrivani,SS,GP,Lease,18.00,4.50
Mentada,poram,neelamma,SS,GP,Lease,3.00,0.75
Mentada,Kuntinivalasa,Nangireddy tank,SS,GP,Lease,3.00,0.75
Mentada,Kuntinivalasa,Raja tank,SS,GP,Lease,2.00,0.50
Mentada,Kuntinivalasa,Latchamma tank,SS,GP,Lease,1.00,0.25
Mentada,Kuntinivalasa,Dandubadi koneru,SS,GP,Lease,1.00,0.25
Mentada,Kuntinivalasa,Yerramma tank,SS,GP,Lease,2.00,0.50
Mentada,Kuntinivalasa,Yerravani koneru,SS,GP,Lease,1.00,0.25
Mentada,Kuntinivalasa,Gudupuru banda,SS,GP,Lease,2.00,0.50
Mentada,Kuntinivalasa,gGudi banda,SS,GP,Lease,1.00,0.25
Mentada,Kuntinivalasa,Lingala banda,SS,GP,Lease,1.00,0.25
Mentada,Kuntinivalasa,Tanavani banda,SS,GP,Lease,1.50,0.38
Mentada,Kuntinivalasa,Jangam tank,SS,GP,Lease,3.00,0.75
Mentada,kuntinavalasa,ramannatank,SS,GP,Lease,1.00,0.25
Mentada,kuntivalasa,chakalitank,SS,GP,Lease,2.00,0.50
Mentada,kuntinivalasa,vooratank,SS,GP,Lease,1.00,0.25
Mentada,Challapeta,Pydamma tank,SS,GP,Lease,4.00,1.00
Mentada,Challapeta,Ramabadhravani tank,SS,GP,Lease,1.00,0.25
Mentada,Challapeta,Chintala tank,SS,GP,Lease,6.00,1.50
Mentada,challapeta,dakshinamurthy tank,SS,GP,Lease,1.00,0.25
Mentada,challapeta,subbamma tank,SS,GP,Lease,2.00,0.50
Mentada,Butchiraju peta,Manyapureddy tank,SS,GP,Lease,2.50,0.63
Mentada,Butchiraju peta,Pedda koneru,SS,GP,Lease,6.00,1.50
Mentada,Andra,Andra Reservior,PE,MI,Auction,329.25,246.94
Mentada,kondalingalavalasa,Bavanamma tank,LS,MI,Auction,6.00,3.00
Mentada,kondalingalavalasa,Neelamma tank,LS,MI,Auction,6.00,3.00
Mentada,poram,gadi banda,SS,GP,Auction,2.00,0.50
Mentada,poram,mangali,SS,GP,Auction,1.00,0.25
Mentada,poram,yeguvapoonu,SS,GP,Auction,1.00,0.25
Mentada,poram,karanamvol,SS,GP,Auction,1.00,0.25
Mentada,poram,krishna,SS,GP,Auction,9.00,2.25
Mentada,kuntivalasa,geddatank,SS,GP,Auction,8.00,2.00
Mentada,kuntinavalasa,geddatank,SS,GP,Auction,9.00,2.25
Mentada,kuntinavalasa,chakalitan,SS,GP,Auction,2.00,0.50
Mentada,challapeta,somayajulu tank,SS,GP,Auction,1.00,0.25
Mentada,challapeta,komati tank,SS,GP,Auction,1.00,0.25
Mentada,challapeta,yarra banda,SS,GP,Auction,1.00,0.25
Mentada,challapeta,appanna tank,SS,GP,Auction,1.00,0.25
Mentada,challapeta,gunuperu tank,SS,GP,Auction,1.00,0.25
Mentada,buchhirajupeta,thaddivani,SS,GP,Auction,1.00,0.25
Mentada,buchhirajupeta,peddivani,SS,GP,Auction,1.00,0.25
Mentada,buchhirjupeta,kittivani,SS,GP,Auction,2.00,0.50
Mentada,buchhirajupeta,gurrama,SS,GP,Auction,3.00,0.75
Mentada,buchhirajupeta,polisetti,SS,GP,Auction,1.00,0.25
Mentada,buchhirajupeta,chinnatank,SS,GP,Auction,7.00,1.75
Mentada,buchhirajupeta,pydamma,SS,GP,Auction,6.00,1.50
Mentada,buchhirajupeta,geddapoonu,SS,GP,Auction,2.00,0.50
Mentada,aguru,gurlagedda,SS,GP,Auction,1.00,0.25
Mentada,aguru,suvvada,SS,GP,Auction,1.00,0.25
Mentada,aguru,thottadi,SS,GP,Auction,1.00,0.25
Mentada,aguru,yerratank,SS,GP,Auction,1.00,0.25
Mentada,aguru,kamunaidu,SS,GP,Auction,2.00,0.50
Mentada,aguru,komati,SS,GP,Auction,4.00,1.00
Mentada,aguru,basayayya,SS,GP,Auction,4.00,1.00
Mentada,aguru,srinivasula banda,SS,GP,Auction,1.00,0.25
Mentada,aguru,kondavani tank,SS,GP,Auction,1.00,0.25
Mentada,amarayavalasa,patticheruvu tank,SS,GP,Auction,1.00,0.25
Mentada,amarayavalasa,goddipolamma tank,SS,GP,Auction,2.00,0.50
Mentada,amarayavalasa,ranibanda tank,SS,GP,Auction,1.00,0.25
Mentada,amarayavalasa,ranibanda tank,SS,GP,Auction,1.00,0.25
Mentada,amarayavalasa,venkayya koneru,SS,GP,Auction,1.00,0.25
Mentada,amarayavalasa,patakoneru,SS,GP,Auction,1.00,0.25
Mentada,amarayavalasa,subba banda,SS,GP,Auction,4.00,1.00
Mentada,amarayavalasa,godi banda,SS,GP,Auction,1.00,0.25
Mentada,amarayavalasa,vallamma banda,SS,GP,Auction,1.00,0.25
Mentada,andra,vooratank,SS,GP,Auction,2.00,0.50
Mentada,andra,buchammatank,SS,GP,Auction,2.00,0.50
Mentada,andra,gurammatank,SS,GP,Auction,1.00,0.25
Mentada,ANDRA,patisettineelamma,SS,GP,Auction,1.00,0.25
Mentada,andra,yerukalammatank,SS,GP,Auction,1.00,0.25
Mentada,Andra,venkatapathibanda,SS,GP,Auction,2.00,0.50
Mentada,Andra,kothatank,SS,GP,Auction,6.00,1.50
Mentada,Andra,annammatank,SS,GP,Auction,2.00,0.50
Mentada,badevalasa,vandalapu tank,SS,GP,Auction,4.00,1.00
Mentada,badevalasa,dorayamma tank,SS,GP,Auction,1.00,0.25
Mentada,badevalasa,thadangi tank,SS,GP,Auction,1.00,0.25
Mentada,badevalasa,lingali gadda,SS,GP,Auction,6.00,1.50
Mentada,badevalasa,lankavani banda,SS,GP,Auction,3.00,0.75
Mentada,gurla thammirajupeta,voora tank,SS,GP,Auction,2.00,0.50
Mentada,gurlathammirajupeta,yerra tank,SS,GP,Auction,1.00,0.25
Mentada,gurlathammirajupeta,narudu tank,SS,GP,Auction,1.00,0.25
Mentada,gurlathammi rajupeta,paidibanda tank,SS,GP,Auction,8.00,2.00
Mentada,gurlathammirajupeta,challavani tank,SS,GP,Auction,8.00,2.00
Mentada,gurlathammirajupeta,krishnapartu tank,SS,GP,Auction,4.00,1.00
Mentada,gurammavalasa,pydammapoonu,SS,GP,Auction,1.00,0.25
Mentada,gurammavalasa,karipoonu,SS,GP,Auction,2.00,0.50
Mentada,gurammavalasa,sanyasibanda,SS,GP,Auction,1.00,0.25
Mentada,gurammavalasa,manipuravanitank,SS,GP,Auction,2.00,0.50
Mentada,gurammavalasa,gavarasagaram,SS,GP,Auction,4.00,1.00
Mentada,iddanavalasa,krishnayya tank,SS,GP,Auction,1.00,0.25
Mentada,iddanavalasa,thummalabanda,SS,GP,Auction,1.00,0.25
Mentada,iddanavalasa,kanapala banda,SS,GP,Auction,1.00,0.25
Mentada,iddanavalasa,bandavani tank,SS,GP,Auction,2.00,0.50
Mentada,iddanavalasa,bodabakanaidu banda,SS,GP,Auction,7.00,1.75
Mentada,ippalavalasa,nimmadibanda,SS,GP,Auction,1.00,0.25
Mentada,ippalavalasa,bodduvani tank,SS,GP,Auction,5.00,1.25
Mentada,ippalavalasa,majji mavi tank,SS,GP,Auction,1.00,0.25
Mentada,ippalavalasa,barika tank,SS,GP,Auction,1.00,0.25
Mentada,ippalavalasa,kotta tank,SS,GP,Auction,1.00,0.25
Mentada,ippalavalasa,panasalavani tank,SS,GP,Auction,1.00,0.25
Mentada,ippalavalasa,mangali banda,SS,GP,Auction,1.00,0.25
Mentada,ippalavalasa,dappuvani tank,SS,GP,Auction,1.00,0.25
Mentada,ipplavalasa,vysnava banda,SS,GP,Auction,1.00,0.25
Mentada,ippalavalasa,peruguvani cheruvu,SS,GP,Auction,2.00,0.50
Mentada,ippalavalasa,naguluvani tank,SS,GP,Auction,1.00,0.25
Mentada,ippalavalasa,nakka tank,SS,GP,Auction,2.00,0.50
Mentada,ipplalavalasa,nandi banda,SS,GP,Auction,1.00,0.25
Mentada,ippalavalasa,venkatavani tank,SS,GP,Auction,7.00,1.75
Mentada,jaganadhapuram,ammatank,SS,GP,Auction,1.00,0.25
Mentada,jaganadhapuram,lakshmupurambanda,SS,GP,Auction,5.00,1.25
Mentada,jakkuva,pudivanitank,SS,GP,Auction,1.00,0.25
Mentada,jakkuva,venkamma,SS,GP,Auction,1.00,0.25
Mentada,jakkuva,karrikittayyatank,SS,GP,Auction,2.00,0.50
Mentada,jakkuva,rachammatank,SS,GP,Auction,1.00,0.25
Mentada,jakkuva,mentadatank,SS,GP,Auction,1.00,0.25
Mentada,jakkuva,chippadatank,SS,GP,Auction,1.00,0.25
Mentada,jakkuva,nakkalacheruvu,SS,GP,Auction,2.00,0.50
Mentada,jakkuva,neelatank,SS,GP,Auction,5.00,1.25
Mentada,jakkuva,pallivanitank,SS,GP,Auction,1.00,0.25
Mentada,jakkuva,subbammatank,SS,GP,Auction,1.00,0.25
Mentada,jakkuva,vemalatank,SS,GP,Auction,1.00,0.25
Mentada,jakkuva,manipuravanitank,SS,GP,Auction,2.00,0.50
Mentada,jakkuva,gundamtank,SS,GP,Auction,1.00,0.25
Mentada,jakkuva,rambhavanitank,SS,GP,Auction,8.00,2.00
Mentada,jakkuva,karrivanitank,SS,GP,Auction,6.00,1.50
Mentada,jakkuva,mogalitank,SS,GP,Auction,9.00,2.25
Mentada,jakkuva,singarammatank,SS,GP,Auction,2.00,0.50
Mentada,jakkuva,kuppireddivanitank,SS,GP,Auction,3.00,0.75
Mentada,jakkuva,korravanitank,SS,GP,Auction,1.00,0.25
Mentada,jakkuva,rajulutank,SS,GP,Auction,1.00,0.25
Mentada,jakkuva,yerratank,SS,GP,Auction,3.00,0.75
Mentada,jayathi,mangali banda,SS,GP,Auction,1.00,0.25
Mentada,jayathi,chapanivani tank,SS,GP,Auction,5.00,1.25
Mentada,jayathi,sarvani tank,SS,GP,Auction,2.00,0.50
Mentada,jayathi,muppidibanda tank,SS,GP,Auction,1.00,0.25
Mentada,jayathi,pata tank,SS,GP,Auction,2.00,0.50
Mentada,jayathi,chinna tank,SS,GP,Auction,5.00,1.25
Mentada,jayathi,paidannadoraponu tank,SS,GP,Auction,7.00,1.75
Mentada,jayathi,chepuru banda,SS,GP,Auction,4.00,1.00
Mentada,jayathi,kasamma tank,SS,GP,Auction,2.00,0.50
Mentada,jayathi,kotta tank,SS,GP,Auction,7.00,1.75
Mentada,jayathi,buttidora tank,SS,GP,Auction,1.00,0.25
Mentada,kailam,akkudu banda,SS,GP,Auction,1.00,0.25
Mentada,kailam,karanam banda,SS,GP,Auction,1.00,0.25
Mentada,kailam,chakali banda,SS,GP,Auction,1.00,0.25
Mentada,kailam,chakali banda,SS,GP,Auction,2.00,0.50
Mentada,kailam,gondi vani banda,SS,GP,Auction,5.00,1.25
Mentada,kailam,peddireddivani tank,SS,GP,Auction,4.00,1.00
Mentada,kailam,naidu tank,SS,GP,Auction,4.00,1.00
Mentada,kailam,majji banda,SS,GP,Auction,1.00,0.25
Mentada,kailam,jangamkondi tank,SS,GP,Auction,5.00,1.25
Mentada,kompangi,gedda tank,SS,GP,Auction,1.00,0.25
Mentada,kondalingalavalasa,siripudi tank,SS,GP,Auction,1.00,0.25
Mentada,k l valasa,banaduvani tank,SS,GP,Auction,1.00,0.25
Mentada,k l valasa,reddivani tank,SS,GP,Auction,3.00,0.75
Mentada,k l valasa,buttudora tank,SS,GP,Auction,2.00,0.50
Mentada,k l valasa,gundamvani tank,SS,GP,Auction,2.00,0.50
Mentada,k l valasa,nukalamma tank,SS,GP,Auction,1.00,0.25
Mentada,k l valasa,terlapu tank,SS,GP,Auction,1.00,0.25
Mentada,k l valasa,matika banda,SS,GP,Auction,1.00,0.25
Mentada,k l valasa,koneti gedda,SS,GP,Auction,2.00,0.50
Mentada,k l valasa,akkamma tank,SS,GP,Auction,2.00,0.50
Mentada,k l valasa,reguvani tank,SS,GP,Auction,1.00,0.25
Mentada,k l valasa,pedda tank,SS,GP,Auction,1.00,0.25
Mentada,k l valasa,yerukondavani tank,SS,GP,Auction,1.00,0.25
Mentada,k l valasa,gedda tank,SS,GP,Auction,1.00,0.25
Mentada,k l valasa,yerakanduvi tank,SS,GP,Auction,3.00,0.75
Mentada,k l valasa,komati tank,SS,GP,Auction,3.00,0.75
Mentada,k l valasa,talari tank,SS,GP,Auction,1.00,0.25
Mentada,k l valasa,jannivani tank,SS,GP,Auction,1.00,0.25
Mentada,k l valasa,kattila banda,SS,GP,Auction,1.00,0.25
Mentada,k l valasa,pathavani tank,SS,GP,Auction,2.00,0.50
Mentada,k l valasa,TALARIVANI tank,SS,GP,Auction,1.00,0.25
Mentada,k l valasa,nelamma tank,SS,GP,Auction,1.00,0.25
Mentada,k l valasa,nelamma tank,SS,GP,Auction,1.00,0.25
Mentada,kuneru,kunerugedda,SS,GP,Auction,2.00,0.50
Mentada,lothugedda,thamaratank,SS,GP,Auction,1.00,0.25
Mentada,lothugedda,vepatank,SS,GP,Auction,1.00,0.25
Mentada,lothugedda,dasaritank,SS,GP,Auction,2.00,0.50
Mentada,lothugedda,barikabanda,SS,GP,Auction,1.00,0.25
Mentada,lothugedda,barikabanda,SS,GP,Auction,1.00,0.25
Mentada,lothugedda,komatitank,SS,GP,Auction,2.00,0.50
Mentada,meesalapeta,tivva tank,SS,GP,Auction,19.00,4.75
Mentada,meesalipeta,agurla banda,SS,GP,Auction,2.00,0.50
Mentada,mentada,sanyasiraj,SS,GP,Auction,2.00,0.50
Mentada,mentada,yerratank,SS,GP,Auction,2.00,0.50
Mentada,mentada,suramma,SS,GP,Auction,2.00,0.50
Mentada,mentada,sankara,SS,GP,Auction,1.00,0.25
Mentada,mentada,dummeti,SS,GP,Auction,2.00,0.50
Mentada,mentada,chakali,SS,GP,Auction,1.00,0.25
Mentada,mentada,butchamma,SS,GP,Auction,2.00,0.50
Mentada,mentada,ithamvari,SS,GP,Auction,2.00,0.50
Mentada,mentada,burla,SS,GP,Auction,3.00,0.75
Mentada,mentada,seethamma,SS,GP,Auction,2.00,0.50
Mentada,mentada,ananta,SS,GP,Auction,11.00,2.75
Mentada,pedachamalapalli,bangarayya,SS,GP,Auction,3.00,0.75
Mentada,pedachamalapalli,mutyala,SS,GP,Auction,1.00,0.25
Mentada,pedachamalapalli,yerakayya,SS,GP,Auction,2.00,0.50
Mentada,pedachamalapalli,gurunaidu,SS,GP,Auction,1.00,0.25
Mentada,pedachamalapalli,boyavani,SS,GP,Auction,2.00,0.50
Mentada,pedachamalapalli,pydamma,SS,GP,Auction,3.00,0.75
Mentada,pedachamalapalli,bangaru naidu tank,SS,GP,Auction,3.00,0.75
Mentada,pedamedapalli,mangireddy,SS,GP,Auction,4.00,1.00
Mentada,pedamedapalli,kondavani,SS,GP,Auction,2.00,0.50
Mentada,pedamedapalli,pethala,SS,GP,Auction,2.00,0.50
Mentada,pedamedapalli,karanam,SS,GP,Auction,1.00,0.25
Mentada,pedamedapalli,venkata,SS,GP,Auction,1.00,0.25
Mentada,pedamedapalli,janniovani,SS,GP,Auction,1.00,0.25
Mentada,pedamedapalli,kari,SS,GP,Auction,1.00,0.25
Mentada,pedamedapalli,mutyavani,SS,GP,Auction,3.00,0.75
Mentada,pedamedapalli,thummala,SS,GP,Auction,4.00,1.00
Mentada,pedamedapalli,kalava,SS,GP,Auction,4.00,1.00
Mentada,pedamredapalli,kollivani,SS,GP,Auction,4.00,1.00
Mentada,pedamedapalli,nookala,SS,GP,Auction,1.00,0.25
Mentada,pedamedapalli,vangavani,SS,GP,Auction,4.00,1.00
Mentada,pedamedapalli,koneti,SS,GP,Auction,1.00,0.25
Mentada,pedamedapalli,poonuband,SS,GP,Auction,2.00,0.50
Mentada,pedamedapalli,agurla,SS,GP,Auction,2.00,0.50
Mentada,pedamedapalli,jarajapu,SS,GP,Auction,2.00,0.50
Mentada,pedamedapalli,appala,SS,GP,Auction,6.00,1.50
Mentada,pedamedapalli,buchhamma,SS,GP,Auction,10.00,2.50
Mentada,pedamedapalli,kothatank,SS,GP,Auction,1.00,0.25
Mentada,pedamedapalli,chilakala,SS,GP,Auction,3.00,0.75
Mentada,pedamedapalli,dalinaidu,SS,GP,Auction,10.00,2.50
Mentada,pedamedapalli,pedakati,SS,GP,Auction,11.00,2.75
Mentada,pedamedapalli,peddakaluv,SS,GP,Auction,1.00,0.25
Mentada,pedamedapalli,reddikaluv,SS,GP,Auction,12.00,3.00
Mentada,pedamedapalli,mullunaidu tank,SS,GP,Auction,3.00,0.75
Mentada,pedamedapalli,thummalavani kaluva tank,SS,GP,Auction,1.00,0.25
Mentada,pedamedapalli,voora kaluva tank,SS,GP,Auction,1.00,0.25
Mentada,pittada,barikabanda,SS,GP,Auction,2.00,0.50
Mentada,pittada,geddavani,SS,GP,Auction,9.00,2.25
Mentada,rabanda,palam banda,SS,GP,Auction,1.00,0.25
Mentada,rabanda,mangali banda,SS,GP,Auction,1.00,0.25
Mentada,rabanda,chittivani tank,SS,GP,Auction,2.00,0.50
Mentada,rabanda,venkatapativani tank,SS,GP,Auction,2.00,0.50
Mentada,uddangi,manthinavalasatank,SS,GP,Auction,1.00,0.25
Mentada,uddangi,koradavanitank,SS,GP,Auction,1.00,0.25
Mentada,uddangi,malluvanutank,SS,GP,Auction,1.00,0.25
Mentada,uddangi,maddiband,SS,GP,Auction,1.00,0.25
Mentada,uddangi,bonulabanda,SS,GP,Auction,1.00,0.25
Mentada,uddangi,korrammavanitank,SS,GP,Auction,2.00,0.50
Mentada,uddangi,bantireddivanitank,SS,GP,Auction,4.00,1.00
