Hiramandalam,Gotta,Chukkavani Tank,SS,GP,Lease,22.9,6.23,
Hiramandalam,M.L.Puram,Chakalavani Tank,SS,GP,Lease,6.14,1.67,
Hiramandalam,Mamidijola,Pothalavani Tank,SS,GP,Lease,6.65,1.81,
Hiramandalam,Mamidijola ,Kotha Tank,SS,GP,Lease,8.65,2.36,
Hiramandalam,Lokonda,Boddakarra,SS,GP,Lease,11.16,3.04,
Hiramandalam,Komanapalli,Karnam Tank,SS,GP,Lease,14.53,3.96,
Hiramandalam,Komanapalli,Kotha Tank,SS,GP,Lease,19.46,5.3,
Hiramandalam,Komanapalli,Naidu Tank,SS,GP,Lease,19.84,5.4,
Hiramandalam,Rugada,Chintala Tank,SS,GP,Lease,19.44,5.29,
Hiramandalam,Rugada,Jannivari Tank,SS,GP,Lease,15.68,4.27,
Hiramandalam,Hiramandalam,Sakijola Tank,SS,GP,Lease,9.41,2.56,
Hiramandalam,Hiramandalam,Kummaravani Tank,SS,GP,Lease,3.51,0.96,
Hiramandalam,Hiramandalam,Santha Koneru ,SS,GP,Lease,3.39,0.92,
Hiramandalam,Hiramandalam,Polinaidu Tank,SS,GP,Lease,3.14,0.85,
Hiramandalam,Hiramandalam,Kasanna Tank,SS,GP,Lease,13.17,3.58,
Hiramandalam,Hiramandalam,Nowguda Tank,SS,GP,Lease,13.17,3.58,
L.N.Peta,Gottipalli,Kondagedda Tank,SS,GP,Lease,21.73,5.92,
Sarubujjili,Palavalasa ,Marri Tank,SS,GP,Lease,15.68,4.27,
Sarubujjili,Sarubujjili,Voora Tank,SS,GP,Lease,28.22,7.68,
Sarubujjili,Sarubujjili,Ravikarra Tank,SS,GP,Lease,15.05,4.1,
Hiramandalam,Dhanupuram,Pedda Tank,SS,GP,AUCTION,18.09,4.5,
Hiramandalam,Dhanupuram,Chinna Tank,SS,GP,AUCTION,10.9,2.55,
Hiramandalam,Dhanupuram,Voora Tank,SS,GP,AUCTION,10.5,2.44,
Hiramandalam,Dhanupuram,Naidu Tank,SS,GP,AUCTION,10.5,2.44,
Hiramandalam,Chorlangi,Kopmati Tank,SS,GP,AUCTION,12.8,3.06,
Hiramandalam,Chorlangi,Kamasali Tank,SS,GP,AUCTION,12.04,2.86,
Hiramandalam,Chorlangi,Kotha Tank,SS,GP,AUCTION,10.49,2.44,
Hiramandalam,Chorlangi,Tathapappamma Tank,SS,GP,AUCTION,10.31,2.39,
Hiramandalam,Chorlangi,Gowtham Naidu Tank,SS,GP,AUCTION,11.34,2.67,
Hiramandalam,Chorlangi,Seethamma Tank,SS,GP,AUCTION,10.26,2.37,
Hiramandalam,Chorlangi,Komati Tank,SS,GP,AUCTION,15.96,3.92,
Hiramandalam,Chorlangi,Tadikarra Tank,SS,GP,AUCTION,10.92,2.55,
Hiramandalam,Chorlangi,Jeedukarra Tank,SS,GP,AUCTION,10.99,2.57,
Hiramandalam,Chorlangi,Jangamvani Tank,SS,GP,AUCTION,11.86,2.81,
Hiramandalam,Chorlangi,Panthuluvani Tank,SS,GP,AUCTION,10.33,2.39,
Hiramandalam,ChinnaKollivalasa,Koneeru Tank,SS,GP,AUCTION,11.92,2.82,
Hiramandalam,Komanapalli,Buvathivani Tank,SS,GP,AUCTION,33.24,8.63,
Hiramandalam,Rugada,Lingareddy Tank,SS,GP,AUCTION,30.73,7.95,
Hiramandalam,Rugada,Voora Tank,SS,GP,AUCTION,26.97,6.92,
Hiramandalam,Kallata,Kondavani Tank,SS,GP,AUCTION,28.71,7.4,
Hiramandalam,Tampa,Pedda Tank,SS,GP,AUCTION,24.36,6.21,
Hiramandalam,Tampa,Puridinaidu Tank,SS,GP,AUCTION,10.46,2.43,
Hiramandalam,Tampa,Amdala Tank,SS,GP,AUCTION,12.2,2.9,
Hiramandalam,Tampa,Marri Tank,SS,GP,AUCTION,10.67,2.48,
Hiramandalam,Tampa,Voora Tank,SS,GP,AUCTION,18.19,4.53,
Hiramandalam,Gulumuru,Voora Tank,SS,GP,AUCTION,26.34,6.75,
Hiramandalam,Gulumuru,Sagaram,SS,GP,AUCTION,32.61,8.46,
Hiramandalam,Gulumuru,Dhamannavari Tank,SS,GP,AUCTION,32.61,8.46,
Hiramandalam,Gulumuru,Korlavani Tank,SS,GP,AUCTION,13.8,3.34,
Hiramandalam,Gulumuru,Kotha Tank,SS,GP,AUCTION,10.04,2.31,
Hiramandalam,Gulumuru,Sondipatruni Tank,SS,GP,AUCTION,11.29,2.65,
Hiramandalam,Kittalapadu,Gundam Tank,SS,GP,AUCTION,20.07,5.04,
Hiramandalam,Akkarapalli,Kotha Tank,SS,GP,AUCTION,12.13,2.88,
Hiramandalam,Akkarapalli,Dhavani Tank,SS,GP,AUCTION,14.93,3.64,
Hiramandalam,Akkarapalli,Pedda Tank,SS,GP,AUCTION,20.8,5.24,
Hiramandalam,Akkarapalli,Pedda Tank,SS,GP,AUCTION,26.97,6.92,
Hiramandalam,Ambavelli,Madulakarra Tank,SS,GP,AUCTION,11.92,2.82,
Hiramandalam,Ambavelli,Vadula Tank,SS,GP,AUCTION,12.55,3,
Hiramandalam,Ambavelli,ThaladaBanda,SS,GP,AUCTION,18.57,4.63,
Hiramandalam,Ambavelli,Thammayya Tank,SS,GP,AUCTION,21.95,5.56,
Hiramandalam,Pindruvada,Nilageri Tank,SS,GP,AUCTION,12.92,3.1,
Hiramandalam,Pindruvada,Guddalanaidu Tank,SS,GP,AUCTION,10.21,2.36,
Hiramandalam,Pindruvada,Nallamuvalli Tank,SS,GP,AUCTION,11.92,2.82,
Hiramandalam,Pindruvada,Dongalanaidu Tank,SS,GP,AUCTION,12.3,2.93,
Hiramandalam,Pindruvada,Tivva Tank,SS,GP,AUCTION,33.87,8.8,
Hiramandalam,Pindruvada,Koneru,SS,GP,AUCTION,16.94,4.19,
Hiramandalam,Pindruvada,Malavappa Tank,SS,GP,AUCTION,11.92,2.82,
Hiramandalam,Pindruvada,Jogi Tank,SS,GP,AUCTION,12.67,3.03,
Hiramandalam,Pindruvada,Peddakata Tank,SS,GP,AUCTION,21.07,5.32,
Hiramandalam,Pindruvada,Kotti Tank,SS,GP,AUCTION,11.04,2.59,
Hiramandalam,B.R.Puram,Patnaik Tank,SS,GP,AUCTION,15.48,3.79,
Hiramandalam,B.R.Puram,Kotha Tank,SS,GP,AUCTION,18.79,4.7,
Hiramandalam,B.R.Puram,Banji Tank,SS,GP,AUCTION,11.82,2.8,
Hiramandalam,B.R.Puram,Annayya Tank,SS,GP,AUCTION,15.96,3.92,
L.N.Peta,Kommuvalasa,Ramayya Banda,SS,GP,AUCTION,11.34,2.67,
L.N.Peta,Narendrapuram,Swayambhavani Tank,SS,GP,AUCTION,11.68,2.76,
L.N.Peta,Kottapeta,Kotta Tower,SS,GP,AUCTION,11.71,2.77,
L.N.Peta,Munganna Agraharam,Ramanna Tank,SS,GP,AUCTION,11.74,2.78,
L.N.Peta,Sumanthapuram,Bokaralavani Tank,SS,GP,AUCTION,12.29,2.93,
L.N.Peta,Krishnapuram,Komatikarra Tank,SS,GP,AUCTION,12.47,2.97,
L.N.Peta,Munganna Agraharam,Atchanna Tank,SS,GP,AUCTION,12.52,2.99,
L.N.Peta,Sumanthapuram,Rudrabhumi Koneru,SS,GP,AUCTION,12.65,3.02,
L.N.Peta,Narendrapuram,Dasikarra Tank,SS,GP,AUCTION,12.76,3.05,
L.N.Peta,Siddantham,Surammagundam,SS,GP,AUCTION,12.83,3.07,
L.N.Peta,Kaviti,Kotta Tank,SS,GP,AUCTION,12.87,3.08,
L.N.Peta,Saradam,Sondi Tank,SS,GP,AUCTION,12.93,3.1,
L.N.Peta,Miriapalli,Dokivani Cheruvu,SS,GP,AUCTION,13.19,3.17,
L.N.Peta,Boddavalasa,Voora Tank,SS,GP,AUCTION,13.32,3.21,
L.N.Peta,Palavalasa,Annampeta Koneru,SS,GP,AUCTION,13.51,3.26,
L.N.Peta,Siddantham,Seepavani Banda,SS,GP,AUCTION,13.57,3.27,
L.N.Peta,Siddantham,Garammagundam,SS,GP,AUCTION,13.84,3.35,
L.N.Peta,Jambada,Moolavani Tank,SS,GP,AUCTION,13.91,3.37,
L.N.Peta,Munganna Agraharam,Boyabheemanna Tank,SS,GP,AUCTION,14.12,3.42,
L.N.Peta,Munganna Agraharam,Kotta Cheruvu,SS,GP,AUCTION,14.36,3.49,
L.N.Peta,Krishnapuram,Voora Tank,SS,GP,AUCTION,14.51,3.53,
L.N.Peta,PedaKollivalasa,Jalarivani Tank(P.Kollivalasa),SS,GP,AUCTION,14.56,3.54,
L.N.Peta,Munganna Agraharam,Reyyala Banda,SS,GP,AUCTION,14.66,3.57,
L.N.Peta,Bothadasingi,Swayambhavani Tank,SS,GP,AUCTION,14.9,3.64,
L.N.Peta,Borrampeta,Rajanna Tank,SS,GP,AUCTION,15.07,3.68,
L.N.Peta,Borrampeta,Kittayya Tank,SS,GP,AUCTION,15.5,3.8,
L.N.Peta,Munganna Agraharam,Palakarra Cheruvu,SS,GP,AUCTION,15.5,3.8,
L.N.Peta,Siddantham,Venkata Sagaram,SS,GP,AUCTION,15.62,3.83,
L.N.Peta,Syamalapuram,Valasa Koneru,SS,GP,AUCTION,15.72,3.86,
L.N.Peta,Kottapeta,Akkalavani Tank,SS,GP,AUCTION,15.8,3.88,
L.N.Peta,Jambada,Dalivani Cheruvu,SS,GP,AUCTION,16.01,3.94,
L.N.Peta,Borrampeta,Ramasagaram,SS,GP,AUCTION,16.45,4.06,
L.N.Peta,PedaKollivalasa,Ramanna Tank(P.Kollivalasa),SS,GP,AUCTION,16.5,4.07,
L.N.Peta,Borrampeta,Veerabhadrasagaram,SS,GP,AUCTION,16.86,4.17,
L.N.Peta,Sumanthapuram,Neelakhanta Sagaram,SS,GP,AUCTION,17.08,4.23,
L.N.Peta,Karakavalasa,Chittivani Cheruvu,SS,GP,AUCTION,17.16,4.25,
L.N.Peta,Syamalapuram,Ralla Koneru(Syamalapuram),SS,GP,AUCTION,17.16,4.25,
L.N.Peta,Kommuvalasa,Appalanaidu Tank,SS,GP,AUCTION,17.31,4.29,
L.N.Peta,Scotpeta,Musalikarra Tank,SS,GP,AUCTION,17.47,4.34,
L.N.Peta,Turakapeta,Kotha Tank,SS,GP,AUCTION,17.55,4.36,
L.N.Peta,Pusam,Yathala Tank,SS,GP,AUCTION,17.74,4.41,
L.N.Peta,Syamalapuram,Bhadrakalisagaram,SS,GP,AUCTION,17.9,4.45,
L.N.Peta,Somanadhapuram,Talayavani Tank,SS,GP,AUCTION,18.17,4.53,
L.N.Peta,Kottapeta,Chintamanu Tank,SS,GP,AUCTION,18.36,4.58,
L.N.Peta,Kottapeta,Jangamuvani Tank,SS,GP,AUCTION,18.53,4.62,
L.N.Peta,Palavalasa,Jaggayya Koneru,SS,GP,AUCTION,18.76,4.69,
L.N.Peta,Chorlangi,Vedulla Tank,SS,GP,AUCTION,19.08,4.77,
L.N.Peta,Seetharampuram,Vepakarra Tank,SS,GP,AUCTION,19.54,4.9,
L.N.Peta,Mallikarjunapuram,Tumpati Koneru,SS,GP,AUCTION,19.85,4.98,
L.N.Peta,Siddantham,Turupukoneru,SS,GP,AUCTION,19.96,5.01,
L.N.Peta,Ravichandri,Munguvani Tank,SS,GP,AUCTION,20,5.02,
L.N.Peta,Krishnapuram,Gorlavani Tank,SS,GP,AUCTION,20.31,5.11,
L.N.Peta,Sumanthapuram,Seepanavani Tank,SS,GP,AUCTION,20.33,5.12,
L.N.Peta,Sumanthapuram,Kotta Tank,SS,GP,AUCTION,20.35,5.12,
L.N.Peta,Chittimandalam,Kotta Tank,SS,GP,AUCTION,20.39,5.13,
L.N.Peta,Baratam,Dasugundam Tank,SS,GP,AUCTION,20.49,5.16,
L.N.Peta,Baratam,Tivvakarra Tank,SS,GP,AUCTION,21,5.3,
L.N.Peta,Bothadasingi,Venkunaidu Tank,SS,GP,AUCTION,21.33,5.39,
L.N.Peta,Garlapadu,Nimmalakarra Tank,SS,GP,AUCTION,21.34,5.39,
L.N.Peta,Turakapeta,Regulakarra Tank,SS,GP,AUCTION,22.06,5.59,
L.N.Peta,Mallikarjunapuram,Voora Tank,SS,GP,AUCTION,22.34,5.66,
L.N.Peta,Foxdorapeta,Kotta Tank,SS,GP,AUCTION,22.37,5.67,
L.N.Peta,Jagannadhapuram,Velagalakarra Tank,SS,GP,AUCTION,22.77,5.78,
L.N.Peta,Peddakota,Nayarala Tank,SS,GP,AUCTION,22.87,5.81,
L.N.Peta,Turakapeta,Turakavani Tank,SS,GP,AUCTION,23.03,5.85,
L.N.Peta,Peddakota,Dola Tank,SS,GP,AUCTION,23.8,6.06,
L.N.Peta,Jambada,Jagannadhasagaram,SS,GP,AUCTION,23.83,6.07,
L.N.Peta,Munganna Agraharam,Chinna Cheruvu,SS,GP,AUCTION,24.4,6.22,
L.N.Peta,Jambada,Yerra Tank,SS,GP,AUCTION,25.14,6.42,
L.N.Peta,Kottapeta,Tenkavani Tank,SS,GP,AUCTION,25.52,6.53,
L.N.Peta,Pusam,Voora Tank,SS,GP,AUCTION,25.59,6.55,
L.N.Peta,Saradam,Yerra Tank,SS,GP,AUCTION,25.63,6.56,
L.N.Peta,Foxdorapeta,Tummalakarra Tank,SS,GP,AUCTION,25.64,6.56,
L.N.Peta,Narendrapuram,Pottivani Tank,SS,GP,AUCTION,25.88,6.62,
L.N.Peta,Valasapadu,Joginaidu Tank,SS,GP,AUCTION,26.51,6.8,
L.N.Peta,Mallikarjunapuram,Vengalavani Tank,SS,GP,AUCTION,26.6,6.82,
L.N.Peta,Baratam,Motiki Karra Tank,SS,GP,AUCTION,26.86,6.89,
L.N.Peta,Kaviti,Kondi Tank,SS,GP,AUCTION,27.23,6.99,
L.N.Peta,Peddakota,Sivakala Tank,SS,GP,AUCTION,27.47,7.06,
L.N.Peta,Kottapeta,Venkatanarasimha Tank,SS,GP,AUCTION,27.55,7.08,
L.N.Peta,Garlapadu,Pedda Tank,SS,GP,AUCTION,27.86,7.16,
L.N.Peta,Sumanthapuram,Injamma Tank,SS,GP,AUCTION,27.93,7.18,
L.N.Peta,Peddakota,Atchivani Tank,SS,GP,AUCTION,27.97,7.19,
L.N.Peta,Chittimandalam,Pedda Cheruvu,SS,GP,AUCTION,27.98,7.2,
L.N.Peta,Karakavalasa,Vojjabanda,SS,GP,AUCTION,28.17,7.25,
L.N.Peta,Jadapeta,Duggalakarra,SS,GP,AUCTION,28.82,7.43,
L.N.Peta,Borramambapuram,Pedda Tank,SS,GP,AUCTION,29.09,7.5,
L.N.Peta,Jangalavalasa,Sambadicheruvu,SS,GP,AUCTION,29.3,7.56,
L.N.Peta,Karakavalasa,Ratchakoneru,SS,GP,AUCTION,29.31,7.56,
L.N.Peta,Siddantham,Kotta Tank,SS,GP,AUCTION,30.01,7.75,
L.N.Peta,Thaimambapuram,Vasanala Tank,SS,GP,AUCTION,30.71,7.94,
L.N.Peta,Munganna Agraharam,Jaggalakarra Tank,SS,GP,AUCTION,31.19,8.07,
L.N.Peta,Valasapadu,Gollapallivani Tank,SS,GP,AUCTION,31.38,8.12,
L.N.Peta,Kottapeta,Ajaynaidu Tank,SS,GP,AUCTION,31.75,8.22,
L.N.Peta,Siddantham,Ramasagaram,SS,GP,AUCTION,31.75,8.22,
L.N.Peta,PedaKollivalasa,Voora Tank (-Do-),SS,GP,AUCTION,32.02,8.3,
L.N.Peta,Borrampeta,Polinaidu Tank,SS,GP,AUCTION,32.56,8.44,
L.N.Peta,Peddakota,Barikivani Tank,SS,GP,AUCTION,33.72,8.76,
L.N.Peta,Somanadhapuram,Ravimanu Cheruvu,SS,GP,AUCTION,34.87,9.07,
Sarubujjili,Turakapeta,Kotha Tank,SS,GP,AUCTION,20.7,5.21,
Sarubujjili,Turakapeta,Venkanna Tank,SS,GP,AUCTION,15.68,3.85,
Sarubujjili,Turakapeta,Appalanaidu Tank,SS,GP,AUCTION,18.19,4.53,
Sarubujjili,Turakapeta,Masab Tank,SS,GP,AUCTION,26.97,6.92,
Sarubujjili,Turakapeta,Ramaraju Tank,SS,GP,AUCTION,17.56,4.36,
Sarubujjili,Turakapeta,Tamminaidu Tank,SS,GP,AUCTION,25.09,6.41,
Sarubujjili,Bappadam,Dahala Tank,SS,GP,AUCTION,23.21,5.9,
Sarubujjili,Marripadu,Sondivani Tank,SS,GP,AUCTION,14.43,3.51,
Sarubujjili,Marripadu,Tummalagunda Tank,SS,GP,AUCTION,20.7,5.21,
Sarubujjili,Marripadu,Kotha Tank,SS,GP,AUCTION,20.7,5.21,
Sarubujjili,Marripadu,Jangamayya Tank,SS,GP,AUCTION,14.43,3.51,
Sarubujjili,Avathara bad,Kainam Tank,SS,GP,AUCTION,26.97,6.92,
Sarubujjili,Avathara bad,Yedumadumala Tank,SS,GP,AUCTION,35.75,9.31,
Sarubujjili,Avathara bad,Dharama Koneeru,SS,GP,AUCTION,20.7,5.21,
Sarubujjili,Gonepadu ,Palakarra Tank,SS,GP,AUCTION,30.73,7.95,
Sarubujjili,Gonepadu ,Seethanna Tank,SS,GP,AUCTION,20.7,5.21,
Sarubujjili,Gonepadu ,Ravikarra Tank,SS,GP,AUCTION,23.21,5.9,
Sarubujjili,Gonepadu ,voora Tank,SS,GP,AUCTION,26.97,6.92,
Sarubujjili,Kothakota,Voora Tank,SS,GP,AUCTION,26.97,6.92,
Sarubujjili,Kothakota,Venkunaidu Tank,SS,GP,AUCTION,26.97,6.92,
Sarubujjili,Chinnavenkatapuram,Raminaidu Tank,SS,GP,AUCTION,33.24,8.63,
Sarubujjili,Dhakaravalasa,Gummadi Tank,SS,GP,AUCTION,21.95,5.56,
Sarubujjili,Dhakaravalasa,Voora Tank,SS,GP,AUCTION,30.73,7.95,
Sarubujjili,Dhakaravalasa,Tivvakarra Tank,SS,GP,AUCTION,26.97,6.92,
Sarubujjili,Thadikonda ,Voora Tank,SS,GP,AUCTION,33.24,8.63,
Sarubujjili,Kondavalasa,Kanugulavani Tank,SS,GP,AUCTION,35.75,9.31,
Sarubujjili,Kondavalasa,Ravikarra Tank,SS,GP,AUCTION,26.97,6.92,
Sarubujjili,Kondavalasa,Turapha Tank,SS,GP,AUCTION,33.24,8.63,
Sarubujjili,Chinnakagitha palli,Chondivani Tank,SS,GP,AUCTION,35.75,9.31,
Sarubujjili,Chinnakagitha palli,Mokhalingam naidu Tank,SS,GP,AUCTION,20.7,5.21,
Sarubujjili,Chinnakagitha palli,Ranigari Tank,SS,GP,AUCTION,33.24,8.63,
Sarubujjili,Palavalasa ,Lukalapu karra Tank,SS,GP,AUCTION,26.97,6.92,
Sarubujjili,Subhadra puram ,Yellam naidu Tank,SS,GP,AUCTION,26.97,6.92,
Sarubujjili,Subhadra puram ,Kothabanda ,SS,GP,AUCTION,20.7,5.21,
Sarubujjili,Surayanarayana puram,Koneeru Tank,SS,GP,AUCTION,33.24,8.63,
Sarubujjili,Surayanarayana puram,Kotha Tank,SS,GP,AUCTION,20.7,5.21,
Sarubujjili,Lakshmi puram,Kotha Tank,SS,GP,AUCTION,20.7,5.21,
Sarubujjili,Lakshmi puram,Voora Tank,SS,GP,AUCTION,23.21,5.9,
Sarubujjili,Chiguruvalasa,Jaganadhasagaram,SS,GP,AUCTION,33.24,8.63,
Sarubujjili,Chiguruvalasa,Eppilivani Tank,SS,GP,AUCTION,32.61,8.46,
Sarubujjili,Chiguruvalasa,Karravani Tank,SS,GP,AUCTION,26.97,6.92,
Sarubujjili,Nandikonda,Pedda Tank,SS,GP,AUCTION,20.7,5.21,
Sarubujjili,Nandikonda,Kotha Tank,SS,GP,AUCTION,35.75,9.31,
Sarubujjili,Nandikonda,Simmakoneeru,SS,GP,AUCTION,33.24,8.63,
Sarubujjili,Nandikonda,Akkavani Tank,SS,GP,AUCTION,26.97,6.92,
Sarubujjili,Ravivalasa,Appalanaidu Tank,SS,GP,AUCTION,20.7,5.21,
Sarubujjili,Ravivalasa,Voora Tank,SS,GP,AUCTION,20.07,5.04,
Sarubujjili,Ravivalasa,Raminaidu Tank,SS,GP,AUCTION,25.09,6.41,
Sarubujjili,Sinduvada,Naidu Tank,SS,GP,AUCTION,26.34,6.75,
Sarubujjili,Sinduvada,Pedda Tank,SS,GP,AUCTION,29.48,7.6,
Sarubujjili,Telikepenta,Gundam Tank,SS,GP,AUCTION,16.94,4.19,
Sarubujjili,Telikepenta,Kotha Tank,SS,GP,AUCTION,32.61,8.46,
Sarubujjili,Telikepenta,Pedda Tank,SS,GP,AUCTION,30.73,7.95,
Sarubujjili,Buridivalasa,Venkanna Tank,SS,GP,AUCTION,26.97,6.92,
Sarubujjili,Buridivalasa,Gundavani Tank,SS,GP,AUCTION,20.07,5.04,
Sarubujjili,Buridivalasa,Vasu Tank,SS,GP,AUCTION,23.21,5.9,
Sarubujjili,Buridivalasa,Appayya Tank,SS,GP,AUCTION,26.97,6.92,
Sarubujjili,Buridivalasa,Koneeru Tank,SS,GP,AUCTION,23.21,5.9,
Sarubujjili,Matalab peta,Karigedda Tank,SS,GP,AUCTION,33.24,8.63,
Sarubujjili,Matalab peta,Voora Tank,SS,GP,AUCTION,17.56,4.36,
Sarubujjili,Matalab peta,Dasukoneeru,SS,GP,AUCTION,20.7,5.21,
Sarubujjili,Matalab peta,Pedda Tank,SS,GP,AUCTION,23.21,5.9,
Sarubujjili,Matalab peta,Basanna Tank,SS,GP,AUCTION,20.07,5.04,
Sarubujjili,Matalab peta,Yellayya Tank,SS,GP,AUCTION,18.19,4.53,
Sarubujjili,Matalab peta,Naidu Tank,SS,GP,AUCTION,22.58,5.73,
Sarubujjili,Matalab peta,Boravani Tank,SS,GP,AUCTION,20.07,5.04,
Sarubujjili,Matalab peta,Lacheyya Tank,SS,GP,AUCTION,23.83,6.07,
Sarubujjili,Vijayarampuram,Tutikarra Tank,SS,GP,AUCTION,18.19,4.53,
Sarubujjili,Vijayarampuram,Panchamana Tank,SS,GP,AUCTION,23.21,5.9,
Sarubujjili,Vijayarampuram,Naidu Tank,SS,GP,AUCTION,20.07,5.04,
Sarubujjili,Vijayarampuram,Kotha Tank,SS,GP,AUCTION,18.19,4.53,
Sarubujjili,Vijayarampuram,Koonavani Tank,SS,GP,AUCTION,20.7,5.21,
Sarubujjili,Vijayarampuram,Hanumanthu vani Tank,SS,GP,AUCTION,23.21,5.9,
Sarubujjili,Vijayarampuram,Kotha Tank,SS,GP,AUCTION,20.07,5.04,
Sarubujjili,Narasingapalli,Varakattu Tank,SS,GP,AUCTION,20.07,5.04,
Sarubujjili,Narasingapalli,Thamminaidu Tank,SS,GP,AUCTION,20.7,5.21,
Sarubujjili,Narasingapalli,Chintala Tank,SS,GP,AUCTION,26.34,6.75,
Sarubujjili,Narasingapalli,Vysula Tank,SS,GP,AUCTION,32.61,8.46,
Sarubujjili,Shalantri,Viswesara Tank,SS,GP,AUCTION,26.97,6.92,
Sarubujjili,Shalantri,Kuramayya Tank,SS,GP,AUCTION,20.7,5.21,
Sarubujjili,Shalantri,Eedula Tank,SS,GP,AUCTION,20.07,5.04,
Sarubujjili,Shalantri,Malla Tank,SS,GP,AUCTION,26.34,6.75,
Sarubujjili,Shalantri,Koneeru Tank,SS,GP,AUCTION,17.56,4.36,
Sarubujjili,Shalantri,Voora Tank,SS,GP,AUCTION,19.44,4.87,
Sarubujjili,Shalantri,Kotha Tank,SS,GP,AUCTION,26.34,6.75,
Sarubujjili,Peddasavalapuram,Gontupannu Tank,SS,GP,AUCTION,23.21,5.9,
Sarubujjili,Peddasavalapuram,Kaminaidu Tank,SS,GP,AUCTION,20.07,5.04,
Sarubujjili,Peddasavalapuram,Patha Tank,SS,GP,AUCTION,18.19,4.53,
Sarubujjili,Vennelavalasa,Kotha Tank,SS,GP,AUCTION,18.19,4.53,
Sarubujjili,Vennelavalasa,Voora Tank,SS,GP,AUCTION,14.43,3.51,
Sarubujjili,Mulasavalapuram,Bukkavani Tank,SS,GP,AUCTION,18.82,4.7,
Sarubujjili,Mulasavalapuram,Voora Tank,SS,GP,AUCTION,20.7,5.21,
Sarubujjili,Mulasavalapuram,Koneeru Tank,SS,GP,AUCTION,20.7,5.21,
Sarubujjili,Mulasavalapuram,Pakeeru naidu Tank,SS,GP,AUCTION,20.07,5.04,
Sarubujjili,Iskalapaleem,Kotha tank,SS,GP,AUCTION,23.21,5.9,
Sarubujjili,Iskalapaleem,Patha Tank,SS,GP,AUCTION,18.19,4.53,
Sarubujjili,Iskalapaleem,Subba Tank,SS,GP,AUCTION,32.61,8.46,
Sarubujjili,Pedda venkatapuram,Pedda Tank,SS,GP,AUCTION,22.58,5.73,
Sarubujjili,Pedda venkatapuram,Budata Tank,SS,GP,AUCTION,20.7,5.21,
Sarubujjili,Pedda venkatapuram,Grama Honeeru,SS,GP,AUCTION,23.21,5.9,
Sarubujjili,Purushottapuram,Saibu Tank,SS,GP,AUCTION,20.07,5.04,
Sarubujjili,Purushottapuram,Talupalabanda,SS,GP,AUCTION,18.19,4.53,
Sarubujjili,Purushottapuram,Pedda Kainam,SS,GP,AUCTION,26.97,6.92,
Sarubujjili,Purushottapuram,Chennakainam,SS,GP,AUCTION,32.61,8.46,
Sarubujjili,Purushottapuram,Jeelakarra Banda,SS,GP,AUCTION,20.07,5.04,
Sarubujjili,Purushottapuram,Avadanula Tank,SS,GP,AUCTION,17.56,4.36,
Sarubujjili,Purushottapuram,Nadimikinam,SS,GP,AUCTION,23.21,5.9,
Sarubujjili,Purushottapuram,Darmakoneeru,SS,GP,AUCTION,16.81,4.19,
Sarubujjili,Purushottapuram,Peethalakarra,SS,GP,AUCTION,20.05,5.18,
Sarubujjili,Purushottapuram,Kotha Tank,SS,GP,AUCTION,23.21,5.9,
Hiramandalam,Kondaragolu,Asirinaidu Tank,LS,MI,Lease,43.02,22.98,43.02
Hiramandalam,Gulumuru,SagaramTank,LS,MI,Lease,18.95,13.46,
Hiramandalam,Rugada Komanapalli,byterupunugedda,LS,MI,Lease,14.23,9.96,
Sarubujjili,Rottavalasa,Munaganna Tank,LS,MI,Lease,114.89,54.5,
Sarubujjili,Kothakota,Pedda Tank,LS,MI,Lease,31.74,18.05,
Sarubujjili,Sarubujjili,Pedda Tank,LS,MI,Lease,32.13,18.18,
L.N.Peta,Dhanukota,Peddatank,LS,MI,Lease,25.45,12.56,
L.N.Peta,Peddakota,Sagaramtank,LS,MI,Lease,16.95,11.46,
L.N.Peta,Yambaram,Thamaratank,LS,MI,Lease,14.95,9.96,
L.N.Peta,Kovilam,Pinnamnaidutank,LS,MI,Lease,28.95,13.46,
L.N.Peta,Ravichendri,Peddatank,LS,MI,Lease,26.95,10.96,
L.N.Peta,Gottipalli,Kanapalavani tank,LS,MI,Lease,18.95,14.54,
Hiramandalam,Tunga Tamphara,Rajugari Tank,LS,MI,Auction,3.16,2.3,
Hiramandalam,Kondaragolu,Chintalavani Tank,LS,MI,Auction,35.83,10,
Hiramandalam,Kondaragolu,Chenchunaidu Tank,LS,MI,Auction,4.96,2.5,
Hiramandalam,Kittalapadu,Jallilingam Naidu Tank,LS,MI,Auction,3,1.2,
L.N.Peta,Bothadasingi,Nalla Tank,LS,MI,Auction,10.7,5.91,
L.N.Peta,PedaKollivalasa,Appalanaidu Tank(-Do-),LS,MI,Auction,9.44,6.11,
L.N.Peta,Narendrapuram,Tivvakarra Tank,LS,MI,Auction,12.91,6.16,
L.N.Peta,Foxdorapeta,Sengala Tank,LS,MI,Auction,13.59,6.24,
L.N.Peta,PedaKollivalasa,Kotta Tank(P.Kollivalasa),LS,MI,Auction,14.04,6.29,
L.N.Peta,Mallikarjunapuram,Kamasagaram,LS,MI,Auction,14.13,6.3,
L.N.Peta,Jadapeta,Koratalagedda,LS,MI,Auction,16.89,6.61,
L.N.Peta,Baratam,Jola Cheruvu,LS,MI,Auction,17.04,6.63,
L.N.Peta,Palavalasa,Peddacheruvu,LS,MI,Auction,18.2,6.76,
L.N.Peta,Chintalabadavanja,Chinna Cheruvu,LS,MI,Auction,18.37,6.78,
L.N.Peta,Kommuvalasa,Chakalavani Tank,LS,MI,Auction,18.65,6.81,
L.N.Peta,Thaimambapuram,Puratala Tank,LS,MI,Auction,19.26,6.88,
L.N.Peta,Kaviti,Gangadhara Tank,LS,MI,Auction,19.74,6.94,
L.N.Peta,Ravichandri,Beruvani Tank,LS,MI,Auction,19.78,6.94,
L.N.Peta,Kommuvalasa,Langannaidu Tank,LS,MI,Auction,21.96,7.19,
L.N.Peta,Ravichandri,Burjavani Tank,LS,MI,Auction,24.8,7.51,
L.N.Peta,Pusam,Neelamnaidu Tank,LS,MI,Auction,25.43,17,
L.N.Peta,Kommuvalasa,Kornivani Tank,LS,MI,Auction,26,7.65,
L.N.Peta,Karakavalasa,Banalavani Tank,LS,MI,Auction,27.56,14.07,
L.N.Peta,Borramambapuram,Tivvakarra Tank,LS,MI,Auction,28.54,15.23,
Sarubujjili,Bappadam,DammalAVANI TANK,LS,MI,Auction,7.7,5.2,
Sarubujjili,Marripadu,Pedda Tank,LS,MI,Auction,8.7,6.49,
Sarubujjili,Rottavalasa,Asalakarra Tank,LS,MI,Auction,5.98,3.25,
Sarubujjili,Chinnakagitha palli,Achannavani Tank,LS,MI,Auction,6.7,4,
Sarubujjili,Chiguruvalasa,Voora Tank,LS,MI,Auction,5.93,3.25,
Sarubujjili,Chiguruvalasa,Raminaidu Tank,LS,MI,Auction,4.82,2.25,
Sarubujjili,Chiguruvalasa,Nayeralu Tank,LS,MI,Auction,0.93,0.5,
Sarubujjili,Shalantri,Komati Tank,LS,MI,Auction,1.71,2.15,
Sarubujjili,Mulasavalapuram,Kaminaidu Tank,LS,MI,Auction,5.96,3.4,
