Narasannapeta,URLAM,Vooratank,SS,GP,Lease,30.15,16.98
Narasannapeta,URLAM,Voora TANK,SS,GP,Lease,30.21,16.99
Narasannapeta,URLAM,Tank,SS,GP,Lease,30.92,17.11
Narasannapeta,URLAM,Tank,SS,GP,Lease,30.92,17.11
Polaki,Deerghasi,Voora Cheruvu,SS,GP,Lease,31.12,17.14
Polaki,Polaki,Eswara Devalayama Cheruvu,SS,GP,Lease,31.20,17.16
Polaki,Gathalavalasa,Telugu Banda,SS,GP,Lease,31.23,17.16
Saravakota,Aludu,Bandaruvani tank,SS,GP,Lease,42.18,19.07
Saravakota,Aludu,PillaTank,SS,GP,Lease,33.21,17.51
Saravakota,Aludu,voora Tank,SS,GP,Lease,30.59,17.05
JALUMURU,Talataria,Pullayya Tank,SS,GP,Lease,31.71,17.25
JALUMURU,Talataria,Yerra Tank,SS,GP,Lease,30.29,17.00
Saravakota,Saravakota,voora Tank,SS,GP,Lease,43.55,19.30
Saravakota,Saravakota,Gajapathi Tank,SS,GP,Lease,47.29,19.95
Saravakota,Saravakota,kotthapeta Tank,SS,GP,Lease,37.40,18.22
Narasannapeta,Varahanarasimhapuram,Jaggunaidu Koneru,SS,GP,AUCTION,2.87,0.89
Narasannapeta,RAVULAVALSA,Voora TANK,SS,GP,AUCTION,2.88,0.89
Narasannapeta,kameswaripeta,gummanacheruvu,SS,GP,AUCTION,2.91,0.89
Narasannapeta,KARAGAM,anguduvani cheruvu,SS,GP,AUCTION,2.93,0.90
Narasannapeta,chennapuram,gavaramma cheruvu,SS,GP,AUCTION,2.94,0.90
Narasannapeta,KOBAGAM,varangallacheruvu,SS,GP,AUCTION,2.94,0.90
Narasannapeta,KOMARTHI,Voora TANK,SS,GP,AUCTION,2.98,0.91
Narasannapeta,DEVADI,vallabha ramuni cheruvu,SS,GP,AUCTION,3.00,0.91
Narasannapeta,MAKIVALASA,salavani cheruvu,SS,GP,AUCTION,3.00,0.91
Narasannapeta,TAMARAPALLI,Polavani Tank,SS,GP,AUCTION,3.11,0.93
Narasannapeta,BADAM,Buratagandal Cheruvu,SS,GP,AUCTION,3.15,0.93
Narasannapeta,BORIGIVALASA,koyha karra cheruvu,SS,GP,AUCTION,3.15,0.93
Narasannapeta,GOTTIPALLI,kotha gridge tank,SS,GP,AUCTION,3.15,0.93
Narasannapeta,chennapuram,gorregattu cheruvu,SS,GP,AUCTION,3.17,0.94
Narasannapeta,KAMBAKAYA,kavanivani cheruvu,SS,GP,AUCTION,3.22,0.95
Narasannapeta,KOMARTHI,Appalanaidu Tank,SS,GP,AUCTION,3.22,0.95
Narasannapeta,KILLAM,kummari cheruvu,SS,GP,AUCTION,3.24,0.95
Narasannapeta,RAVULAVALSA,TANK,SS,GP,AUCTION,3.32,0.96
Narasannapeta,KILLAM,yarrappa cheruvu,SS,GP,AUCTION,3.37,0.97
Narasannapeta,SUNDARAPURAM,naidu cheruvu,SS,GP,AUCTION,3.38,0.97
Narasannapeta,TAMARAPALLI,kurmam gundam,SS,GP,AUCTION,3.38,0.97
Narasannapeta,GOTTIPALLI,kolla tank,SS,GP,AUCTION,3.40,0.98
Narasannapeta,RAVULAVALSA,chinnadammanna cheruvu,SS,GP,AUCTION,3.42,0.98
Narasannapeta,chennapuram,theda cheruvu,SS,GP,AUCTION,3.43,0.98
Narasannapeta,KAMBAKAYA,VERRI CHERUVU,SS,GP,AUCTION,3.44,0.98
Narasannapeta,LUKULAM,tank,SS,GP,AUCTION,3.44,0.98
Narasannapeta,CHIKKALAVALSA,Tank,SS,GP,AUCTION,3.47,0.99
Narasannapeta,Karagam,darivani cheruvu,SS,GP,AUCTION,3.51,1.00
Narasannapeta,NADAGAM,Tank,SS,GP,AUCTION,3.52,1.00
Narasannapeta,KOTHAPOLAVALASA,chakirevu cheruvu,SS,GP,AUCTION,3.54,1.00
Narasannapeta,KOBAGAM,Muddada Tank,SS,GP,AUCTION,3.54,1.00
Narasannapeta,YARABADU,Tamara Tank,SS,GP,AUCTION,3.55,1.00
Narasannapeta,RAVULAVALSA,TANK,SS,GP,AUCTION,3.62,1.02
Narasannapeta,SATYAVARAM,velamala lachhunaidutank,SS,GP,AUCTION,3.62,1.02
Narasannapeta,KAMBAKAYA,kothha cheruvu,SS,GP,AUCTION,3.63,1.02
Narasannapeta,NADAGAM,Tank,SS,GP,AUCTION,3.63,1.02
Narasannapeta,JAMMU,pipiliki banda,SS,GP,AUCTION,3.64,1.02
Narasannapeta,RAVULAVALSA,kotha cheruvu,SS,GP,AUCTION,3.67,1.02
Narasannapeta,Varahanarasimhapuram,Tank,SS,GP,AUCTION,3.68,1.03
Narasannapeta,TAMARAPALLI,Chinammi Koneru,SS,GP,AUCTION,3.69,1.03
Narasannapeta,MAKIVALASA,vedhiloni cheruvu,SS,GP,AUCTION,3.74,1.04
Narasannapeta,NADAGAM,Tank,SS,GP,AUCTION,3.76,1.04
Narasannapeta,Karagam,Jalagala Cheruvu,SS,GP,AUCTION,3.77,1.04
Narasannapeta,YARABADU,kotha cheruvu,SS,GP,AUCTION,3.86,1.06
Narasannapeta,TAMARAPALLI,Achipotuvni Karra tank,SS,GP,AUCTION,3.89,1.06
Narasannapeta,TELAGAVALASA,Tank,SS,GP,AUCTION,3.91,1.07
Narasannapeta,kottapolavalasa,nattala cheruvu,SS,GP,AUCTION,3.97,1.08
Narasannapeta,KAMBAKAYA,jammi cheruvu,SS,GP,AUCTION,4.00,1.08
Narasannapeta,chIKKALAVALSA,Tank,SS,GP,AUCTION,4.04,1.09
Narasannapeta,SATYAVARAM,busekarra cheruvu,SS,GP,AUCTION,4.07,1.09
Narasannapeta,GOTTIPALLI,pydigunta tank,SS,GP,AUCTION,4.23,1.12
Narasannapeta,YARABADU,puttavani cheruvu,SS,GP,AUCTION,4.24,1.12
Narasannapeta,JAMMU,Narayanakarra Cheruvu,SS,GP,AUCTION,4.25,1.12
Narasannapeta,KOMARTHI,Nalla Tank,SS,GP,AUCTION,4.34,1.14
Narasannapeta,SATYAVARAM,SEETHAMMA CHERUVU,SS,GP,AUCTION,4.43,1.16
Narasannapeta,GOPALAPENTA,Perayya Tank,SS,GP,AUCTION,4.46,1.16
Narasannapeta,PARASELLI,venkannacheruvu,SS,GP,AUCTION,4.55,1.18
Narasannapeta,musidi gattu,Tank,SS,GP,AUCTION,4.59,1.18
Narasannapeta,KOMARTHI,Baddavani tank,SS,GP,AUCTION,5.02,1.26
Narasannapeta,NADAGAM,Por. Tank,SS,GP,AUCTION,5.06,1.27
Narasannapeta,SUNDARAPURAM,kadarbanda cheruvu,SS,GP,AUCTION,5.28,1.30
Narasannapeta,KILLAM,NAYUDU TANK,SS,GP,AUCTION,5.34,1.32
Narasannapeta,SUNDARAPURAM,villavanthula cheruvu,SS,GP,AUCTION,5.58,1.36
Narasannapeta,Karagam,Revalla Cheruvu,SS,GP,AUCTION,5.64,1.37
Narasannapeta,KILLAM,kalaganti cheruvu,SS,GP,AUCTION,5.69,1.37
Narasannapeta,TAMARAPALLI,Godduvani Tank,SS,GP,AUCTION,5.70,1.38
Narasannapeta,RAVULAVALSA,TANK,SS,GP,AUCTION,5.79,1.39
Narasannapeta,GOPALAPENTA,Kotha Tank,SS,GP,AUCTION,5.87,1.41
Narasannapeta,SATYAVARAM,gudedandam cheruvu,SS,GP,AUCTION,6.06,1.44
Narasannapeta,NADAGAM,Tank,SS,GP,AUCTION,6.08,1.44
Narasannapeta,JAMMU,paciriki banda,SS,GP,AUCTION,6.34,1.49
Narasannapeta,KARAGAM,malki saheb cheruvu,SS,GP,AUCTION,6.45,1.51
Narasannapeta,KARAGAM,rai cheruvu,SS,GP,AUCTION,6.65,1.54
Narasannapeta,chIKKALAVALSA,Tank,SS,GP,AUCTION,6.68,1.55
Narasannapeta,KAMBAKAYA,Surayya Cheruvu,SS,GP,AUCTION,7.04,1.61
Narasannapeta,BORIGIVALASA,kudi cheruvu,SS,GP,AUCTION,7.53,1.70
Narasannapeta,Karagam,Jaganadha Cheruvu,SS,GP,AUCTION,7.56,1.70
Narasannapeta,GOTTIPALLI,PEDDA CHERUVU,SS,GP,AUCTION,7.73,1.73
Narasannapeta,JAMMU,Sanyaasi Cheruvu,SS,GP,AUCTION,7.90,1.76
Narasannapeta,JAMMU,Kaari Cheruvu,SS,GP,AUCTION,8.34,1.84
Narasannapeta,BORIGIVALASA,ikkalla cheruvu,SS,GP,AUCTION,8.58,1.88
Narasannapeta,KAMBAKAYA,baggu asiri naidu cheruvu,SS,GP,AUCTION,9.07,1.96
Narasannapeta,SUNDARAPURAM,PEDDA CHERUVU,SS,GP,AUCTION,9.14,1.97
Narasannapeta,JAMMU,Muddada Tank,SS,GP,AUCTION,9.54,2.04
Narasannapeta,JAMMU,chittivani karra cheruvu,SS,GP,AUCTION,10.43,2.20
Narasannapeta,JAMMU,reddi pottivani cheruvu,SS,GP,AUCTION,10.91,2.28
Narasannapeta,KOMARTHI,Talla Tank,SS,GP,AUCTION,10.97,2.29
Narasannapeta,URLAM,Tank,SS,GP,AUCTION,11.26,2.34
Narasannapeta,KAMBAKAYA,NAYUDU TANK,SS,GP,AUCTION,11.62,2.41
Narasannapeta,YARABADU,beela cheruvu,SS,GP,AUCTION,12.27,2.52
Narasannapeta,RAVULAVALSA,TANK,SS,GP,AUCTION,13.38,2.71
Narasannapeta,BORIGIVALASA,venkannacheruvu,SS,GP,AUCTION,14.50,2.91
Narasannapeta,chennapuram,nindu cheruvu,SS,GP,AUCTION,17.22,3.38
Narasannapeta,KARAGAM,AMMAGARI TANK,SS,GP,AUCTION,20.48,3.95
Polaki,Gollalavalasa,Teegalabanda Cheruvu,SS,GP,AUCTION,2.82,0.88
Polaki,Ampalam,Parapathivani Cheruvu,SS,GP,AUCTION,2.83,0.88
Polaki,Polaki,Gantapeta Cheruvu,SS,GP,AUCTION,2.90,0.89
Polaki,Polaki,Tivvalabanda,SS,GP,AUCTION,2.92,0.89
Polaki,S.L.Puram,Magatha Cheruvu,SS,GP,AUCTION,2.95,0.90
Polaki,Cheedivalasa,Ganganna Cheruvu,SS,GP,AUCTION,2.96,0.90
Polaki,Edulavalasa,Ooracheuvu,SS,GP,AUCTION,2.96,0.90
Polaki,Priyagraharam,Yasanna Banda Cheruvu,SS,GP,AUCTION,2.99,0.91
Polaki,Susaram,Nukala Banda,SS,GP,AUCTION,3.03,0.91
Polaki,Vanithamandalam,Jagapathinagaram Cheruvu,SS,GP,AUCTION,3.05,0.92
Polaki,Urjam,Ramagundam Cheruvu,SS,GP,AUCTION,3.09,0.92
Polaki,Magathapadu,Koneru Cheruvu,SS,GP,AUCTION,3.12,0.93
Polaki,Rahimanpuram,Kaari Cheruvu,SS,GP,AUCTION,3.12,0.93
Polaki,Mabagam,Chintalabanda Koneru,SS,GP,AUCTION,3.21,0.94
Polaki,Kusumapolavalasa,Munasab Cheruvu,SS,GP,AUCTION,3.21,0.94
Polaki,Cheedivalasa,Simmavani Cheruvu,SS,GP,AUCTION,3.21,0.94
Polaki,Vanithamandalam,Konda Cheruvu,SS,GP,AUCTION,3.24,0.95
Polaki,Gangivalasa,Kaila Cheruvu,SS,GP,AUCTION,3.29,0.96
Polaki,Cheedivalasa,Seethanagaram Cheruvu,SS,GP,AUCTION,3.29,0.96
Polaki,Kusumapolavalasa,Challavani Cheruvu,SS,GP,AUCTION,3.30,0.96
Polaki,Mabagam,Appalanaidu Koneru,SS,GP,AUCTION,3.32,0.96
Polaki,Polaki,Vedullavalasa Cheruvu,SS,GP,AUCTION,3.37,0.97
Polaki,Gollalavalasa,Latchumamma Cheruvu,SS,GP,AUCTION,3.42,0.98
Polaki,Deerghasi,Kotta Cheruvu,SS,GP,AUCTION,3.47,0.99
Polaki,Gollalavalasa,Illaka Cheruvu,SS,GP,AUCTION,3.52,1.00
Polaki,Urjam,Karnala Banda Cheruvu,SS,GP,AUCTION,3.52,1.00
Polaki,Rallapadu,Kotta Karra,SS,GP,AUCTION,3.57,1.01
Polaki,Kusumapolavalasa,Sankayya Cheruvu,SS,GP,AUCTION,3.57,1.01
Polaki,Urjam,Chavakabanda Cheruvu,SS,GP,AUCTION,3.68,1.03
Polaki,Urjam,Edula Cheruvu,SS,GP,AUCTION,3.70,1.03
Polaki,Chellayavalasa,Doddi Gundam Cheruvu,SS,GP,AUCTION,3.71,1.03
Polaki,Mabagam,Nagalapoonu Cheruvu,SS,GP,AUCTION,3.72,1.03
Polaki,Gangivalasa,Bolli Cheruvu,SS,GP,AUCTION,3.81,1.05
Polaki,Edulavalasa,Kotta Cheruvu,SS,GP,AUCTION,3.84,1.05
Polaki,Mabagam,Pedda Koneru,SS,GP,AUCTION,4.00,1.08
Polaki,Priyagraharam,Brahamana Cheruvu,SS,GP,AUCTION,4.01,1.08
Polaki,Cheedivalasa,Bhartha Sagaram Cheruvu,SS,GP,AUCTION,4.07,1.09
Polaki,Chellayavalasa,Duddivani Cheruvu,SS,GP,AUCTION,4.07,1.09
Polaki,Susaram,Gopa Sagaram,SS,GP,AUCTION,4.14,1.11
Polaki,Cheedivalasa,Bedi Karra Cheruvu,SS,GP,AUCTION,4.15,1.11
Polaki,Kusumapolavalasa,Kottabanda,SS,GP,AUCTION,4.20,1.12
Polaki,Gangivalasa,Dharma Koneru,SS,GP,AUCTION,4.21,1.12
Polaki,D.L.Puram,Neela Koneru,SS,GP,AUCTION,4.21,1.12
Polaki,Deerghasi,Paati Cheruvu,SS,GP,AUCTION,4.25,1.13
Polaki,Gathalavalasa,Motika Cheruvu,SS,GP,AUCTION,4.25,1.13
Polaki,Rallapadu,Challavani Cheruvu,SS,GP,AUCTION,4.31,1.13
Polaki,Deerghasi,Jagiliganti Cheruvu,SS,GP,AUCTION,4.32,1.14
Polaki,D.L.Puram,Karnala Cheruvu,SS,GP,AUCTION,4.36,1.14
Polaki,Belamara Palavalasa,Kaari Cheruvu,SS,GP,AUCTION,4.38,1.15
Polaki,Boddam,Chinta Cheruvu,SS,GP,AUCTION,4.38,1.15
Polaki,Jaduru,Butchemma Cheruvu,SS,GP,AUCTION,4.43,1.16
Polaki,D.L.Puram,Pedda Cheruvu,SS,GP,AUCTION,4.44,1.16
Polaki,Talasamudram,Jagathpadu Cheruvu,SS,GP,AUCTION,4.52,1.17
Polaki,Kusumapolavalasa,Noothi Cheruvu,SS,GP,AUCTION,4.66,1.20
Polaki,Cheedivalasa,Voora Cheruvu,SS,GP,AUCTION,4.78,1.22
Polaki,S.L.Puram,Appayya Cheruvu,SS,GP,AUCTION,4.91,1.24
Polaki,Jaduru,Kotta Cheruvu,SS,GP,AUCTION,4.96,1.25
Polaki,Kusumapolavalasa,Raikarra,SS,GP,AUCTION,5.10,1.27
Polaki,Cheedivalasa,Dungavani Cheruvu,SS,GP,AUCTION,5.11,1.27
Polaki,Gathalavalasa,Devaragundam,SS,GP,AUCTION,5.23,1.30
Polaki,Rahimanpuram,Vaayula Cheruvu,SS,GP,AUCTION,5.32,1.31
Polaki,S.L.Puram,Godduvanu Cheruvu,SS,GP,AUCTION,5.34,1.32
Polaki,Priyagraharam,Maathalabanda Cheruvu,SS,GP,AUCTION,5.38,1.32
Polaki,Rallapadu,Pedda Cheruvu,SS,GP,AUCTION,5.39,1.32
Polaki,Chellayavalasa,Jogamma Cheruvu,SS,GP,AUCTION,5.41,1.33
Polaki,Boddam,Latchamma Cheruvu,SS,GP,AUCTION,5.44,1.33
Polaki,Gollalavalasa,Saamanthavani Cheruvu,SS,GP,AUCTION,5.61,1.36
Polaki,Priyagraharam,Vathala Banda Cheruvu,SS,GP,AUCTION,5.66,1.37
Polaki,Piruvada,Mendavani Cheruvu,SS,GP,AUCTION,5.67,1.37
Polaki,Chellayavalasa,Chintu Krisanamma Cheruvu,SS,GP,AUCTION,5.69,1.37
Polaki,Belamara Palavalasa,Tandilam Cheruvu,SS,GP,AUCTION,5.97,1.42
Polaki,Priyagraharam,Seethanna Cheruvu,SS,GP,AUCTION,6.05,1.44
Polaki,Belamara Palavalasa,Cheruvu,SS,GP,AUCTION,6.11,1.45
Polaki,Chellayavalasa,Komati Banda Cheruvu,SS,GP,AUCTION,6.14,1.45
Polaki,Kusumapolavalasa,Bosikarra,SS,GP,AUCTION,6.28,1.48
Polaki,Gollalavalasa,Rangappa Cheruvu,SS,GP,AUCTION,6.39,1.50
Polaki,Koduru,Kondala Cheruvu,SS,GP,AUCTION,6.39,1.50
Polaki,Boddam,Krishnasagaram Cheruvu,SS,GP,AUCTION,6.39,1.50
Polaki,Kusumapolavalasa,Kari Cheruvu,SS,GP,AUCTION,6.45,1.51
Polaki,Priyagraharam,Booralavani Cheruvu,SS,GP,AUCTION,6.64,1.54
Polaki,Jaduru,Pinna Cheruvu,SS,GP,AUCTION,6.65,1.54
Polaki,Gathalavalasa,Kabodula Karra,SS,GP,AUCTION,6.65,1.54
Polaki,Chellayavalasa,Ralla Cheruvu,SS,GP,AUCTION,6.67,1.54
Polaki,Chellayavalasa,Boorla Banda,SS,GP,AUCTION,6.69,1.55
Polaki,Urjam,Raktasaagaram,SS,GP,AUCTION,6.90,1.59
Polaki,Gangivalasa,Cheruvu,SS,GP,AUCTION,6.96,1.60
Polaki,Deerghasi,Mahankali Banda Cheruvu,SS,GP,AUCTION,7.06,1.61
Polaki,Priyagraharam,Kotta Cheruvu,SS,GP,AUCTION,7.10,1.62
Polaki,Gangivalasa,Korukonda Cheruvu,SS,GP,AUCTION,7.11,1.62
Polaki,Priyagraharam,Yerakalapau Cheruvu,SS,GP,AUCTION,7.13,1.62
Polaki,Jaduru,Venkanna Cheruvu,SS,GP,AUCTION,7.20,1.64
Polaki,Gathalavalasa,Harinarayana Cheruvu,SS,GP,AUCTION,7.22,1.64
Polaki,Priyagraharam,Ronankibanda Cheruvu,SS,GP,AUCTION,7.35,1.66
Polaki,Gathalavalasa,Kadabanda Cheruvu,SS,GP,AUCTION,7.45,1.68
Polaki,Gangivalasa,Pandirigunta Cheruvu,SS,GP,AUCTION,7.77,1.74
Polaki,Kusumapolavalasa,Tamatala Banda,SS,GP,AUCTION,8.03,1.78
Polaki,Gathalavalasa,Velamala Karra,SS,GP,AUCTION,8.11,1.80
Polaki,Gathalavalasa,Ramadasu Banda,SS,GP,AUCTION,8.27,1.82
Polaki,Priyagraharam,Nalla Cheruvu,SS,GP,AUCTION,8.27,1.82
Polaki,Belamara Palavalasa,Mallibanda Cheruvu,SS,GP,AUCTION,8.41,1.85
Polaki,Susaram,Chintala Banda,SS,GP,AUCTION,8.49,1.86
Polaki,Piruvada,Kotta Cheruvu,SS,GP,AUCTION,8.50,1.86
Polaki,Cheedivalasa,Pedda Cheruvu,SS,GP,AUCTION,8.59,1.88
Polaki,Polaki,Cheruvu,SS,GP,AUCTION,8.61,1.88
Polaki,Gathalavalasa,Nityapana Banda,SS,GP,AUCTION,8.78,1.91
Polaki,Jaduru,Jogi Cheruvu,SS,GP,AUCTION,8.79,1.91
Polaki,Boddam,Rama Sagaram,SS,GP,AUCTION,8.92,1.94
Polaki,Priyagraharam,Chinnala karra Cheruvu,SS,GP,AUCTION,8.98,1.95
Polaki,Priyagraharam,Yanamandra Cheruvu,SS,GP,AUCTION,9.48,2.03
Polaki,Priyagraharam,Maamidi Cheruvu,SS,GP,AUCTION,9.82,2.09
Polaki,Magathapadu,Pedda Tank,SS,GP,AUCTION,9.92,2.11
Polaki,Priyagraharam,Velukala Karra Cheruvu,SS,GP,AUCTION,10.15,2.15
Polaki,Koduru,Voora Cheruvu,SS,GP,AUCTION,10.43,2.20
Polaki,Piruvada,Pedda Cheruvu,SS,GP,AUCTION,10.58,2.23
Polaki,Gathalavalasa,Mangamma Cheruvu,SS,GP,AUCTION,11.23,2.34
Polaki,Boddam,Kottacheruvu,SS,GP,AUCTION,11.44,2.37
Polaki,Chellayavalasa,Neelakarra Cheruvu,SS,GP,AUCTION,11.71,2.42
Polaki,Priyagraharam,Bendivani Cheruvu,SS,GP,AUCTION,11.96,2.46
Polaki,Chellayavalasa,Raajaagari Cheruvu,SS,GP,AUCTION,12.25,2.52
Polaki,Priyagraharam,Mendakarra Cheruvu,SS,GP,AUCTION,13.05,2.65
Polaki,Kusumapolavalasa,Ooracheuvu,SS,GP,AUCTION,13.35,2.71
Polaki,Jaduru,Malli Cheruvu,SS,GP,AUCTION,13.44,2.72
Polaki,Gathalavalasa,Duvvavalasa Karra,SS,GP,AUCTION,13.50,2.73
Polaki,Talasamudram,Pedda Cheruvu,SS,GP,AUCTION,14.43,2.89
Polaki,Boddam,Pedda Cheruvu,SS,GP,AUCTION,14.46,2.90
Polaki,Gathalavalasa,Naidu Cheruvu,SS,GP,AUCTION,14.66,2.93
Polaki,Susaram,Patha Cheruvu,SS,GP,AUCTION,15.35,3.05
Polaki,Priyagraharam,Papayya Cheruvu,SS,GP,AUCTION,15.77,3.13
Polaki,Gathalavalasa,Korla Cheruvu,SS,GP,AUCTION,15.95,3.16
Polaki,Deerghasi,Pothala Cheruvu,SS,GP,AUCTION,17.13,3.36
Polaki,Priyagraharam,Yenati Cheruvu,SS,GP,AUCTION,18.03,3.52
Polaki,Priyagraharam,Murthy Gundam Cheruvu,SS,GP,AUCTION,18.25,3.56
Polaki,Polaki,Mahadeva Banda,SS,GP,AUCTION,19.18,3.72
Polaki,Gathalavalasa,Kotta Cheruvu,SS,GP,AUCTION,19.61,3.80
Polaki,Priyagraharam,Komati Banda Cheruvu,SS,GP,AUCTION,20.17,3.89
Polaki,Belamara Palavalasa,Pedda Cheruvu,SS,GP,AUCTION,21.47,4.12
Polaki,Priyagraharam,Ramanna Cheruvu,SS,GP,AUCTION,22.53,4.30
JALUMURU,Akkurada,Punugundam Tank,SS,GP,AUCTION,4.70,1.20
JALUMURU,Akkurada,Uppala Tank,SS,GP,AUCTION,8.31,1.83
JALUMURU,Chennayavalasa,Bangaramma tank,SS,GP,AUCTION,7.39,1.67
JALUMURU,Darivada,Bora Banda,SS,GP,AUCTION,5.66,1.37
JALUMURU,Darivada,Annamma Tank,SS,GP,AUCTION,20.40,3.93
JALUMURU,Jalumuru,Ananta Sagram,SS,GP,AUCTION,3.85,1.06
JALUMURU,Jalumuru,Devarasetti Venkata naidu Tank,SS,GP,AUCTION,8.55,1.87
JALUMURU,Jalumuru,Dongala Sambuatu Tank,SS,GP,AUCTION,3.75,1.04
JALUMURU,Jalumuru,Ganganna Tank,SS,GP,AUCTION,3.68,1.03
JALUMURU,Jalumuru,Kotta  Gundam Tank,SS,GP,AUCTION,14.88,2.97
JALUMURU,Jalumuru,Manmidi kotta cheruvu,SS,GP,AUCTION,8.97,1.95
JALUMURU,Jalumuru,Pedalaraghupathichinna tank,SS,GP,AUCTION,2.83,0.88
JALUMURU,Jalumuru,Ravibanda,SS,GP,AUCTION,4.65,1.19
JALUMURU,Jalumuru,Talalatchamayya Tank,SS,GP,AUCTION,8.48,1.86
JALUMURU,Jalumuru,Tota Gundam,SS,GP,AUCTION,9.01,1.95
JALUMURU,Jalumuru,Voora Banda,SS,GP,AUCTION,3.27,0.95
JALUMURU,Jonanki,Abbai Tank,SS,GP,AUCTION,3.34,0.97
JALUMURU,Jonanki,Gangadhara Tank,SS,GP,AUCTION,20.65,3.98
JALUMURU,Jonanki,Gantalavani Tank,SS,GP,AUCTION,11.90,2.45
JALUMURU,Jonanki,Jonanki Pedda Tank,SS,GP,AUCTION,12.66,2.59
JALUMURU,Jonanki,Kurmanna Tank,SS,GP,AUCTION,6.64,1.54
JALUMURU,Jonanki,Pallivani Tank,SS,GP,AUCTION,5.75,1.39
JALUMURU,Jonanki,Pondara Tank,SS,GP,AUCTION,11.59,2.40
JALUMURU,Jonanki,Seetha Sagaram,SS,GP,AUCTION,7.79,1.74
JALUMURU,Karakavalasa,Bariki Banda,SS,GP,AUCTION,2.13,0.76
JALUMURU,Karakavalasa,Linganaidu Tank,SS,GP,AUCTION,5.50,1.34
JALUMURU,Lingalavalasa,Challavanipeta Kotta Tank,SS,GP,AUCTION,13.66,2.76
JALUMURU,Lingalavalasa,Chandrasekhara Tank,SS,GP,AUCTION,5.59,1.36
JALUMURU,Lingalavalasa,Devaravalla Banda,SS,GP,AUCTION,2.63,0.84
JALUMURU,Lingalavalasa,Jakkara Banda,SS,GP,AUCTION,5.21,1.29
JALUMURU,Lingalavalasa,Kunchala banda,SS,GP,AUCTION,2.57,0.83
JALUMURU,Lingalavalasa,Karukola Banda,SS,GP,AUCTION,19.63,3.80
JALUMURU,Linglavalasa,Mamidi Banda,SS,GP,AUCTION,7.33,1.66
JALUMURU,Linglavalasa,Mangali Banda,SS,GP,AUCTION,4.12,1.10
JALUMURU,Linglavalasa,Marri Banda,SS,GP,AUCTION,9.07,1.96
JALUMURU,Linglavalasa,Narsi BANDA,SS,GP,AUCTION,5.01,1.26
JALUMURU,Linglavalasa,Pagotivani Tank,SS,GP,AUCTION,13.70,2.77
JALUMURU,Linglavalasa,Pedda Tank,SS,GP,AUCTION,28.16,5.28
JALUMURU,Linglavalasa,Ramappa Tank,SS,GP,AUCTION,5.22,1.29
JALUMURU,Linglavalasa,Samaravani Tank,SS,GP,AUCTION,10.42,2.20
JALUMURU,Linglavalasa,Savaravalla Tank,SS,GP,AUCTION,4.05,1.09
JALUMURU,Linglavalasa,Seetha Sagaram,SS,GP,AUCTION,3.95,1.07
JALUMURU,Linglavalasa,Vusirikiola Tank,SS,GP,AUCTION,20.24,3.90
JALUMURU,Rana,Dalappa Tank,SS,GP,AUCTION,11.59,2.40
JALUMURU,Rana,Kanugula Banda,SS,GP,AUCTION,15.05,3.00
JALUMURU,Rana,Annakarra Tank,SS,GP,AUCTION,28.76,5.38
JALUMURU,Ravipadu,Agurla Banda,SS,GP,AUCTION,4.00,1.08
JALUMURU,Ravipadu,Gundugarayya Tank,SS,GP,AUCTION,5.76,1.39
JALUMURU,Ravipadu,Gundu Dalayya Tank,SS,GP,AUCTION,4.74,1.21
JALUMURU,Subramanyapuram,Lakshmi Sagaram,SS,GP,AUCTION,11.32,2.35
JALUMURU,Subramanyapuram,Gudiya Banda,SS,GP,AUCTION,9.17,1.98
JALUMURU,Talataria,Adaviramudu ank,SS,GP,AUCTION,6.89,1.58
JALUMURU,Talataria,Dandupthi Tank,SS,GP,AUCTION,6.56,1.53
JALUMURU,Talataria,Komati Tank,SS,GP,AUCTION,17.16,3.37
JALUMURU,Talataria,Kota Tank,SS,GP,AUCTION,3.67,1.02
JALUMURU,Talataria,Kotha Tank,SS,GP,AUCTION,24.10,4.57
JALUMURU,Talataria,Kotta Tank,SS,GP,AUCTION,15.75,3.12
JALUMURU,Talataria,Kotta Tank,SS,GP,AUCTION,17.35,3.40
JALUMURU,Talataria,Neradi & Voora Banda,SS,GP,AUCTION,6.60,1.53
JALUMURU,Tekkalipadu,Pilli Karra Tank,SS,GP,AUCTION,3.73,1.03
JALUMURU,Venkatapuram,Komati Tank,SS,GP,AUCTION,7.58,1.70
JALUMURU,Venkatapuram,Kupam Tank,SS,GP,AUCTION,24.65,4.67
JALUMURU,Venkatapuram,Kusuma Sagaram,SS,GP,AUCTION,14.41,2.89
JALUMURU,Venkatapuram,Mendavani Tank,SS,GP,AUCTION,6.48,1.51
JALUMURU,Venkatapuram,Poonu Tank,SS,GP,AUCTION,6.33,1.49
JALUMURU,Venkatapuram,Ramachandra Tank,SS,GP,AUCTION,6.08,1.44
JALUMURU,Yelamanchili,Voora Tank,SS,GP,AUCTION,17.02,3.34
JALUMURU,Yelamanchili, Puti Banda,SS,GP,AUCTION,5.44,1.33
JALUMURU,Yeneti  Kotturu,Seeta Sagaram,SS,GP,AUCTION,12.41,2.54
Saravakota,Anguru,Menda papayya Tank,SS,GP,AUCTION,8.83,1.92
Saravakota,Anguru,Smisi karra Tank,SS,GP,AUCTION,3.22,0.95
Saravakota,Annupuram,Vaba Tank,SS,GP,AUCTION,36.27,4.95
Saravakota,Annupuram,Voora Tank,SS,GP,AUCTION,13.81,2.79
Saravakota,Avalingi,Jaggu Tank,SS,GP,AUCTION,20.04,3.87
Saravakota,Avalingi,Dalisetti Tank,SS,GP,AUCTION,4.08,1.10
Saravakota,Avalingi,Dahala Tank,SS,GP,AUCTION,2.60,0.84
Saravakota,Avalingi,Kappala Tank,SS,GP,AUCTION,5.09,1.27
Saravakota,Bydalapuram,voora Tank,SS,GP,AUCTION,16.30,3.22
Saravakota,Budithi,Voora Tank,SS,GP,AUCTION,7.58,1.70
Saravakota,Budithi,Puledu Tank,SS,GP,AUCTION,13.84,1.05
Saravakota,Budithi,Sangivani Tank,SS,GP,AUCTION,5.09,1.27
Saravakota,Cheedipudi,Voora Tank,SS,GP,AUCTION,5.09,1.27
Saravakota,Cheedipudi,Atchanna Tank,SS,GP,AUCTION,6.33,1.49
Saravakota,Cheedipudi,Basanna Tank,SS,GP,AUCTION,5.71,1.38
Saravakota,Cheedipudi,kotha Tank,SS,GP,AUCTION,5.30,1.31
Saravakota,Cheedipudi,konadikarra Tank,SS,GP,AUCTION,1.97,0.73
Saravakota,Chinnakittalapadu,Kanapala Tank,SS,GP,AUCTION,32.78,4.52
Saravakota,D.L.Puram,Ravi puni Tank,SS,GP,AUCTION,4.46,1.16
Saravakota,D.L.Puram,Jogemma Tank,SS,GP,AUCTION,3.22,0.95
Saravakota,D.L.Puram,Thutika Tank,SS,GP,AUCTION,2.60,0.84
Saravakota,D.L.Puram,Punu Tank,SS,GP,AUCTION,5.19,0.73
Saravakota,Gorribanda,Yerra vani Tank,SS,GP,AUCTION,4.46,1.16
Saravakota,Gorribanda,Peyya vani Tank,SS,GP,AUCTION,6.33,1.49
Saravakota,Gorribanda,Patha tank,SS,GP,AUCTION,4.46,1.16
Saravakota,Govardhanapuram,Voora Tank,SS,GP,AUCTION,7.58,1.70
Saravakota,Govardhanapuram,Bapanna Tank,SS,GP,AUCTION,7.58,1.70
Saravakota,Gummapadu,Gopala Sagaram Tank,SS,GP,AUCTION,20.04,3.87
Saravakota,Jamachakram,Bokadala Tank,SS,GP,AUCTION,11.32,2.35
Saravakota,Jamachakram,Ginni Tank,SS,GP,AUCTION,11.94,2.46
Saravakota,Karadasingi,Nelayya Sagaram,SS,GP,AUCTION,5.09,1.27
Saravakota,Karadasingi,Singidi Banda,SS,GP,AUCTION,5.09,1.27
Saravakota,Kellavalasa,kistamayya Tank,SS,GP,AUCTION,8.83,1.92
Saravakota,Kidimi,Kalynam Tank,SS,GP,AUCTION,4.46,1.16
Saravakota,Kidimi,Yerra Tank,SS,GP,AUCTION,7.89,1.76
Saravakota,Kodaddapanasa,Dharmana Vaari Tank,SS,GP,AUCTION,2.60,0.84
Saravakota,K.S.Palli,Nalla Tank,SS,GP,AUCTION,4.22,1.12
Saravakota,Kummarigunta,Rama Sagaram Tank,SS,GP,AUCTION,26.27,4.95
Saravakota,Kurmanadhapuram,Chenchu naidu Tank,SS,GP,AUCTION,11.32,2.35
Saravakota,Lakshmipram,Chinna Tank,SS,GP,AUCTION,12.56,2.57
Saravakota,Maluva,karnam Tank,SS,GP,AUCTION,5.09,1.27
Saravakota,Mahasingi,kanapala Tank,SS,GP,AUCTION,16.30,3.22
Saravakota,Mahasingi,Seetha Sagaram,SS,GP,AUCTION,11.32,2.35
Saravakota,Nowthala,Gopala Sagaram Tank,SS,GP,AUCTION,8.83,1.92
Saravakota,Peddalamba,kurmanna Tank,SS,GP,AUCTION,4.89,1.24
Saravakota,Peddalamba,Ralla Tank,SS,GP,AUCTION,13.81,2.75
Saravakota,Ramakrishnapuram,Voora Tank,SS,GP,AUCTION,8.32,2.35
Saravakota,Ramakrishnapuram,koneru Tank,SS,GP,AUCTION,2.60,0.84
Saravakota,Vandrayi,Dahala Tank,SS,GP,AUCTION,3.84,1.06
Saravakota,Venkatapuram,Patha Tank,SS,GP,AUCTION,10.69,2.47
Saravakota,Venkatapuram,Punam Tank,SS,GP,AUCTION,5.59,1.27
Saravakota,Poppangi,rangasagaram,LS,MI,Lease,84.01,35.00
JALUMURU,guggili ,krishna sagaram,LS,MI,Lease,41.49,26.35
JALUMURU,Talataria,Pedda Tank,LS,MI,Lease,36.00,20.20
Saravakota,Lakshmipram,Pedda Tank,SS,MI,Lease,37.50,20.31
JALUMURU,ramayyavalasa ,kabala tank,SS,MI,Lease,14.00,9.00
JALUMURU,jalumuru ,tamara tank,SS,MI,Lease,31.00,16.00
JALUMURU,jalumuru ,rupa sagaram,SS,MI,Lease,35.00,16.00
JALUMURU,pagodu,pedda tank,SS,MI,Lease,22.50,10.00
JALUMURU,basivada,pedda tank,SS,MI,Lease,28.00,10.00
JALUMURU,Jonanki,Jagannadha Sagaram,LS,MI,AUCTION,87.45,48.34
JALUMURU,Rana,Adaviramudu  Tank,LS,MI,AUCTION,125.31,67.11
JALUMURU,Ravipadu,Ravipadu Tank,LS,MI,AUCTION,84.57,75.19
JALUMURU,Tekkalipadu,Vanavusidi tank,LS,MI,AUCTION,67.95,55.40
JALUMURU,Tekkalipadu,Gavalamma Tank,LS,MI,AUCTION,95.11,70.00
Saravakota,Anguru,Pedda Tank,LS,MI,AUCTION,154.32,54.16
Saravakota,Chinnagujjuvada,vepala karra Tank,LS,MI,AUCTION,121.37,36.09
