AMADALAVALASA,AMADALAVALASA,DHARMAKONERU,SS,GP,LEASE,30.4,8.0,,
AMADALAVALASA,AMADALAVALASA,PEDDA TANK,SS,GP,LEASE,58.0,16.1,,
AMADALAVALASA,AMADALAVALASA,VENKATARAJUTANK,SS,GP,LEASE,40.0,10.8,,
AMADALAVALASA,AMADALAVALASA,KOTTA TANK,SS,GP,LEASE,27.2,7.1,,
AMADALAVALASA,AMADALAVALASA,KANAKALA TANK,SS,GP,LEASE,32.8,8.7,,
AMADALAVALASA,AMADALAVALASA,KANAKADRITANK,SS,GP,LEASE,26.7,6.9,,
AMADALAVALASA,AMADALAVALASA,LAXMISAGARAM,SS,GP,LEASE,27.1,7.0,,
AMADALAVALASA,AMADALAVALASA,ANKAMMATANK,SS,GP,LEASE,38.4,10.3,,
AMADALAVALASA,AMADALAVALASA,VEKATARAOTANK,SS,GP,LEASE,32.4,8.6,,
AMADALAVALASA,KASIMVALASAPETA,ALLIVANITANK,SS,GP,LEASE,31.2,8.2,,
AMADALAVALASA,KASIMVALASAPETA,KARRATANK,SS,GP,LEASE,30.8,8.1,,
AMADALAVALASA,KASIMVALASAPETA,KAPILAVANITANK,SS,GP,LEASE,30.4,8.0,,
AMADALAVALASA,KASIMVALASAPETA,PATALATANK,SS,GP,LEASE,27.2,7.1,,
AMADALAVALASA,KASIMVALASAPETA,KAPIRIVANITANK,SS,GP,LEASE,26.1,6.7,,
AMADALAVALASA,KASIMVALASAPETA,CHINNAVANITANK,SS,GP,LEASE,29.6,7.8,,
AMADALAVALASA,KASIMVALASAPETA,MANGALAVANITANK,SS,GP,LEASE,28.0,7.3,,
AMADALAVALASA,KASIMVALASAPETA,MATHALATANK,SS,GP,LEASE,24.6,6.3,,
AMADALAVALASA,KASIMVALASAPETA,PADALAVANI TANK,SS,GP,LEASE,28.0,7.3,,
AMADALAVALASA,KATYACHARYULAPETA,BODDAVANITANK,SS,GP,LEASE,26.0,6.7,,
AMADALAVALASA,KATYACHARYULAPETA,VOORATANK,SS,GP,LEASE,35.2,9.4,,
AMADALAVALASA,KATYACHARYULAPETA,AMBATIVANITANK,SS,GP,LEASE,51.2,14.1,,
AMADALAVALASA,KORLAKOTA,MURAGADA BANDA,SS,GP,LEASE,35.2,9.4,,
AMADALAVALASA,KORLAKOTA,MALLAMMATANK,SS,GP,LEASE,50.0,13.7,,
AMADALAVALASA,KORLAKOTA,DHARMASAGARAM,SS,GP,LEASE,56.0,15.5,,
AMADALAVALASA,KORLAKOTA,SOMULUTANK,SS,GP,LEASE,38.0,10.2,,
AMADALAVALASA,KRISHNAPURAM,DHARMAKONERU,SS,GP,LEASE,30.0,7.9,,
AMADALAVALASA,KRISHNAPURAM,JOGAMMATANK,SS,GP,LEASE,28.0,7.3,,
AMADALAVALASA,KRISHNAPURAM,ASARAVANITANK,SS,GP,LEASE,29.2,7.6,,
AMADALAVALASA,KRISHNAPURAM,PALABANDATANK,SS,GP,LEASE,32.8,8.7,,
AMADALAVALASA,KRISHNAPURAM,KONDAVANITANK,SS,GP,LEASE,27.2,7.1,,
AMADALAVALASA,KRISHNAPURAM,ANKAMMATANK,SS,GP,LEASE,28.0,7.3,,
AMADALAVALASA,KRISHNAPURAM,PYDIVANITANK,SS,GP,LEASE,26.8,6.9,,
AMADALAVALASA,KRISHNAPURAM,KOLLIVANITANK,SS,GP,LEASE,37.2,10.0,,
AMADALAVALASA,KRISHNAPURAM,MOGILITANK,SS,GP,LEASE,31.2,8.2,,
AMADALAVALASA,KRISHNAPURAM,CHINNAVANITANK,SS,GP,LEASE,26.1,6.7,,
AMADALAVALASA,KRISHNAPURAM,SRIRAMTANK,SS,GP,LEASE,24.8,6.4,,
AMADALAVALASA,KRISHNAPURAM,KONDAVANITANK,SS,GP,LEASE,25.0,6.4,,
AMADALAVALASA,KRISHNAPURAM,MOYYITANK,SS,GP,LEASE,25.9,6.7,,
AMADALAVALASA,KUDDIRAM,THALLATANK,SS,GP,LEASE,24.9,6.4,,
AMADALAVALASA,MUNAGAVALASA,KUMBAVANITANK,SS,GP,LEASE,26.4,6.8,,
AMADALAVALASA,MUNAGAVALASA,NARASANNA TANK,SS,GP,LEASE,27.2,7.1,,
AMADALAVALASA,MUNAGAVALASA,KURMANNATANK,SS,GP,LEASE,52.0,14.3,,
AMADALAVALASA,PONNAMPETA,VANIKALAVANITANK,SS,GP,LEASE,40.0,10.8,,
AMADALAVALASA,PONNAMPETA,VOORATANK,SS,GP,LEASE,34.0,9.0,,
AMADALAVALASA,PONNAMPETA,CHAVITHIBANDA,SS,GP,LEASE,28.4,7.4,,
AMADALAVALASA,RAMACHANDRAPURAM,RAMANNATANK,SS,GP,LEASE,34.0,9.0,,
AMADALAVALASA,RAMACHANDRAPURAM,MANYALATANK,SS,GP,LEASE,30.0,7.9,,
AMADALAVALASA,RAMACHANDRAPURAM,CHINNAYYATANK,SS,GP,LEASE,27.6,7.2,,
AMADALAVALASA,RAMACHANDRAPURAM,ACHAMMAKONERU,SS,GP,LEASE,28.8,7.5,,
AMADALAVALASA,RAMACHANDRAPURAM,PASUVULABANDA,SS,GP,LEASE,34.0,9.0,,
AMADALAVALASA,RAMACHANDRAPURAM,SAGARAMTANK,SS,GP,LEASE,64.0,17.8,,
AMADALAVALASA,SAILADA,NALLAKARRA TANK,SS,GP,LEASE,30.8,8.1,,
AMADALAVALASA,SAILADA,RAMARAJATANK,SS,GP,LEASE,25.6,6.6,,
AMADALAVALASA,SAILADA,YERRATANK,SS,GP,LEASE,28.0,7.3,,
AMADALAVALASA,SAILADA,KUMMARITANK,SS,GP,LEASE,26.4,6.8,,
AMADALAVALASA,SAILADA,AYYAPPATANK,SS,GP,LEASE,26.0,6.7,,
AMADALAVALASA,SAILADA,VAIDULANARSUTANK,SS,GP,LEASE,27.2,7.1,,
AMADALAVALASA,SAILADA,YERRARAJUTANK,SS,GP,LEASE,31.2,8.2,,
AMADALAVALASA,SAILADA,RAMANACHARYULA TANK,SS,GP,LEASE,26.4,6.8,,
AMADALAVALASA,SAILADA,PENTABANDA TANK,SS,GP,LEASE,28.8,7.5,,
AMADALAVALASA,SAILADA,NUTHIKARRA TANK,SS,GP,LEASE,26.8,6.9,,
AMADALAVALASA,SAILADA,GURAPPATANK,SS,GP,LEASE,34.0,9.0,,
AMADALAVALASA,SAILADA,NARAYADUTANK,SS,GP,LEASE,48.0,13.1,,
AMADALAVALASA,SAILADA,VANDABANDA TANK,SS,GP,LEASE,36.0,9.6,,
AMADALAVALASA,SAILADA,KRISHNASAGARAM,SS,GP,LEASE,50.0,13.7,,
AMADALAVALASA,SAILADA,DAMMALAVANITANK,SS,GP,LEASE,49.6,6.4,,
AMADALAVALASA,SAILADA,NARAYANATANK,SS,GP,LEASE,34.0,9.0,,
AMADALAVALASA,SAILADA,CHINNAKURMANNA TANK,SS,GP,LEASE,25.2,6.5,,
AMADALAVALASA,SAILADA,KOLLAVANITANK,SS,GP,LEASE,34.8,9.3,,
AMADALAVALASA,SAILADA,NEMANITANK,SS,GP,LEASE,28.8,7.5,,
AMADALAVALASA,SAILADA,CHINTHAPUTTITANK,SS,GP,LEASE,44.0,12.0,,
AMADALAVALASA,SAILADA,MARRITANK,SS,GP,LEASE,36.8,9.9,,
AMADALAVALASA,VEDULLAVALASA,CHALLAVANITANK,SS,GP,LEASE,34.0,9.0,,
AMADALAVALASA,VEDULLAVALASA,DAKALAVANITANK,SS,GP,LEASE,27.2,7.1,,
AMADALAVALASA,VEDULLAVALASA,KAMSALITANK,SS,GP,LEASE,32.0,8.5,,
AMADALAVALASA,VEDULLAVALASA,THELAKALAVANITANK,SS,GP,LEASE,32.0,8.5,,
AMADALAVALASA,VEDULLAVALASA,DARGAVANITANK,SS,GP,LEASE,36.0,9.6,,
AMADALAVALASA,VEDULLAVALASA,KOTTATANK,SS,GP,LEASE,32.0,8.5,,
AMADALAVALASA,VEDULLAVALASA,VOORATANK,SS,GP,LEASE,36.0,9.6,,
Srikakulam,Bhyrivanipeta,Kancharapuvani Cheruvu,SS,GP,LEASE,30.1,7.6,,
Srikakulam,Bhyrivanipeta,Rallabanda,SS,GP,LEASE,30.3,7.6,,
Srikakulam,Bhyrivanipeta,Kotta Cheruvu,SS,GP,LEASE,30.9,7.7,,
Srikakulam,Bhyrivanipeta,Chokkakula Banda,SS,GP,LEASE,30.9,7.7,,
Srikakulam,Bhyrivanipeta,Santhacheruvu,SS,GP,LEASE,31.3,7.8,,
Srikakulam,Bhyrivanipeta,Bhu Cheruvu,SS,GP,LEASE,32.1,8.0,,
Srikakulam,Bhyrivanipeta,Kotta Cheruvu,SS,GP,LEASE,32.1,8.0,,
Srikakulam,Bhyrivanipeta,Panthulu Cheruvu,SS,GP,LEASE,32.4,8.1,,
Srikakulam,Bhyrivanipeta,Kotta Cheruvu,SS,GP,LEASE,32.4,8.1,,
Srikakulam,Bhyrivanipeta,Maridi Cheruvu,SS,GP,LEASE,33.0,8.2,,
Srikakulam,Bhyrivanipeta,Pathecheruvu,SS,GP,LEASE,34.7,8.6,,
Srikakulam,Bhyrivanipeta,Pedda Cheruvu,SS,GP,LEASE,35.8,8.9,,
Srikakulam,Bhyrivanipeta,Chutturuvani Cheruvu,SS,GP,LEASE,35.9,8.9,,
Srikakulam,Bhyrivanipeta,Duppalakarra Cheruvu,SS,GP,LEASE,37.8,9.4,,
Srikakulam,Bhyrivanipeta,Krishnamnaidu Tank,SS,GP,LEASE,40.5,10.0,,
Srikakulam,Bhyrivanipeta,Bhuktavani Cheruvu,SS,GP,LEASE,46.8,11.5,,
Srikakulam,Bhyrivanipeta,Vankayalavani Cheruvu,SS,GP,LEASE,47.6,11.6,,
Srikakulam,Bhyrivanipeta,Garamma Cheruvu,SS,GP,LEASE,51.5,12.6,,
Srikakulam,Bhyrivanipeta,Ramudu Cheruvu,SS,GP,LEASE,51.7,12.6,,
Srikakulam,Bhyrivanipeta,Chintala Pedda Cheruvu,SS,GP,LEASE,52.3,12.8,,
Srikakulam,Kasimvalasa,Voora tank,SS,GP,LEASE,71.0,17.1,,
Srikakulam,Kistappa  peta,Noothi tank,SS,GP,LEASE,25.6,6.5,,
Srikakulam,Kistappa  peta,Amudala tank,SS,GP,LEASE,25.0,6.4,,
Srikakulam,Kistappa  peta,Pachimannu goyya,SS,GP,LEASE,24.8,6.3,,
Srikakulam,Ponnam,Eedulakarra Tank,SS,GP,LEASE,31.6,7.9,,
Srikakulam,Ponnam,Saidulapuvani Cheruvu,SS,GP,LEASE,34.0,8.5,,
Srikakulam,Ponnam,Komi Cheruvu,SS,GP,LEASE,35.4,8.8,,
Srikakulam,Ponnam,Devarabanda,SS,GP,LEASE,36.6,9.1,,
Srikakulam,Ponnam,Peramma Cheruvu,SS,GP,LEASE,40.1,9.9,,
Srikakulam,Singupuram,Pasuvula Cheruvu,SS,GP,LEASE,29.5,7.4,,
Srikakulam,Singupuram,Pogili Asirivani Tank,SS,GP,LEASE,31.8,8.0,,
Srikakulam,Singupuram,Rangolu Cheruvu,SS,GP,LEASE,46.3,11.3,,
Srikakulam,Singupuram,Masabu Cheruvu,SS,GP,LEASE,55.8,19.8,,
Srikakulam,Singupuram,Gedda tank,SS,GP,LEASE,28.2,7.9,,
Srikakulam,Singupuram,kondamma tank,SS,GP,LEASE,30.2,7.9,,
Srikakulam,Singupuram,Mamidi tank,SS,GP,LEASE,45.2,14.9,,
Srikakulam,Singupuram,Annepu tank,SS,GP,LEASE,31.1,8.6,,
AMADALAVALASA,AKKIVALASA,JAGGANNA TANK,SS,GP,Auction,1.27,0.77,,
AMADALAVALASA,AKKIVALASA,JAGGANNA KONERU,SS,GP,Auction,0.97,0.47,,
AMADALAVALASA,AKKIVALASA,NERADI TANK,SS,GP,Auction,0.87,0.37,,
AMADALAVALASA,AKKIVALASA,KOTTATANK,SS,GP,Auction,0.84,0.34,,
AMADALAVALASA,AKKIVALASA,ALLUVANITANK,SS,GP,Auction,0.40,0.30,,
AMADALAVALASA,AKKIVALASA,REDDY TANK,SS,GP,Auction,0.87,0.37,,
AMADALAVALASA,AKKIVALASA,VEDURUKANDU TANK,SS,GP,Auction,1.60,1.10,,
AMADALAVALASA,AKKIVALASA,PATHA TANK,SS,GP,Auction,0.60,0.10,,
AMADALAVALASA,AKKIVALASA,PANTHULTANK,SS,GP,Auction,0.37,0.25,,
AMADALAVALASA,AKKIVALASA,NAGUMAYYATNAK,SS,GP,Auction,0.37,0.28,,
AMADALAVALASA,AKKIVALASA,NAGAYYA TANK,SS,GP,Auction,1.57,1.07,,
AMADALAVALASA,AKKIVALASA,PATHULU TANK,SS,GP,Auction,1.62,1.12,,
AMADALAVALASA,AKKIVALASA,JOGAMMA TANK,SS,GP,Auction,0.60,0.10,,
AMADALAVALASA,AKKULAPETA,GUNDUVANITANK,SS,GP,Auction,2.37,1.87,,
AMADALAVALASA,AKKULAPETA,KOTT TANK,SS,GP,Auction,1.27,0.77,,
AMADALAVALASA,AKKULAPETA,RALLATANK,SS,GP,Auction,1.37,0.87,,
AMADALAVALASA,AKKULAPETA,LATCHANNAIDU TANK,SS,GP,Auction,2.37,0.80,,
AMADALAVALASA,AKKULAPETA,JAGGUNAIDU TANK,SS,GP,Auction,0.84,0.53,,
AMADALAVALASA,AKKULAPETA,KONDAYYA TANK,SS,GP,Auction,1.87,1.37,,
AMADALAVALASA,AKKULAPETA,ASIRIVANITANK,SS,GP,Auction,0.37,0.30,,
AMADALAVALASA,AKKULAPETA,TIMMAPPAKARRA TANK,SS,GP,Auction,1.00,0.50,,
AMADALAVALASA,AKKULAPETA,VOORA TANK,SS,GP,Auction,0.77,0.27,,
AMADALAVALASA,AKKULAPETA,VENKATANAIDU TANK,SS,GP,Auction,0.97,0.47,,
AMADALAVALASA,AKKULAPETA,PALLAVANITANK,SS,GP,Auction,2.07,1.57,,
AMADALAVALASA,AKKULAPETA,DUPPALAVANI TANK,SS,GP,Auction,1.87,1.37,,
AMADALAVALASA,ACHANNAPETA,VANNELAVANITANK,SS,GP,Auction,0.37,0.30,,
AMADALAVALASA,ANADAPURAM,HANUMANTHU TANK,SS,GP,Auction,1.27,0.77,,
AMADALAVALASA,ANADAPURAM,KOTTATANK,SS,GP,Auction,1.37,0.87,,
AMADALAVALASA,BOBBILIPETA,CHINTHADAVANITANK,SS,GP,Auction,3.97,1.47,,
AMADALAVALASA,BOBBILIPETA,BANKAVANITANK,SS,GP,Auction,0.80,0.30,,
AMADALAVALASA,BOBBILIPETA,NARAPPATANK,SS,GP,Auction,1.37,0.87,,
AMADALAVALASA,BOBBILIPETA,JAGGARAJUTANK,SS,GP,Auction,0.87,0.37,,
AMADALAVALASA,BOBBILIPETA,KOTTATANK,SS,GP,Auction,1.37,0.87,,
AMADALAVALASA,BOBBILIPETA,CHITTIVANITANK,SS,GP,Auction,13.97,5.32,,
AMADALAVALASA,BOBBILIPETA,KOTTATANK,SS,GP,Auction,1.37,0.87,,
AMADALAVALASA,BOBBILIPETA,BOGAMMATANK,SS,GP,Auction,0.87,0.37,,
AMADALAVALASA,BORIGIVALASA,KADI TANK,SS,GP,Auction,0.50,0.30,,
AMADALAVALASA,BHIRISASTRULAPETA,PALLAVANITANK,SS,GP,Auction,1.37,0.87,,
AMADALAVALASA,BHIRISASTRULAPETA,KOTTABANDA,SS,GP,Auction,1.37,0.87,,
AMADALAVALASA,BHIRISASTRULAPETA,YERRATANK,SS,GP,Auction,1.37,0.87,,
AMADALAVALASA,CHINNAJONNAVALASA,RAVIKARRA TANK,SS,GP,Auction,2.37,1.87,,
AMADALAVALASA,CHINNAJONNAVALASA,MOTIKA TANK,SS,GP,Auction,1.97,1.47,,
AMADALAVALASA,CHINNAJONNAVALASA,JAGGILIVANITANK,SS,GP,Auction,1.87,1.00,,
AMADALAVALASA,CHINTHALAPETA,SEEPANNABANDA,SS,GP,Auction,1.57,0.50,,
AMADALAVALASA,CHINTHALAPETA,ASIRIVANITANK,SS,GP,Auction,1.37,0.87,,
AMADALAVALASA,CHINTHALAPETA,PEDDALAKKAVANITANK,SS,GP,Auction,1.27,0.77,,
AMADALAVALASA,CHINTHALAPETA,ACHARYULAVANITANK,SS,GP,Auction,0.87,0.37,,
AMADALAVALASA,CHINTHALAPETA,PONNADAVANI TANK,SS,GP,Auction,1.37,0.87,,
AMADALAVALASA,CHINTHALAPETA,PANGAVANITANK,SS,GP,Auction,1.17,0.67,,
AMADALAVALASA,CHINTHALAPETA,RAVADAVANITANK,SS,GP,Auction,0.56,0.32,,
AMADALAVALASA,CHINTHALAPETA,PEDAVENKATARAIDUTANK,SS,GP,Auction,1.27,0.77,,
AMADALAVALASA,CHINTHALAPETA,CHINAVENKATARAYANI TANK,SS,GP,Auction,0.37,0.30,,
AMADALAVALASA,CHINTHALAPETA,BHIRAGIPANTHULA TANK,SS,GP,Auction,1.07,0.57,,
AMADALAVALASA,CHINTHALAPETA,EDULAVANITANK,SS,GP,Auction,1.97,1.47,,
AMADALAVALASA,CHINTHALAPETA,KUMMARIVANITANK,SS,GP,Auction,1.87,1.37,,
AMADALAVALASA,CHINTHALAPETA,CHALLAVANITANK,SS,GP,Auction,1.37,0.87,,
AMADALAVALASA,CHINTHALAPETA,ANJAVANITANK,SS,GP,Auction,2.37,1.87,,
AMADALAVALASA,CHINTHALAPETA,NAGULAVANITANK,SS,GP,Auction,1.97,1.47,,
AMADALAVALASA,CHINTHALAPETA,RITTAMANU TANK,SS,GP,Auction,3.97,1.00,,
AMADALAVALASA,CHITTIVALASA,KANNEKARRA TANK,SS,GP,Auction,0.87,0.37,,
AMADALAVALASA,CHITTIVALASA,VELAMAKARRA TANK,SS,GP,Auction,1.37,0.87,,
AMADALAVALASA,CHITTIVALASA,PAPAYYA TANK,SS,GP,Auction,0.85,0.35,,
AMADALAVALASA,CHITTIVALASA,LAXMISAGARAM,SS,GP,Auction,1.37,0.87,,
AMADALAVALASA,CHITTIVALASA,ASIRIKARRATANK,SS,GP,Auction,1.17,0.67,,
AMADALAVALASA,CHITTIVALASA,BAFETHKHAN TANK,SS,GP,Auction,1.67,1.17,,
AMADALAVALASA,CHITTIVALASA,JAGGANNA KONERU,SS,GP,Auction,0.57,0.50,,
AMADALAVALASA,DANDAM VALASA,VOORA TANK,SS,GP,Auction,0.97,0.47,,
AMADALAVALASA,DANDAM VALASA,KONERU TANK,SS,GP,Auction,0.87,0.37,,
AMADALAVALASA,DANDAM VALASA,SEEPANNABANDA,SS,GP,Auction,2.37,1.87,,
AMADALAVALASA,DANDAM VALASA,KANAKAYYABANDA,SS,GP,Auction,1.37,0.87,,
AMADALAVALASA,DANDAM VALASA,KOTTATANK,SS,GP,Auction,1.97,1.47,,
AMADALAVALASA,HANUMANTHUPURAM,KAVVA TANK,SS,GP,Auction,1.93,0.43,,
AMADALAVALASA,HANUMANTHUPURAM,GOTTIVANITANK,SS,GP,Auction,3.00,2.67,,
AMADALAVALASA,HANUMANTHUPURAM,Banda,SS,GP,Auction,2.17,2.00,,
AMADALAVALASA,HANUMANTHUPURAM,KOTTATANK,SS,GP,Auction,1.37,0.87,,
AMADALAVALASA,JAMMU,SANYASI TANK,SS,GP,Auction,1.27,0.77,,
AMADALAVALASA,JAGGUSASTRULAPETA,LATCHAYYA TANK,SS,GP,Auction,1.17,0.67,,
AMADALAVALASA,JAGGUSASTRULAPETA,KOTTATANK,SS,GP,Auction,0.97,0.47,,
AMADALAVALASA,JAGGUSASTRULAPETA,GUMMADITANK,SS,GP,Auction,1.00,0.50,,
AMADALAVALASA,JAGGUSASTRULAPETA,NALLAKARRA TANK,SS,GP,Auction,0.87,0.37,,
AMADALAVALASA,KANUGULAVALASA,MALAMALA TANK,SS,GP,Auction,3.37,0.87,,
AMADALAVALASA,KANUGULAVALASA,KANUGULAVANI TANK,SS,GP,Auction,0.37,0.30,,
AMADALAVALASA,KANUGULAVALASA,BABITANK,SS,GP,Auction,1.37,0.87,,
AMADALAVALASA,KANUGULAVALASA,KRISHNAMMA TANK,SS,GP,Auction,0.97,0.47,,
AMADALAVALASA,KANUGULAVALASA,DALINAIDU TANK,SS,GP,Auction,1.57,1.07,,
AMADALAVALASA,KANUGULAVALASA,PEDDATANK,SS,GP,Auction,0.97,0.47,,
AMADALAVALASA,KANUGULAVALASA,CHALLANAIDUTANK,SS,GP,Auction,1.00,0.50,,
AMADALAVALASA,KANUGULAVALASA,BALLANAIDUTANK,SS,GP,Auction,1.37,0.87,,
AMADALAVALASA,KOTTAVALASA,CHINNAVANITANK,SS,GP,Auction,1.97,1.47,,
AMADALAVALASA,KOTTAVALASA,RALLA TANK,SS,GP,Auction,1.37,0.87,,
AMADALAVALASA,KOTTAVALASA,KARRODU TANK,SS,GP,Auction,1.97,1.47,,
AMADALAVALASA,KOTTAVALASA,SADANALATANK,SS,GP,Auction,0.64,0.34,,
AMADALAVALASA,KOTTAVALASA,SIMMANNATANK,SS,GP,Auction,0.37,0.30,,
AMADALAVALASA,MANDADI,VOORATANK,SS,GP,Auction,3.97,3.47,,
AMADALAVALASA,MANDADI,KONDATANK,SS,GP,Auction,0.87,0.37,,
AMADALAVALASA,MANDADI,YERRABANDA,SS,GP,Auction,1.17,0.67,,
AMADALAVALASA,MANDADI,VENKANNATANK,SS,GP,Auction,0.57,0.07,,
AMADALAVALASA,MANDADI,VOORATANK,SS,GP,Auction,0.37,0.30,,
AMADALAVALASA,MANDADI,PAPADUTANK,SS,GP,Auction,3.00,0.60,,
AMADALAVALASA,MANDADI,Banda,SS,GP,Auction,2.97,0.60,,
AMADALAVALASA,MANDADI,AMMAVANITANK,SS,GP,Auction,2.37,1.87,,
AMADALAVALASA,MANDADI,NARASANNAKARRA TANK,SS,GP,Auction,1.37,0.87,,
AMADALAVALASA,MANDADI,NATCHUKARRA TANK,SS,GP,Auction,1.27,0.77,,
AMADALAVALASA,MANDADI,BAGAMMATANK,SS,GP,Auction,0.97,0.47,,
AMADALAVALASA,MANDADI,DORAVANITANK,SS,GP,Auction,0.97,0.47,,
AMADALAVALASA,PARVATHISWARUNIPETA,GIRAYATHITANK,SS,GP,Auction,3.00,2.50,,
AMADALAVALASA,PARVATHISWARUNIPETA,KONERU TANK,SS,GP,Auction,2.97,2.97,,
AMADALAVALASA,PARVATHISWARUNIPETA,PILLIVANITANK,SS,GP,Auction,1.57,1.07,,
AMADALAVALASA,PARVATHISWARUNIPETA,BODDABANDA,SS,GP,Auction,0.97,0.47,,
AMADALAVALASA,PARVATHISWARUNIPETA,DHAVALAVANITANK,SS,GP,Auction,3.17,2.67,,
AMADALAVALASA,PARVATHISWARUNIPETA,YERRATANK,SS,GP,Auction,0.80,0.30,,
AMADALAVALASA,PARVATHISWARUNIPETA,NUKANNATANK,SS,GP,Auction,0.87,0.37,,
AMADALAVALASA,PARVATHISWARUNIPETA,RAVITANK,SS,GP,Auction,0.57,0.07,,
AMADALAVALASA,PARVATHISWARUNIPETA,BAMMIDI TANK,SS,GP,Auction,1.27,0.77,,
AMADALAVALASA,PARVATHISWARUNIPETA,BHEEMUNITANK,SS,GP,Auction,0.87,0.37,,
AMADALAVALASA,PARVATHISWARUNIPETA,BASILITANK,SS,GP,Auction,0.37,0.30,,
AMADALAVALASA,PARVATHISWARUNIPETA,KOTTATANK,SS,GP,Auction,1.87,0.50,,
AMADALAVALASA,PARVATHISWARUNIPETA,BOVANATANK,SS,GP,Auction,1.37,0.87,,
AMADALAVALASA,PARVATHISWARUNIPETA,GARABANDA,SS,GP,Auction,1.37,0.87,,
AMADALAVALASA,PARVATHISWARUNIPETA,VOORATANK,SS,GP,Auction,0.57,0.07,,
AMADALAVALASA,PEDDAJONNAVALASA,KONAMMATANK,SS,GP,Auction,1.58,1.08,,
AMADALAVALASA,PEDDAJONNAVALASA,NARASANNAKARRA TANK,SS,GP,Auction,0.87,0.37,,
AMADALAVALASA,PRAGATHAMPETA,GOLLAVANITANK,SS,GP,Auction,1.37,0.87,,
AMADALAVALASA,PRAGATHAMPETA,VOORATANK,SS,GP,Auction,1.67,1.17,,
AMADALAVALASA,PRAGATHAMPETA,CHAVATHITANK,SS,GP,Auction,2.37,1.87,,
AMADALAVALASA,RAVULAVALASA,JOGAMMATANK,SS,GP,Auction,0.60,0.10,,
AMADALAVALASA,RAVIKANIPETA,SYAMALAMMATANK,SS,GP,Auction,2.37,1.87,,
AMADALAVALASA,RAVIKANIPETA,VOORATANK,SS,GP,Auction,1.20,0.70,,
AMADALAVALASA,RAVIKANIPETA,GOLIVIVANITANK,SS,GP,Auction,1.37,0.87,,
AMADALAVALASA,SRIRAMVALASA,ISAKATANK,SS,GP,Auction,1.27,0.77,,
AMADALAVALASA,SRIRAMVALASA,VANDRAMMATANK,SS,GP,Auction,0.68,0.45,,
AMADALAVALASA,SRIRAMVALASA,KONDAVANITANK,SS,GP,Auction,3.00,2.50,,
AMADALAVALASA,Banda,KONDAVANITANK,SS,GP,Auction,2.00,1.50,,
AMADALAVALASA,SRIRAMVALASA,KONERU TANK,SS,GP,Auction,3.44,2.86,,
AMADALAVALASA,SRIRAMVALASA,banda,SS,GP,Auction,8.00,6.70,,
AMADALAVALASA,SRIRAMVALASA,koneru tank,SS,GP,Auction,8.88,6.78,,
AMADALAVALASA,SRIRAMVALASA,NEREDIKARRA TANK,SS,GP,Auction,1.37,0.87,,
AMADALAVALASA,SRIRAMVALASA,SUDIMATTUTANK,SS,GP,Auction,1.37,0.87,,
AMADALAVALASA,THALLAVALASA,KONDAVANITANK,SS,GP,Auction,0.87,0.37,,
AMADALAVALASA,THALLAVALASA,RAMANAYYA TANK,SS,GP,Auction,0.37,0.30,,
AMADALAVALASA,THALLAVALASA,THAMMAYYATANK,SS,GP,Auction,0.37,0.30,,
AMADALAVALASA,THALLAVALASA,YERRATANK,SS,GP,Auction,1.97,1.47,,
AMADALAVALASA,THALLAVALASA,ACHANNATANK,SS,GP,Auction,1.37,0.87,,
AMADALAVALASA,THALLAVALASA,KRISHNAMMATANK,SS,GP,Auction,0.65,0.15,,
AMADALAVALASA,THALLAVALASA,SANIGUNDAMTANK,SS,GP,Auction,3.37,2.87,,
AMADALAVALASA,THIMMAPURAM,PINKIVANITANK,SS,GP,Auction,1.20,0.70,,
AMADALAVALASA,THIMMAPURAM,NARAPPATANK,SS,GP,Auction,2.43,1.93,,
AMADALAVALASA,THIMMAPURAM,JAGGUVANITANK,SS,GP,Auction,1.37,0.87,,
AMADALAVALASA,THIMMAPURAM,CHALLAVANITANK,SS,GP,Auction,2.37,1.87,,
AMADALAVALASA,THIMMAPURAM,HAYATHIVANITANK,SS,GP,Auction,2.37,1.87,,
AMADALAVALASA,THIMMAPURAM,THIMMAYYATANK,SS,GP,Auction,0.80,0.30,,
AMADALAVALASA,THIMMAPURAM,SURAPUTANK,SS,GP,Auction,0.87,0.37,,
AMADALAVALASA,THIMMAPURAM,KOTTATANK,SS,GP,Auction,0.62,0.12,,
AMADALAVALASA,THIMMAPURAM,BANKIDITANK,SS,GP,Auction,1.17,0.67,,
AMADALAVALASA,THIMMAPURAM,JAGGILIVANITANK,SS,GP,Auction,1.97,1.47,,
AMADALAVALASA,THIMMAPURAM,KONDAYYATANK,SS,GP,Auction,3.37,2.87,,
AMADALAVALASA,THIMMAPURAM,REGULAVANITANK,SS,GP,Auction,2.37,1.87,,
AMADALAVALASA,THIMMAPURAM,KONDAVANITANK,SS,GP,Auction,1.37,0.87,,
AMADALAVALASA,THIMMAPURAM,JAGGULUTANK,SS,GP,Auction,2.37,1.87,,
AMADALAVALASA,THIMMAPURAM,VENKATARAYANITANK,SS,GP,Auction,0.97,0.47,,
AMADALAVALASA,THIMMAPURAM,BANKISATANK,SS,GP,Auction,2.37,2.00,,
AMADALAVALASA,THIMMAPURAM,Koneru tank,SS,GP,Auction,2.00,1.87,,
AMADALAVALASA,VANJANGI,THANDRAVANITANK,SS,GP,Auction,1.37,0.87,,
AMADALAVALASA,VANJANGI,NARSINGARAYADUTANK,SS,GP,Auction,1.97,1.47,,
AMADALAVALASA,VANJANGI,POLINAIDUTANK,SS,GP,Auction,2.37,1.87,,
AMADALAVALASA,VANJANGI,BALAGIKONERU,SS,GP,Auction,2.37,1.87,,
AMADALAVALASA,VANJANGI,NAMALABANDA TANK,SS,GP,Auction,1.37,0.87,,
AMADALAVALASA,VANJANGI,PILLERBANDA,SS,GP,Auction,2.37,1.98,,
AMADALAVALASA,VANJANGI,Banda,SS,GP,Auction,2.00,1.89,,
AMADALAVALASA,VANJANGI,ACHARYULAKARRA TANK,SS,GP,Auction,1.27,0.77,,
AMADALAVALASA,VANJANGI,VOORATANK,SS,GP,Auction,0.37,0.35,,
AMADALAVALASA,VANJANGI,BOMMIDALAVANITANK,SS,GP,Auction,2.37,1.87,,
AMADALAVALASA,VENKAYYAPETA,SATTIBANDATANK,SS,GP,Auction,1.27,0.77,,
AMADALAVALASA,VENKAYYAPETA,BALAGAVANITANK,SS,GP,Auction,1.37,0.87,,
AMADALAVALASA,VENKAYYAPETA,BHAGAVANIVARITANK,SS,GP,Auction,3.37,2.87,,
AMADALAVALASA,VENKAYYAPETA,MODDUVANITANK,SS,GP,Auction,0.37,0.30,,
AMADALAVALASA,VENKAYYAPETA,KOTTATANK,SS,GP,Auction,2.37,1.87,,
AMADALAVALASA,VENKAYYAPETA,SEETHAPPATANK,SS,GP,Auction,3.00,2.37,,
AMADALAVALASA,VENKAYYAPETA,SEETHAPPATANK,SS,GP,Auction,2.17,2.30,,
AMADALAVALASA,VENKAYYAPETA,AYYAPPATANK,SS,GP,Auction,1.17,0.67,,
AMADALAVALASA,VENKAYYAPETA,AMBATIVANITANK,SS,GP,Auction,3.20,2.70,,
AMADALAVALASA,VENKAYYAPETA,KRISHNAMMATANK,SS,GP,Auction,4.37,3.87,,
AMADALAVALASA,VENKAYYAPETA,DIPPAKARRATANK,SS,GP,Auction,1.67,1.17,,
Srikakulam,Alikam,Damarlavani Cheruvu,SS,GP,Auction,0.87,0.37,,
Srikakulam,Alikam,Kanchubhumayya Cheruvu,SS,GP,Auction,3.00,0.50,,
Srikakulam,Alikam,Koneru tank,SS,GP,Auction,1.22,0.50,,
Srikakulam,Alikam,Garabanda,SS,GP,Auction,1.49,0.99,,
Srikakulam,Alikam,Kappalabanda,SS,GP,Auction,2.49,1.00,,
Srikakulam,Baliwada,Pedda tank,SS,GP,Auction,0.87,0.37,,
Srikakulam,Batteru,Pedda Cheruvu,SS,GP,Auction,0.61,0.25,,
Srikakulam,Gudem,Nathalavani Tank,SS,GP,Auction,1.97,1.47,,
Srikakulam,Gudem,Gullabanda,SS,GP,Auction,1.77,1.27,,
Srikakulam,Gudem,Punna Cheruvu,SS,GP,Auction,1.37,0.87,,
Srikakulam,Gudem,Votikarra Cheruvu,SS,GP,Auction,2.37,1.87,,
Srikakulam,Gudem,Kotta Tank,SS,GP,Auction,0.37,0.30,,
Srikakulam,Gudem,Gorlapeta Cheruvu(Gorripotu),SS,GP,Auction,1.37,0.87,,
Srikakulam,Gudem,Kottacheruvu,SS,GP,Auction,0.50,0.00,,
Srikakulam,Gudem,Patha Cheruvu,SS,GP,Auction,1.49,0.99,,
Srikakulam,Gudem,Rallabanda,SS,GP,Auction,1.99,0.50,,
Srikakulam,Gudem,Komati Cheruvu,SS,GP,Auction,2.03,0.65,,
Srikakulam,Gudem,KONERU TANK,SS,GP,Auction,2.03,0.65,,
Srikakulam,Gudem,Kotta Tank,SS,GP,Auction,2.07,1.00,,
Srikakulam,Gudem,Atchamma Cheruvu,SS,GP,Auction,1.38,0.88,,
Srikakulam,Gudem,Kallabanda,SS,GP,Auction,1.04,0.54,,
Srikakulam,Gudem,Nagallacheruvu,SS,GP,Auction,4.91,1.00,,
Srikakulam,Gudem,Gunnala Cheruvu,SS,GP,Auction,1.47,0.97,,
Srikakulam,Lankam,Pondara Banda,SS,GP,Auction,3.37,1.00,,
Srikakulam,Lankam,Sottavani Cheruvu,SS,GP,Auction,0.37,0.30,,
Srikakulam,Lankam,Kotta Cheruvu,SS,GP,Auction,1.00,0.50,,
Srikakulam,Lankam,Pedda Cheruvu,SS,GP,Auction,1.61,1.11,,
Srikakulam,Lankam,Lankam Cheruvu,SS,GP,Auction,3.67,1.17,,
Srikakulam,Lankam,Munganna Cheruvu,SS,GP,Auction,2.47,1.97,,
Srikakulam,Lingalavalasa,Nerupukarra Cheruvu,SS,GP,Auction,1.87,1.37,,
Srikakulam,Lingalavalasa,Segalla Banda,SS,GP,Auction,1.57,1.07,,
Srikakulam,Lingalavalasa,Ayyanna Cheruvu,SS,GP,Auction,0.97,0.47,,
Srikakulam,Lingalavalasa,Patha Cheruvu,SS,GP,Auction,0.63,0.20,,
Srikakulam,Lingalavalasa,Pylavani Cheruvu,SS,GP,Auction,1.67,1.17,,
Srikakulam,Nyra,Jangamayya tank,SS,GP,Auction,2.77,0.67,,
Srikakulam,Nyra,Naidukarra Tank (Naidu),SS,GP,Auction,0.37,0.30,,
Srikakulam,Nyra,Allujaggu Tank,SS,GP,Auction,0.95,0.45,,
Srikakulam,Nyra,Erukulavani Tank,SS,GP,Auction,1.01,0.51,,
Srikakulam,Nyra,Kallabanda,SS,GP,Auction,1.39,0.89,,
Srikakulam,Nyra,Naira Tank,SS,GP,Auction,1.87,1.00,,
Srikakulam,Patrunivalasa,Gurava Vani Tank,SS,GP,Auction,0.74,0.24,,
Srikakulam,Patrunivalasa,Gorrelacheruvu,SS,GP,Auction,1.00,0.50,,
Srikakulam,Patrunivalasa,Tirapathi Cheruvu,SS,GP,Auction,1.37,0.87,,
Srikakulam,Peddapadu,Voora tank,SS,GP,Auction,6.49,1.30,,
Srikakulam,Peddapadu,Solabanda Tank,SS,GP,Auction,1.37,0.87,,
Srikakulam,Peddapadu,Golivi Tank,SS,GP,Auction,0.34,0.25,,
Srikakulam,Peddapadu,Baratam Tank,SS,GP,Auction,0.63,0.13,,
Srikakulam,Peddapadu,Kistayya Tank,SS,GP,Auction,11.85,2.00,,
Srikakulam,Peddapadu,Nandigadu Tank,SS,GP,Auction,1.57,1.07,,
Srikakulam,Peddapadu,Simhadri Tank,SS,GP,Auction,3.97,1.10,,
Srikakulam,Ragolu,Pedda tank,SS,GP,Auction,1.82,1.32,,
Srikakulam,Ragolu,Sadulachodu Cheruvu,SS,GP,Auction,1.43,0.93,,
Srikakulam,Ragolu,Rallagundam(Korlagundam),SS,GP,Auction,3.91,1.41,,
Srikakulam,Ragolu,Kasimanthi Tank,SS,GP,Auction,3.00,1.12,,
Srikakulam,Sanivada,Voora tank,SS,GP,Auction,2.40,0.64,,
Srikakulam,Siligam,Burja Cheruvu,SS,GP,Auction,0.37,0.29,,
Srikakulam,Siligam,Batna Cheruvu(Baratam),SS,GP,Auction,0.67,0.17,,
Srikakulam,Siligam,Kunachalavani Cheruvu,SS,GP,Auction,0.87,0.37,,
Srikakulam,Siligam,Ramasagaram,SS,GP,Auction,1.50,1.45,,
Srikakulam,Siligam,Darvajikarra,SS,GP,Auction,1.30,0.80,,
Srikakulam,Siligam,Karibanda,SS,GP,Auction,0.60,0.10,,
Srikakulam,Siligam,Chintabanda,SS,GP,Auction,2.27,0.32,,
Srikakulam,Siligam,Kotta Cheruvu,SS,GP,Auction,1.27,0.77,,
Srikakulam,Siligam,Raikarra Cheruvu,SS,GP,Auction,1.92,1.42,,
Srikakulam,Siligam,Pedda Cheruvu,SS,GP,Auction,2.37,1.87,,
Srikakulam,Siligam,Pillibanda,SS,GP,Auction,2.99,1.12,,
Srikakulam,Siligam,Nagalla Cheruvu,SS,GP,Auction,2.40,1.90,,
Srikakulam,Siligam,Mamidivalasa Tank,SS,GP,Auction,2.00,1.60,,
Srikakulam,Siligam,Koneru tank,SS,GP,Auction,1.49,1.00,,
Srikakulam,Tandemvalasa,Pedda tank,SS,GP,Auction,2.93,1.02,,
Srikakulam,Tandyalavalasa,Chinna Tank,SS,GP,Auction,1.93,0.53,,
Srikakulam,Tandyalavalasa,Nalla Cheruvu,SS,GP,Auction,3.41,1.97,,
Srikakulam,Alikam,Pedda tank,LS,MI ,Auction,61.8,8.3,,
Srikakulam,Kasimvalasa,Ponakala tank,LS,MI ,Auction,58.0,7.8,,
Srikakulam,Ponnam,Pedda tank,LS,MI ,LEASE,80.5,10.8,,
Srikakulam,Singupuram,Alli tank,LS,MI ,LEASE,48.8,13.5,,
AMADALAVALASA,SAILADA,PEDDATANK,LS,MI ,LEASE,60.0,10.1,,
AMADALAVALASA,Kasimvalasa,voora tank,LS,MI ,LEASE,75.0,26.5,,
,,,,,,,,,
,,,,,,,,,
,,,,,,,,,
,,,,,,,,,
,,,,,,,,,
,,,,,,,,,
,,,,,,,,,
,,,,,,,,,
