Vizianagaram,Vizianagaram,Pedda Tank,PE,MI,Lease ,64,48.00
Vizianagaram,Pinavemali,Nallacheruvu,LS,MI,Lease ,12,6.00
Vizianagaram,Korukonda,Ayyappa Tank,SS,MI,Lease ,32,8.00
Vizianagaram,Korukonda,Sanappa Tank,SS,MI,Lease ,28,7.00
Vizianagaram,Dwarapudi,Narasaraju tank,SS,MI,Lease ,42,10.50
Vizianagaram,Pinavemali,Pedda Tank,SS,MI,Lease ,8,2.00
VZM,Biyyalapeta,Pillavani tank,SS,GP,Lease ,50.00,12.50
VZM,Biyyalapeta,Palepu banda,SS,GP,Lease ,5.00,1.25
VZM,Biyyalapeta,Naidu tank,SS,GP,Lease ,2.00,0.50
VZM,Biyyalapeta,Reema banda,SS,GP,Lease ,18.00,4.50
VZM,Malicherla,Pillay tank,SS,GP,Lease ,20.00,5.00
Vizianagaram,malicherla,dibbavani cheruvu,SS,GP,Lease ,4.00,1.00
VZM,Duppada,Budhi tank,SS,GP,Lease ,45.00,11.25
VZM,Sarika,Timma raju tank,SS,GP,Lease ,20.00,5.00
Vizianagaram,sarika,cheri tank,SS,GP,Lease ,5.00,1.25
Vizianagaram,SARIKA,KOMATI TANK,SS,GP,Lease ,6.00,1.50
Vizianagaram,sarika,chinna tata gondam,SS,GP,Lease ,6.00,1.50
VZM,Gunkalam,Pedda tank,SS,GP,Lease ,42.00,10.50
VZM,Gunkalam,Tiraga gedda/veera,SS,GP,Lease ,4.00,1.00
VZM,Gunkalam,Bandemma tank,SS,GP,Lease ,15.00,3.75
VZM,Gunkalam,Sureedu tank,SS,GP,Lease ,9.00,2.25
VZM,Gunkalam,Butchamma/pala tank,SS,GP,Lease ,15.00,3.75
VZM,Gunkalam,Mamidi/konda tank,SS,GP,Lease ,3.00,0.75
VZM,Gunkalam,Laxmana tank,SS,GP,Lease ,4.00,1.00
VZM,Gunkalam,Jaggayya tank,SS,GP,Lease ,13.00,3.25
VZM,Gunkalam,Pedda ranga tank,SS,GP,Lease ,5.00,1.25
Vizianagaram,GUNKALAM,MURAGADI TANK,SS,GP,Lease ,1.00,0.25
Vizianagaram,GUNKALAM,VENKATA TANKA,SS,GP,Lease ,7.00,1.75
Vizianagaram,GUNKALAM,RAVI TANK,SS,GP,Lease ,2.00,0.50
Vizianagaram,GUNKALAM,MURAGALI TANK,SS,GP,Lease ,1.00,0.25
VZM-Municipality,AYYANNAPETA,KOMATI TANK,SS,GP,Lease ,42.00,10.50
VZM-Municipality,DARMAPURI,ANAGANTI BANDA,SS,GP,Lease ,2.00,0.50
VZM-Municipality,DARMAPURI,Voora tank,SS,GP,Lease ,4.00,1.00
VZM-Municipality,DARMAPURI,KOTHA TANK,SS,GP,Lease ,2.00,0.50
VZM-Municipality,KLPURAM,bugatha tank,SS,GP,Lease ,7.00,1.75
VZM-Municipality,KLPURAM,Surapu tank,SS,GP,Lease ,10.00,2.50
VZM-Municipality,KL PURAM,CHINTA BANDA,SS,GP,Lease ,1.00,0.25
VZM-Municipality,KL PURAM,YERRA TANK,SS,GP,Lease ,1.00,0.25
VZM-Municipality,Gajularega,Majjivani tank,SS,GP,Lease ,5.00,1.25
VZM-Municipality,Gajularega,Pullayya tank,SS,GP,Lease ,5.00,1.25
VZM-Municipality,gajularega,Nittalavani tank,SS,GP,Lease ,1.00,0.25
VZM-Municipality,Gajularega,Yatyhavani banda,SS,GP,Lease ,1.00,0.25
VZM-Municipality,Bandaruvani thota,Simhadri tank,SS,GP,Lease ,15.00,3.75
VZM-Municipality,V.T Agraharam,Raghu banda,SS,GP,Lease ,1.00,0.25
VZM-Municipality,V.T Agraharam,Turpu tank,SS,GP,Lease ,1.00,0.25
VZM-Municipality,V.T Agraharam,KOMATI TANK,SS,GP,Lease ,3.00,0.75
VZM-Municipality,V.T Agraharam,Dharmasagaram,SS,GP,Lease ,2.00,0.50
VZM-Municipality,V.T Agraharam,Pervani koneru,SS,GP,Lease ,1.00,0.25
VZM-Municipality,V.T Agraharam,Majji koneru,SS,GP,Lease ,1.50,0.38
VZM-Municipality,V.T Agraharam,Yeguva banda,SS,GP,Lease ,1.50,0.38
VZM-Municipality,V.T Agraharam,Mogali tank,SS,GP,Lease ,2.00,0.50
VZM-Municipality,V.T Agraharam,V.T Naidu tank,SS,GP,Lease ,1.50,0.38
VZM-Municipality,V.T Agraharam,Latchamma tank,SS,GP,Lease ,2.00,0.50
VZM-Municipality,V.T Agraharam,Tumma banda,SS,GP,Lease ,2.00,0.50
VZM-Municipality,V.T Agraharam,Kotha banda,SS,GP,Lease ,1.00,0.25
VZM-Municipality,Dasannapeta,Nella koneru,SS,GP,Lease ,12.00,3.00
VZM-Municipality,Dasannapeta,Yarra tank,SS,GP,Lease ,15.00,3.75
VZM-Municipality,VZM,Grandikittayya tank,SS,GP,Lease ,7.00,1.75
VZM-Municipality,Kanapaka,Mahanthy tank,SS,GP,Lease ,20.00,5.00
VZM,Jonnavalasa,Gopalaraju tank,SS,GP,Lease ,20.00,5.00
VZM,Jonnavalasa,Venkataraju tank,SS,GP,Lease ,10.00,2.50
VZM,Jonnavalasa,Kambala tank,SS,GP,Lease ,1.00,0.25
VZM,Jonnavalasa,Chedi tank,SS,GP,Lease ,2.00,0.50
VZM,Jonnavalasa,Gumastha banda,SS,GP,Lease ,5.00,1.25
Vizianagaram,JONNAVALASA,BELLAVANI TANK,SS,GP,Lease ,4.00,1.00
Vizianagaram,JONNAVALASA,BARIKA BANDA,SS,GP,Lease ,8.00,2.00
VZM,Chintalavalasa,Gogula tank,SS,GP,Lease ,7.00,1.75
VZM,Chintalavalasa,Yarra tank,SS,GP,Lease ,5.00,1.25
VZM,Rakodu,Venkunaidu tank,SS,GP,Lease ,4.00,1.00
VZM,Rakodu,Saripilli tnk,SS,GP,Lease ,4.00,1.00
VZM,Rakodu,Varadi tank,SS,GP,Lease ,5.00,1.25
Vizianagaram,RAKODU,ANNAMARAJU TANK,SS,GP,Lease ,1.00,0.25
Vizianagaram,RAKODU,KOTHA TANK,SS,GP,Lease ,6.00,1.50
Vizianagaram,RAKODU,PATHA TANK,SS,GP,Lease ,6.00,1.50
Vizianagaram,RAKODU,RAMRAJ TANK,SS,GP,Lease ,3.00,0.75
Vizianagaram,biyyalapeta,jaggamma tank,SS,GP,Auction,3.00,0.75
Vizianagaram,biyyalapeta,kamabala tank,SS,GP,Auction,5.00,1.25
Vizianagaram,biyyalapeta,narasanna tank,SS,GP,Auction,1.00,0.25
Vizianagaram,biyyalapeta,venkataraju tank,SS,GP,Auction,6.00,1.50
Vizianagaram,biyyalapeta,vilayala tank,SS,GP,Auction,5.00,1.25
Vizianagaram,biyyalapeta,yerra tank,SS,GP,Auction,5.00,1.25
Vizianagaram,chelluru,kotha tank,SS,GP,Auction,2.00,0.50
Vizianagaram,chelluru,narasa raju tank,SS,GP,Auction,3.00,0.75
Vizianagaram,chelluru,padi banda,SS,GP,Auction,1.00,0.25
Vizianagaram,chelluru,subbarayadu tank,SS,GP,Auction,2.00,0.50
Vizianagaram,chelluru,surapa tank,SS,GP,Auction,1.00,0.25
Vizianagaram,duppada,gedda punu,SS,GP,Auction,1.00,0.25
Vizianagaram,duppada,kakinada banda,SS,GP,Auction,1.00,0.25
Vizianagaram,duppada,krishnam naidu tank,SS,GP,Auction,3.00,0.75
Vizianagaram,duppada,kamasali banda,SS,GP,Auction,1.00,0.25
Vizianagaram,duppada,marri banda,SS,GP,Auction,1.00,0.25
Vizianagaram,duppada,patha banda,SS,GP,Auction,1.00,0.25
Vizianagaram,duppada,pathavani tank,SS,GP,Auction,3.00,0.75
Vizianagaram,duppada,thunga banda,SS,GP,Auction,1.00,0.25
Vizianagaram,SARIKA,CHAVITI BANDA,SS,GP,Auction,2.00,0.50
Vizianagaram,SARIKA,CHINA MANGALI TANK,SS,GP,Auction,1.00,0.25
Vizianagaram,SARIKA,EGALI VARI TANK,SS,GP,Auction,1.00,0.25
Vizianagaram,SARIKA,GADIGAM TANK,SS,GP,Auction,2.00,0.50
Vizianagaram,SARIKA,JANAGAM TANK,SS,GP,Auction,1.00,0.25
Vizianagaram,SARIKA,KOTHA TANK,SS,GP,Auction,3.00,0.75
Vizianagaram,SARIKA,KONETI TANK,SS,GP,Auction,3.00,0.75
Vizianagaram,SARIKA,KARRIVANI TANK,SS,GP,Auction,1.00,0.25
Vizianagaram,SARIKA,MARRIVANI TANK,SS,GP,Auction,6.00,1.50
Vizianagaram,SARIKA,NARAYANA SAGARAM,SS,GP,Auction,1.00,0.25
Vizianagaram,SARIKA,PATHA TANK,SS,GP,Auction,2.00,0.50
Vizianagaram,SARIKA,PEDAMULLA BEACH,SS,GP,Auction,1.00,0.25
Vizianagaram,SARIKA,RAGHUMANA TANK,SS,GP,Auction,1.00,0.25
Vizianagaram,SARIKA,TIRUKALA VANI TANK,SS,GP,Auction,1.00,0.25
Vizianagaram,SARIKA,VENKATAPATHI TANK,SS,GP,Auction,3.00,0.75
Vizianagaram,SARIKA,YERRA BANDA,SS,GP,Auction,1.00,0.25
Vizianagaram,GUNKALAM,AMMAVANI CHERUVU,SS,GP,Auction,7.00,1.75
Vizianagaram,GUNKALAM,BARIKA BANDA,SS,GP,Auction,1.00,0.25
Vizianagaram,GUNKALAM,CHAKALI TANK,SS,GP,Auction,1.00,0.25
Vizianagaram,GUNKALAM,CHINNAMMAVARI TANK,SS,GP,Auction,4.00,1.00
Vizianagaram,GUNKALAM,CHINNA ARANGA TANK,SS,GP,Auction,1.00,0.25
Vizianagaram,GUNKALAM,DASARI BANDA,SS,GP,Auction,1.00,0.25
Vizianagaram,GUNKALAM,GOPAYYA TANK,SS,GP,Auction,2.00,0.50
Vizianagaram,GUNKALAM,GODARI TANK,SS,GP,Auction,4.00,1.00
Vizianagaram,GUNKALAM,KANDLA TANK,SS,GP,Auction,5.00,1.25
Vizianagaram,GUNKALAM,KARI TANK,SS,GP,Auction,4.00,1.00
Vizianagaram,GUNKALAM,KOTHA TANK,SS,GP,Auction,1.00,0.25
Vizianagaram,GUNKALAM,KAMASALI PUNNU BANDA,SS,GP,Auction,2.00,0.50
Vizianagaram,GUNKALAM,KUMMARI CHERUVU,SS,GP,Auction,1.00,0.25
Vizianagaram,GUNKALAM,LINGALA CHERUVU,SS,GP,Auction,1.00,0.25
Vizianagaram,GUNKALAM,MONDI BANDA,SS,GP,Auction,1.00,0.25
Vizianagaram,GUNKALAM,PALTHI BANDA,SS,GP,Auction,3.00,0.75
Vizianagaram,GUNKALAM,PAISATHI BANDA,SS,GP,Auction,2.00,0.50
Vizianagaram,GUNKALAM,PURU TANK,SS,GP,Auction,1.00,0.25
Vizianagaram,GUNKALAM,RAJU TANK,SS,GP,Auction,1.00,0.25
Vizianagaram,GUNKALAM,RAMA SAGARAM,SS,GP,Auction,1.00,0.25
Vizianagaram,GUNKALAM,SUNDA TANK,SS,GP,Auction,6.00,1.50
Vizianagaram,GUNKALAM,SIMHADRI GEDDA,SS,GP,Auction,2.00,0.50
Vizianagaram,GUNKALAM,TENUGUDU TANK,SS,GP,Auction,4.00,1.00
Vizianagaram,DWARAPUDI,ATTABALI TANK,SS,GP,Auction,6.00,1.50
Vizianagaram,DWARAPUDI,CHINNAYYA TANK,SS,GP,Auction,3.00,0.75
Vizianagaram,DWARAPUDI,CHAKALAVANI TANK,SS,GP,Auction,1.00,0.25
Vizianagaram,DWARAPUDI,ESWARAPUDI BANDA,SS,GP,Auction,2.00,0.50
Vizianagaram,DWARAPUDI,GURUNAIDU TANK,SS,GP,Auction,1.00,0.25
Vizianagaram,DWARAPUDI,JAGAMMA TNAK,SS,GP,Auction,6.00,1.50
Vizianagaram,DWARAPUDI,KOYYALA TANK,SS,GP,Auction,1.00,0.25
Vizianagaram,DWARAPUDI,KORADAVANI TANK,SS,GP,Auction,2.00,0.50
Vizianagaram,DWARAPUDI,LAKSHMAYYA TANK,SS,GP,Auction,1.00,0.25
Vizianagaram,DWARAPUDI,NAGANNA TANK,SS,GP,Auction,2.00,0.50
Vizianagaram,DWARAPUDI,NAIDU TANK,SS,GP,Auction,1.00,0.25
Vizianagaram,DWARAPUDI,NADIM PUNU,SS,GP,Auction,2.00,0.50
Vizianagaram,DWARAPUDI,NANDAVANI TANK,SS,GP,Auction,1.00,0.25
Vizianagaram,DWARAPUDI,RAMACHENDRA RAJU TANK,SS,GP,Auction,3.00,0.75
Vizianagaram,DWARAPUDI,RANGAYYA TANK,SS,GP,Auction,3.00,0.75
Vizianagaram,DWARAPUDI,THAVITI BANDA,SS,GP,Auction,2.00,0.50
Vizianagaram,DWARAPUDI,YEKULAVANI TANK,SS,GP,Auction,1.00,0.25
Vizianagaram,DWARAPUDI,YELLAYYA BANDA,SS,GP,Auction,1.00,0.25
Vizianagaram,JONNAVALASA,CHAKALI TANK,SS,GP,Auction,2.00,0.50
Vizianagaram,JONNAVALASA,KORANGAVANI TANK,SS,GP,Auction,2.00,0.50
Vizianagaram,JONNAVALASA,GENT TANK,SS,GP,Auction,4.00,1.00
Vizianagaram,JONNAVALASA,THAMMARAJU TANK,SS,GP,Auction,3.00,0.75
Vizianagaram,malicherla,buchenna banda,SS,GP,Auction,1.00,0.25
Vizianagaram,malicherla,chintala tank,SS,GP,Auction,3.00,0.75
Vizianagaram,malicherla,komati tank,SS,GP,Auction,1.00,0.25
Vizianagaram,malicherla,ramachendrudu tank,SS,GP,Auction,3.00,0.75
Vizianagaram,malicherla,venkadu banda,SS,GP,Auction,1.00,0.25
Vizianagaram,Narayanapuram,ANNAPUVARI,SS,GP,Auction,6.00,1.50
Vizianagaram,NARAYANAPURAM,GEDDA TANK,SS,GP,Auction,1.00,0.25
Vizianagaram,narayanapuram,kotha tank,SS,GP,Auction,1.00,0.25
Vizianagaram,narayanapuram,kalika tank,SS,GP,Auction,1.00,0.25
Vizianagaram,narayanapuram,subbaraju tank,SS,GP,Auction,1.00,0.25
Vizianagaram,narayanapuram,tamulu tank,SS,GP,Auction,1.00,0.25
Vizianagaram,narayanapuram,ramasagaram,SS,GP,Auction,1.00,0.25
Vizianagaram,KONDAKARAKAM,AKASAPUVANI CHERUVU,SS,GP,Auction,1.00,0.25
Vizianagaram,KONDAKARTAKAM,BANGARAMM BANDA,SS,GP,Auction,2.00,0.50
Vizianagaram,KONDAKARAKAM,ISUKA BANDA,SS,GP,Auction,1.00,0.25
Vizianagaram,KONDAKARAKAM,KARI BANDA,SS,GP,Auction,1.00,0.25
Vizianagaram,KONDAKARAKAM,KONDAVANI TANK,SS,GP,Auction,1.00,0.25
Vizianagaram,KONDAKARAKAM,KOMATI GEDDA,SS,GP,Auction,2.00,0.50
Vizianagaram,KONDAKARAKAM,MEESALA BANDA,SS,GP,Auction,1.00,0.25
Vizianagaram,KONDAKARAKAM,POTHAYYA BANDA,SS,GP,Auction,1.00,0.25
Vizianagaram,KONDAKARAKAM,POKETI VARI BANDA,SS,GP,Auction,1.00,0.25
Vizianagaram,KONDAKARAKAM,RELLIVANI TANK,SS,GP,Auction,1.00,0.25
Vizianagaram,KORUKONDA,AKKAMMA TANK,SS,GP,Auction,1.00,0.25
Vizianagaram,KORUKONDA,JAMINAIDU TANK,SS,GP,Auction,7.00,1.75
Vizianagaram,KORUKONDA,LAKSHMINARAYANA TANK,SS,GP,Auction,4.00,1.00
Vizianagaram,KORUKONDA,KORANGIVANI TANK,SS,GP,Auction,1.00,0.25
Vizianagaram,KORUKONDA,SIGADAMVANI TANK,SS,GP,Auction,3.00,0.75
Vizianagaram,KORUKONDA,VADDI VARI TANK,SS,GP,Auction,1.00,0.25
Vizianagaram,PINAVEMALI,DIVANNA BANDA,SS,GP,Auction,1.00,0.25
Vizianagaram,PINAVEMALI,KOTHA TANK,SS,GP,Auction,10.00,2.50
Vizianagaram,PINAVEMALI,NEYYALA BANDA,SS,GP,Auction,2.00,0.50
Vizianagaram,PINAVEMALI,PARAYYA BANDA,SS,GP,Auction,1.00,0.25
Vizianagaram,PINAVEMALI,PANULA BANDA,SS,GP,Auction,2.00,0.50
Vizianagaram,PINAVEMALI,VENKAYYA TANK,SS,GP,Auction,3.00,0.75
Vizianagaram,PINAVEMALI,VEDULA BANDA,SS,GP,Auction,2.00,0.50
Vizianagaram,PINAVEMALI,VEERANNA TANK,SS,GP,Auction,2.00,0.50
Vizianagaram,RAKODU,BARIKA BANDA,SS,GP,Auction,1.00,0.25
Vizianagaram,RAKODU,BODDUVANI KONERU,SS,GP,Auction,1.00,0.25
Vizianagaram,RAKODU,JANNAIVANI TANK,SS,GP,Auction,1.00,0.25
Vizianagaram,RAKODU,NOOKANNA TANK,SS,GP,Auction,2.00,0.50
Vizianagaram,RAKODU,PARIPALLIVANI TANK,SS,GP,Auction,5.00,1.25
Nellimarla,Moida,Peddacheruvu,LS,MI,Lease ,31,16.00
Nellimarla,kondavelagada,Sitamma tank ,SS,MI,Lease ,41,10.25
Nellimarla,kondavelagada,M.somalamma tank,SS,MI,Lease ,40,10.00
Nellimarla,saripalli,Kudipi,SS,MI,Lease ,48,12.00
Nellimarla,pinatarini,Tirumala tank,SS,MI,Lease ,25,6.25
Nellimarla-municipality,Jarajapupeta,DUBBULA TANK,SS,GP,Lease ,3.00,0.75
Nellimarla-municipality,jarajapupeta,RAMAYYAMMA TANK,SS,GP,Lease ,1.00,0.25
Nellimarla-municipality,jarajapupeta,KOTHA TANK,SS,GP,Lease ,6.00,1.50
Nellimarla-municipality,Jarajapupeta,KUNCHADAVANI TANK,SS,GP,Lease ,1.00,0.25
Nellimarla,sativada,jagannadhasagaram,LS,MI,Auction,8.00,4.00
Nellimarla,Chintalapeta,Chintala tank,LS,MI,Auction,2.50,1.25
Nellimarla,ALUGOLU,KOTHA TANK,SS,GP,Auction,2.00,0.50
Nellimarla,ALUGOLU,GUNDALA TANK,SS,GP,Auction,2.00,0.50
Nellimarla,ALUGOLU,CHANDULA BANDA,SS,GP,Auction,1.00,0.25
Nellimarla,ALUGOLU,RAVADA BANDA,SS,GP,Auction,2.00,0.50
Nellimarla,ALUGOLU,SITHAVANI BANDA,SS,GP,Auction,1.00,0.25
Nellimarla,ALUGOLU,BUTCHI BANDA,SS,GP,Auction,2.00,0.50
Nellimarla,ALUGOLU,PARAMA TANK,SS,GP,Auction,5.00,1.25
Nellimarla,ALUGOLU,RAMOJI TANK,SS,GP,Auction,2.00,0.50
Nellimarla,ALUGOLU,MADIGA TANK,SS,GP,Auction,1.00,0.25
Nellimarla,ALUGOLU,KAMERLA TANK,SS,GP,Auction,4.00,1.00
Nellimarla,ALUGOLU,PATCHI BANDA,SS,GP,Auction,2.00,0.50
Nellimarla,ALUGOLU,YERRA BANDA,SS,GP,Auction,1.00,0.25
Nellimarla,ALUGOLU,VOORA TANK,SS,GP,Auction,2.00,0.50
Nellimarla,ALUGOLU,SURAPPA TANK,SS,GP,Auction,3.00,0.75
Nellimarla,ALUGOLU,YOTIRAJU TANK,SS,GP,Auction,2.00,0.50
Nellimarla,ALUGOLU,KALISETTIVANI TANK,SS,GP,Auction,1.00,0.25
Nellimarla,ALUGOLU,JOGAPPA TANK,SS,GP,Auction,2.00,0.50
Nellimarla,ALUGOLU,JAGGURAJU TANK,SS,GP,Auction,2.00,0.50
Nellimarla,ALUGOLU,CHAVITI TANK,SS,GP,Auction,2.00,0.50
Nellimarla,ALUGOLU,GUNDALA TANK,SS,GP,Auction,2.00,0.50
Nellimarla,ALUGOLU,JAGGAYYA TANK,SS,GP,Auction,4.00,1.00
Nellimarla,"ARTHARAMUNI
AGRAHARAM",RAMASAGARAM,SS,GP,Auction,1.00,0.25
Nellimarla,"ARTHARAMUNI
AGRAHARAM",PANDUCHERUVU TANK,SS,GP,Auction,2.00,0.50
Nellimarla,"ARTHARAMUNI
AGRAHARAM",BANAM BANDA,SS,GP,Auction,1.00,0.25
Nellimarla,"ARTHARAMUNI
AGRAHARAM",LINGALA BANDA,SS,GP,Auction,2.00,0.50
Nellimarla,"ARTHARAMUNI
AGRAHARAM",ATCHAYYA TANK,SS,GP,Auction,1.00,0.25
Nellimarla,"ARTHARAMUNI
AGRAHARAM",LAKSHMISAGARAM,SS,GP,Auction,3.00,0.75
Nellimarla,"ARTHARAMUNI
AGRAHARAM",KATAPATIVANI TANK,SS,GP,Auction,1.00,0.25
Nellimarla,"ARTHARAMUNI
AGRAHARAM",YERRA TANK,SS,GP,Auction,2.00,0.50
Nellimarla,"ARTHARAMUNI
AGRAHARAM",KOTHA TANK,SS,GP,Auction,2.00,0.50
Nellimarla,"ARTHARAMUNI
AGRAHARAM",POTHANA TANK,SS,GP,Auction,1.00,0.25
Nellimarla,"ARTHARAMUNI
AGRAHARAM",PARVATAMMA BANDA,SS,GP,Auction,1.00,0.25
Nellimarla,"ARTHARAMUNI
AGRAHARAM",PANTULA BANDA,SS,GP,Auction,1.00,0.25
Nellimarla,"ARTHARAMUNI
AGRAHARAM",AKKUVANI TANK,SS,GP,Auction,1.00,0.25
Nellimarla,"ARTHARAMUNI
AGRAHARAM",GODU BANDA,SS,GP,Auction,1.00,0.25
Nellimarla,"ARTHARAMUNI
AGRAHARAM",KUMURASAGARAM,SS,GP,Auction,1.00,0.25
Nellimarla,"ARTHARAMUNI
AGRAHARAM",VENKATA SAGARAM,SS,GP,Auction,1.00,0.25
Nellimarla,"ARTHARAMUNI
AGRAHARAM",MUTYALAMMA BANDA,SS,GP,Auction,1.00,0.25
Nellimarla,"ARTHARAMUNI
AGRAHARAM",RAMAMURTHY BANDA,SS,GP,Auction,1.00,0.25
Nellimarla,"ARTHARAMUNI
AGRAHARAM",SOMULAMMA BANDA,SS,GP,Auction,1.00,0.25
Nellimarla,"ARTHARAMUNI
AGRAHARAM",RAVI TANK,SS,GP,Auction,3.00,0.75
Nellimarla,"ARTHARAMUNI
AGRAHARAM",SITARAMAYYA BANDA,SS,GP,Auction,1.00,0.25
Nellimarla,"ARTHARAMUNI
AGRAHARAM",LAKSHMINARAYANA BANDA,SS,GP,Auction,1.00,0.25
Nellimarla,"ARTHARAMUNI
AGRAHARAM",SOWRI SAGARAM,SS,GP,Auction,1.00,0.25
Nellimarla,"ARTHARAMUNI
AGRAHARAM",AKKUVANIBANDA,SS,GP,Auction,1.00,0.25
Nellimarla,"ARTHARAMUNI
AGRAHARAM",ATCHAYYA TANK,SS,GP,Auction,1.00,0.25
Nellimarla,"ARTHARAMUNI
AGRAHARAM",RAMABANDA,SS,GP,Auction,1.00,0.25
Nellimarla,BOPPADAM,RAMASAGARAM,SS,GP,Auction,1.00,0.25
Nellimarla,BOPPADAM,BEERA BANDA,SS,GP,Auction,1.00,0.25
Nellimarla,BOPPADAM,HANUMAYYA TANK,SS,GP,Auction,5.00,1.25
Nellimarla,BOPPADAM,DARAMPURI TANK,SS,GP,Auction,1.00,0.25
Nellimarla,BOPPADAM,THOTA TANK,SS,GP,Auction,3.00,0.75
Nellimarla,BOPPADAM,TUMMALA TANK,SS,GP,Auction,5.00,1.25
Nellimarla,BOPPADAM,AMUDALA TANK,SS,GP,Auction,2.00,0.50
Nellimarla,BOPPADAM,CHITTI TANK,SS,GP,Auction,1.00,0.25
Nellimarla,BOPPADAM,KOMATI TANK,SS,GP,Auction,1.00,0.25
Nellimarla,BURADAPETA,BAPADU BANDA,SS,GP,Auction,3.00,0.75
Nellimarla,BURADAPETA,POONU TANK,SS,GP,Auction,3.00,0.75
Nellimarla,BURADAPETA,RAMA TANK,SS,GP,Auction,5.00,1.25
Nellimarla,BURADAPETA,KOTHA TANK,SS,GP,Auction,2.00,0.50
Nellimarla,BURADAPETA,KOTHA TANK,SS,GP,Auction,1.00,0.25
Nellimarla,BURADAPETA,LANKAVANI TANK,SS,GP,Auction,1.00,0.25
Nellimarla,BURADAPETA,BANGARAMMA TANK,SS,GP,Auction,1.00,0.25
Nellimarla,BURADAPETA,CHINTALAVANI TANK,SS,GP,Auction,1.00,0.25
Nellimarla,BURADAPETA,DAYYALA BANDA,SS,GP,Auction,2.00,0.50
Nellimarla,BURADAPETA,MADAGAVANI TANK,SS,GP,Auction,1.00,0.25
Nellimarla,BURADAPETA,NADIPALLI CHINNAPPADU TANK,SS,GP,Auction,1.00,0.25
Nellimarla,BURADAPETA,NAIDUKONERU,SS,GP,Auction,2.00,0.50
Nellimarla,BURADAPETA,NARAYUDU TANK,SS,GP,Auction,1.00,0.25
Nellimarla,BURADAPETA,NEYYALA BANDA,SS,GP,Auction,2.00,0.50
Nellimarla,BURADAPETA,PEDAKATIVANI TANK,SS,GP,Auction,2.00,0.50
Nellimarla,BURADAPETA,RAJANNA BANDA,SS,GP,Auction,1.00,0.25
Nellimarla,BURADAPETA,RAMANNA BANDA,SS,GP,Auction,1.00,0.25
Nellimarla,BURADAPETA,REDDIVANI BANDA,SS,GP,Auction,3.00,0.75
Nellimarla,BURADAPETA,SURYANARAYANA TANK,SS,GP,Auction,1.00,0.25
Nellimarla,BURADAPETA,YERRA TANK,SS,GP,Auction,1.00,0.25
Nellimarla,DANANNAPETA,RAMASAGARAM ALIAS VOORA TANK,SS,GP,Auction,2.00,0.50
Nellimarla,DANANNAPETA,BURAVANI GEDDA,SS,GP,Auction,4.00,1.00
Nellimarla,DANANNAPETA,NALAPAVANI BANDA,SS,GP,Auction,1.00,0.25
Nellimarla,DANANNAPETA,TURLAVANI TANK,SS,GP,Auction,2.00,0.50
Nellimarla,DANANNAPETA,KALUVAPUDI TANK,SS,GP,Auction,3.00,0.75
Nellimarla,DANANNAPETA,CHINTALA BANDA,SS,GP,Auction,1.00,0.25
Nellimarla,DANANNAPETA,MODIBANTU BANDA,SS,GP,Auction,1.00,0.25
Nellimarla,DANANNAPETA,KOTHA TANK,SS,GP,Auction,1.00,0.25
Nellimarla,DANANNAPETA,SUNNAPUVANI TANK,SS,GP,Auction,1.00,0.25
Nellimarla,GARIKIPETA,TURAKA TANK,SS,GP,Auction,4.00,1.00
Nellimarla,GARIKIPETA,HANUMANTHA BANDA,SS,GP,Auction,1.00,0.25
Nellimarla,GARIKIPETA,VENKATARAMUNAIDU TANK,SS,GP,Auction,1.00,0.25
Nellimarla,GARIKIPETA,VENKATA SAGARAM,SS,GP,Auction,4.00,1.00
Nellimarla,GARIKIPETA,BANTUVANI TANK,SS,GP,Auction,1.00,0.25
Nellimarla,GARIKIPETA,PASALA BANDA,SS,GP,Auction,2.00,0.50
Nellimarla,GARIKIPETA,CHOKAVANI TANK,SS,GP,Auction,1.00,0.25
Nellimarla,GARIKIPETA,DASARI BANDA,SS,GP,Auction,5.00,1.25
Nellimarla,GARIKIPETA,PATHA KONERU,SS,GP,Auction,1.00,0.25
Nellimarla,GARIKIPETA,SOMARAJU TANK,SS,GP,Auction,5.00,1.25
Nellimarla,GUSHINI,KAMSALI BANDA,SS,GP,Auction,1.00,0.25
Nellimarla,GUSHINI,GOVINDARAO TANK,SS,GP,Auction,2.00,0.50
Nellimarla,GUSHINI,VOORARAJU TANK,SS,GP,Auction,6.00,1.50
Nellimarla,GUSHINI,APPAYYA TANK,SS,GP,Auction,4.00,1.00
Nellimarla,GUSHINI,KOTHA BANDA,SS,GP,Auction,1.00,0.25
Nellimarla,GUSHINI,AYYAVANI TANK,SS,GP,Auction,1.00,0.25
Nellimarla,GUSHINI,BADDI TANK,SS,GP,Auction,1.00,0.25
Nellimarla,GUSHINI,PEETALA BANDA,SS,GP,Auction,1.00,0.25
Nellimarla,GUSHINI,CHOKKAVANI TANK,SS,GP,Auction,4.00,1.00
Nellimarla,GUSHINI,CHINTA TANK,SS,GP,Auction,1.00,0.25
Nellimarla,GUSHINI,GANGARAJU TANK,SS,GP,Auction,2.00,0.50
Nellimarla,GUSHINI,GODI BANDA,SS,GP,Auction,1.00,0.25
Nellimarla,GUSHINI,PEETALA BANDA,SS,GP,Auction,1.00,0.25
Nellimarla,GUSHINI,HANUMAYYA TANK,SS,GP,Auction,1.00,0.25
Nellimarla,GUSHINI,JAMMUSANYASI BANDA,SS,GP,Auction,2.00,0.50
Nellimarla,GUSHINI,KAMAYYA TANK,SS,GP,Auction,1.00,0.25
Nellimarla,GUSHINI,KARRIVANI TANK,SS,GP,Auction,1.00,0.25
Nellimarla,jarajapupeta,dubbula tank,SS,GP,Auction,3.00,0.75
Nellimarla,jarajapupeta,kotha tank,SS,GP,Auction,6.00,1.50
Nellimarla,jarajapupeta,kunchadavani tank,SS,GP,Auction,1.00,0.25
Nellimarla,jarajapupeta,ramayyamma tank,SS,GP,Auction,1.00,0.25
Nellimarla,KONDAGUMPAM,BAPANABANDA,SS,GP,Auction,3.00,0.75
Nellimarla,KONDAGUMPAM,VOORA TANK,SS,GP,Auction,2.00,0.50
Nellimarla,KONDAGUMPAM,KOTHA TANK,SS,GP,Auction,1.00,0.25
Nellimarla,KONDAGUMPAM,GUMPAM GEDDA,SS,GP,Auction,1.00,0.25
Nellimarla,KONDAGUMPAM,KALUVA,SS,GP,Auction,1.00,0.25
Nellimarla,KONDAGUMPAM,KOMATI TANK,SS,GP,Auction,1.00,0.25
Nellimarla,KONDAGUMPAM,SURAMMA TANK,SS,GP,Auction,1.00,0.25
Nellimarla,KONDAGUMPAM,SURAPPAPANTULU TANK,SS,GP,Auction,2.00,0.50
Nellimarla,KONDAVELAGADA,APPALARAJU TANK,SS,GP,Auction,2.00,0.50
Nellimarla,CHANDRAMPETA,CHAKALI BANDA,SS,GP,Auction,3.00,0.75
Nellimarla,KONDAVELAGADA,JAGGARAJU TANK,SS,GP,Auction,4.00,1.00
Nellimarla,KONDAVELAGADA,POTTAVANI TANK,SS,GP,Auction,2.00,0.50
Nellimarla,KONDAVELAGADA,KONERU GEDDA,SS,GP,Auction,1.00,0.25
Nellimarla,CHANDRMPETA,KOTHA TANK,SS,GP,Auction,4.00,1.00
Nellimarla,KONDAVELAGADA,NEYYALA BANDA,SS,GP,Auction,1.00,0.25
Nellimarla,KONDAVELAGADA,VOOTAGEDDA,SS,GP,Auction,1.00,0.25
Nellimarla,MADHUPADA,GUNUPUVANI TANK,SS,GP,Auction,2.00,0.50
Nellimarla,MADHUPADA,RAMASAGARAM,SS,GP,Auction,8.00,2.00
Nellimarla,MALYADA,CHITTIVANI TANK,SS,GP,Auction,13.00,3.25
Nellimarla,MALYADA,JAGGAMNAIDU TANK,SS,GP,Auction,2.00,0.50
Nellimarla,MALYADA,NERELLA TANK,SS,GP,Auction,2.00,0.50
Nellimarla,MALYADA,PULAVANI TANK,SS,GP,Auction,3.00,0.75
Nellimarla,MALYADA,RAYA BANDA,SS,GP,Auction,4.00,1.00
Nellimarla,PARASAM,ALTHIBANDA,SS,GP,Auction,1.00,0.25
Nellimarla,PARASAM,PATTIGULLA BANDA,SS,GP,Auction,1.00,0.25
Nellimarla,PARASAM,SALIVANI TANK,SS,GP,Auction,1.00,0.25
Nellimarla,PARASAM,VOORA TANK,SS,GP,Auction,1.00,0.25
Nellimarla,PARASAM,YETA BANDA,SS,GP,Auction,3.00,0.75
Nellimarla,PARASAM,ATTADA BANDA,SS,GP,Auction,1.00,0.25
Nellimarla,PARASAM,GODIYADA TANK,SS,GP,Auction,2.00,0.50
Nellimarla,PARASAM,JAGAMTANK ALIAS TALACHITTIVANI TANK,SS,GP,Auction,2.00,0.50
Nellimarla,PARASAM,RALLA BANDA,SS,GP,Auction,1.00,0.25
Nellimarla,PARASAM,KAMSALIBANDA,SS,GP,Auction,1.00,0.25
Nellimarla,PARASAM,LANKASURAMMA TANK,SS,GP,Auction,4.00,1.00
Nellimarla,PARASAM,NAIDU TANK,SS,GP,Auction,1.00,0.25
Nellimarla,PARASAM,THUMMALA TANK,SS,GP,Auction,3.00,0.75
Nellimarla,PUTHIKAPETA,KASULA TANK,SS,GP,Auction,6.00,1.50
Nellimarla,PUTHIKAPETA,KATTI BANDA,SS,GP,Auction,2.00,0.50
Nellimarla,PUTHIKAPETA,BADDI TANK,SS,GP,Auction,5.00,1.25
Nellimarla,RAMATHIRTHAM,AMMA KONERU,SS,GP,Auction,2.00,0.50
Nellimarla,RAMATHIRTHAM,CHINTA KONERU,SS,GP,Auction,2.00,0.50
Nellimarla,RAMATHIRTHAM,TATIMANU BANDA,SS,GP,Auction,3.00,0.75
Nellimarla,RAMATHIRTHAM,YERAKARAJU TANK,SS,GP,Auction,4.00,1.00
Nellimarla,SARIPALLI,GURUVULU TANK,SS,GP,Auction,1.00,0.25
Nellimarla,SARIPALLI,PULLUVANI TANK,SS,GP,Auction,1.00,0.25
Nellimarla,SARIPALLI,VERRIGUMMA TANK,SS,GP,Auction,4.00,1.00
Nellimarla,SARIPALLI,VOBULA TANK,SS,GP,Auction,5.00,1.25
Nellimarla,SATHIVADA,GURAPPA BANDA,SS,GP,Auction,4.00,1.00
Nellimarla,SATHIVADA,KOTTA TANK,SS,GP,Auction,1.00,0.25
Nellimarla,SATHIVADA,NARASA TANK,SS,GP,Auction,2.00,0.50
Nellimarla,SATHIVADA,PAPAYYA TANK,SS,GP,Auction,1.00,0.25
Nellimarla,SATHIVADA,POONU TANK,SS,GP,Auction,2.00,0.50
Nellimarla,SATHIVADA,RAMASAGARAM,SS,GP,Auction,2.00,0.50
Nellimarla,SATHIVADA,SINGASAGARAM,SS,GP,Auction,2.00,0.50
Nellimarla,SATHIVADA,VENKATASURAPPA TANK,SS,GP,Auction,4.00,1.00
Nellimarla,SATHIVADA,VOORA TANK,SS,GP,Auction,3.00,0.75
Nellimarla,SATHIVADA,JAGANNADHA SAGARAM,SS,GP,Auction,2.00,0.50
Nellimarla,SEETARAMUNIPETA,VOORA TANK,SS,GP,Auction,1.00,0.25
Nellimarla,SEETARAMUNIPETA,TFHATI BANDA,SS,GP,Auction,1.00,0.25
Nellimarla,SEETARAMUNIPETA,POONUBANDA,SS,GP,Auction,7.00,1.75
Nellimarla,SEETARAMUNIPETA,SEETA TANK,SS,GP,Auction,3.00,0.75
Nellimarla,SEETARAMUNIPETA,GEDDALA BANDA,SS,GP,Auction,1.00,0.25
Nellimarla,SEETARAMUNIPETA,GOPALASWAMY BANDA,SS,GP,Auction,2.00,0.50
Nellimarla,SEETARAMUNIPETA,NOOKALA BANDA,SS,GP,Auction,1.00,0.25
Nellimarla,SEETARAMUNIPETA,YERRA TANK,SS,GP,Auction,3.00,0.75
Nellimarla,THAMMAPURAM,PEDDA TANK,SS,GP,Auction,6.00,1.50
Nellimarla,THAMMAPURAM,CHAKRAVARTHLA TANK,SS,GP,Auction,3.00,0.75
Nellimarla,THAMMAPURAM,PEDDA TANK,SS,GP,Auction,6.00,1.50
Nellimarla,THAMMAPURAM,TUMMALA TANK,SS,GP,Auction,1.00,0.25
Nellimarla,THAMMAPURAM,VIJAYARAMA SAGARAM,SS,GP,Auction,1.00,0.25
Nellimarla,THANGUDUBILLI,POONU TANK,SS,GP,Auction,2.00,0.50
Nellimarla,THANGUDUBILLI,PANUKU BANDA,SS,GP,Auction,1.00,0.25
Nellimarla,THANGUDUBILLI,YERRA BANDA,SS,GP,Auction,2.00,0.50
Nellimarla,THANGUDUBILLI,VOORA TANK,SS,GP,Auction,1.00,0.25
Nellimarla,THANGUDUBILLI,PALAGEDDA,SS,GP,Auction,1.00,0.25
Nellimarla,THANGUDUBILLI,KONDA TANK,SS,GP,Auction,1.00,0.25
Nellimarla,THANGUDUBILLI,KOTLA TANK,SS,GP,Auction,1.00,0.25
Nellimarla,THANGUDUBILLI,SEETHAKONERU,SS,GP,Auction,1.00,0.25
Nellimarla,TEKKALI,CHINAYERRA TANK,SS,GP,Auction,3.00,0.75
Nellimarla,TEKKALI,CHANDRAYYA BANDA,SS,GP,Auction,1.00,0.25
Nellimarla,TEKKALI,KOTHA TANK,SS,GP,Auction,1.00,0.25
Nellimarla,VALLURU,AKULAVANI TANK,SS,GP,Auction,4.00,1.00
Nellimarla,VALLURU,AMUJUVANI BANDA,SS,GP,Auction,3.00,0.75
Nellimarla,VALLURU,GANGADEVI TANK,SS,GP,Auction,6.00,1.50
Nellimarla,VALLURU,POONU TANK,SS,GP,Auction,1.00,0.25
Nellimarla,VALLURU,THODELU BANDA,SS,GP,Auction,1.00,0.25
Nellimarla,VALLURU,SEETASAGARAM,SS,GP,Auction,4.00,1.00
Nellimarla,VALLURU,VEERAPATRUNI TANK,SS,GP,Auction,1.00,0.25
Nellimarla,VALLURU,VALLIREDDIVANI TANK,SS,GP,Auction,1.00,0.25
Nellimarla,VALLURU,YERRA BANDA,SS,GP,Auction,2.00,0.50
Nellimarla,VOMMI,AKKUMAYYA TANK,SS,GP,Auction,2.00,0.50
Nellimarla,VOMMI,NALLA TANK,SS,GP,Auction,5.00,1.25
Nellimarla,VOMMI,RAMUDU TANK,SS,GP,Auction,6.00,1.50
Merakamudidam,BUDARAYAVALASA,CHINNATANK,SS,GP,Lease ,4.00,1.00
Merakamudidam,BUDARAYAVALASA,NILAKONERU,SS,GP,Lease ,5.00,1.25
Merakamudidam,BUDARAYAVALASA,THUMMATANK,SS,GP,Lease ,3.00,0.75
Merakamudidam,BUDARAYAVALASA,MAJJITANK,SS,GP,Lease ,3.00,0.75
Merakamudidam,BUDARAYAVALASA,DOSALITANK,SS,GP,Lease ,3.00,0.75
Merakamudidam,GARBHAM,K KONERU,SS,GP,Lease ,10.00,2.50
Merakamudidam,Garbham,Jonnakoner,SS,GP,Lease ,7.00,1.75
Merakamudidam,GARBHAM,M KONERU,SS,GP,Lease ,10.00,2.50
Merakamudidam,GARBHAM,G KONERU,SS,GP,Lease ,10.00,2.50
Merakamudidam,GARBHAM,TAMAR TANK,SS,GP,Lease ,8.00,2.00
Merakamudidam,GARBHAM,KARRI TANK,SS,GP,Lease ,7.00,1.75
Merakamudidam,GARBHAM,PATAKONERU,SS,GP,Lease ,8.00,2.00
Merakamudidam,GARBHAM,THADKONERU,SS,GP,Lease ,8.00,2.00
Merakamudidam,GARBHAM,KANDKONERU,SS,GP,Lease ,9.00,2.25
Merakamudidam,GARBHAM,NALLABANDA,SS,GP,Lease ,5.00,1.25
Merakamudidam,GARBHAM,RAVITANK,SS,GP,Lease ,10.00,2.50
Merakamudidam,MERAKAMUDIDAM,PINNITANK,SS,GP,Lease ,10.00,2.50
Merakamudidam,MERAKAMUDIDAM,BORRATANK,SS,GP,Lease ,4.00,1.00
Merakamudidam,MERAKAMUDIDAM,BUJJI TANK,SS,GP,Lease ,5.00,1.25
Merakamudidam,MERAKAMUDIDAM,KARRI TANK,SS,GP,Lease ,4.00,1.00
Merakamudidam,MERAKAMUDIDAM,VEMALITANK,SS,GP,Lease ,4.00,1.00
Merakamudidam,SOMALINGAPURAM,REGI TANK,SS,GP,Lease ,15.00,3.75
Merakamudidam,SOMALINGAPURAM,MARRIKONER,SS,GP,Lease ,3.00,0.75
Merakamudidam,SOMALINGAPURAM,BOM KONERU,SS,GP,Lease ,3.00,0.75
Gurla,Tatavari kittali,Gedigedda Reservior,PE,MI,Lease ,242,182
Gurla,kella,Voora tank,SS,MI,Lease ,32,8.00
Gurla,CHINTHALAPETA,PATHA TANK,SS,GP,Auction,2.00,0.50
Gurla,CHINTHAPALLIPETA,PATHA TANK,SS,GP,Auction,2.00,0.50
Gurla,CHINTHAPALLIPETA,CHINTHALA,SS,GP,Auction,3.00,0.75
Gurla,DAMARASINGI,AGURUVANI TANK,SS,GP,Auction,2.00,0.50
Gurla,DAMARASINGI,AMBALLA TANK,SS,GP,Auction,2.00,0.50
Gurla,DAMARASINGI,BURUDA BANDA,SS,GP,Auction,3.00,0.75
Gurla,DAMARASINGI,JAGANNA TANK,SS,GP,Auction,2.00,0.50
Gurla,DAMARASINGI,GANGAYYA TANK,SS,GP,Auction,2.00,0.50
Gurla,DAMARASINGI,RAMAJOGI TANK,SS,GP,Auction,2.00,0.50
Gurla,DAMARASINGI,YERRA TANK,SS,GP,Auction,2.00,0.50
Gurla,DAMARASINGI,KOTHA BANDA,SS,GP,Auction,1.00,0.25
Gurla,DAMARASINGI,MEDI TANK,SS,GP,Auction,3.00,0.75
Gurla,DAMARASINGI,PAPAYYA TANK,SS,GP,Auction,2.00,0.50
Gurla,DAMARASINGI,KARI BANDA,SS,GP,Auction,1.00,0.25
Gurla,DAMARASINGI,KANKARA BANDA,SS,GP,Auction,3.00,0.75
Gurla,DAMARASINGI,CHAVITI BANDA,SS,GP,Auction,3.00,0.75
Gurla,DAMARASINGI,PEDDA BANDA,SS,GP,Auction,1.00,0.25
Gurla,D. KANAPAKA,MARRI CHERUVU,SS,GP,Auction,3.00,0.75
Gurla,D. KANAPAKA,JOGIVANI TANK,SS,GP,Auction,1.00,0.25
Gurla,D. KANAPAKA,VOORA CHERUVU,SS,GP,Auction,2.00,0.50
Gurla,D. KANAPAKA,GIDIJALA TANK,SS,GP,Auction,2.00,0.50
Gurla,D. KANAPAKA,KOMATI CHERUVU,SS,GP,Auction,2.00,0.50
Gurla,D. KANAPAKA,RAMUDU CHERUVU,SS,GP,Auction,2.00,0.50
Gurla,GARIDA,CHELIGARAM TANK,SS,GP,Auction,6.00,1.50
Gurla,GARIDA,KOTHA TANK,SS,GP,Auction,6.00,1.50
Gurla,GARIDA,SHARABU KONERU,SS,GP,Auction,4.00,1.00
Gurla,GARIDA,MOIDAVANI CHERUVU,SS,GP,Auction,4.00,1.00
Gurla,GARIDA,RANGARAJU CHERUVU,SS,GP,Auction,1.00,0.25
Gurla,GARIDA,NAGASAGARAM,SS,GP,Auction,1.00,0.25
Gurla,GARIDA,RAMASAGARAM,SS,GP,Auction,2.00,0.50
Gurla,GARIKIVALASA,CHITTIGUND,SS,GP,Auction,2.00,0.50
Gurla,GARIKIVALASA,CHINNA KON,SS,GP,Auction,1.00,0.25
Gurla,GARIKIVALASA,NARAPPA,SS,GP,Auction,1.00,0.25
Gurla,GARIKIVALASA,PEDDA KONE,SS,GP,Auction,1.00,0.25
Gurla,GARIKIVALASA,RAVI TANK,SS,GP,Auction,1.00,0.25
Gurla,GARIKIVALASA,VISANNA,SS,GP,Auction,1.00,0.25
Gurla,GARIKIVALASA,KOTHA TANK,SS,GP,Auction,2.00,0.50
Gurla,GARIKIVALASA,SURAMMA,SS,GP,Auction,1.00,0.25
Gurla,GOSHADA,KOTHA TANK,SS,GP,Auction,1.00,0.25
Gurla,GOSHADA,ADIBA TANK,SS,GP,Auction,2.00,0.50
Gurla,GOSHADA,KOMATI TAN,SS,GP,Auction,1.00,0.25
Gurla,GOSHADA,MEESALA,SS,GP,Auction,1.00,0.25
Gurla,GOSHADA,ROWTHA BAN,SS,GP,Auction,1.00,0.25
Gurla,GOSHADA,KALYANA,SS,GP,Auction,2.00,0.50
Gurla,GOSHADA,RAMULU CH,SS,GP,Auction,1.00,0.25
Gurla,GOSHADA,BONTHAVANI,SS,GP,Auction,1.00,0.25
Gurla,GUDEM,BARIKA BAN,SS,GP,Auction,1.00,0.25
Gurla,GUDEM,POTURAJU CHERUVU,SS,GP,Auction,1.00,0.25
Gurla,GUDEM,KOMATI CHERUVU,SS,GP,Auction,1.00,0.25
Gurla,GUDEM,KAMMULA BANDA,SS,GP,Auction,1.00,0.25
Gurla,GUJJANGIVALASA,CHINTHA BA,SS,GP,Auction,1.00,0.25
Gurla,GUJJANGIVALASA,MERISA,SS,GP,Auction,1.00,0.25
Gurla,GUJJANGIVALASA,RAVI TANK,SS,GP,Auction,1.00,0.25
Gurla,GUJJANGIVALASA,RAMASAGARA,SS,GP,Auction,2.00,0.50
Gurla,GUJJANGIVALASA,KOTHA TANK,SS,GP,Auction,2.00,0.50
Gurla,GUJJANGIVALASA,NAIDU TANK,SS,GP,Auction,2.00,0.50
Gurla,GUJJANGIVALASA,PARAGADA T,SS,GP,Auction,2.00,0.50
Gurla,GUJJANGIVALASA,PUTCHA TA,SS,GP,Auction,1.00,0.25
Gurla,GUJJANGIVALASA,VOORA TANK,SS,GP,Auction,1.00,0.25
Gurla,GUJJANGIVALASA,KAMSALI TA,SS,GP,Auction,2.00,0.50
Gurla,GUJJANGIVALASA,CHAKALI T,SS,GP,Auction,1.00,0.25
Gurla,GURLA,POONU TANK,SS,GP,Auction,2.00,0.50
Gurla,GURLA,SEETHARAMU,SS,GP,Auction,1.00,0.25
Gurla,GURLA,GEDELA TAN,SS,GP,Auction,1.00,0.25
Gurla,GURLA,MANGALI BA,SS,GP,Auction,1.00,0.25
Gurla,GURLA,SEENAPPA,SS,GP,Auction,1.00,0.25
Gurla,GURLA,GOBBILI BA,SS,GP,Auction,1.00,0.25
Gurla,GURLA,KRISHNAPPA,SS,GP,Auction,1.00,0.25
Gurla,GURLA,BARIKI BAN,SS,GP,Auction,1.00,0.25
Gurla,GURLA,MUPPANNA,SS,GP,Auction,7.00,1.75
Gurla,JAMMU,BARIKABAND,SS,GP,Auction,1.00,0.25
Gurla,JAMMU,KARAKA,SS,GP,Auction,2.00,0.50
Gurla,JAMMU,PEDDA,SS,GP,Auction,1.00,0.25
Gurla,JAMMU,CHAVITI,SS,GP,Auction,3.00,0.75
Gurla,JAMMU,MAMIDI,SS,GP,Auction,1.00,0.25
Gurla,JAMMU PETA,SALAKA CHERUVU,SS,GP,Auction,4.00,1.00
Gurla,JAMMU PETA,MERAKA BANNDA,SS,GP,Auction,4.00,1.00
Gurla,JAMMU PETA,APPALANAIDU KONERU,SS,GP,Auction,3.00,0.75
Gurla,KALAVACHARLA,CHINTHALA,SS,GP,Auction,1.00,0.25
Gurla,KALAVACHARLA,TAMMUDIGAR,SS,GP,Auction,3.00,0.75
Gurla,KALAVACHARLA,SOMADAS,SS,GP,Auction,5.00,1.25
Gurla,KALAVACHARLA,SERI TANK,SS,GP,Auction,4.00,1.00
Gurla,KALAVACHARLA,VOORA TANK,SS,GP,Auction,2.00,0.50
Gurla,KELLA,BADDI TANK,SS,GP,Auction,1.00,0.25
Gurla,KELLA,BARIKA BANDA,SS,GP,Auction,2.00,0.50
Gurla,KELLA,MANGALI BANDA,SS,GP,Auction,2.00,0.50
Gurla,KELLA,BAPADU BANDA,SS,GP,Auction,4.00,1.00
Gurla,KELLA,MENTI TANK,SS,GP,Auction,2.00,0.50
Gurla,KELLA,SINGARASAGARAM,SS,GP,Auction,9.00,2.25
Gurla,KELLA,TAMURU TANK,SS,GP,Auction,1.00,0.25
Gurla,KELLA,TULASI VANI TANK,SS,GP,Auction,2.00,0.50
Gurla,KELLA,MURAGADA BANDA,SS,GP,Auction,3.00,0.75
Gurla,KELLA,PINNAPUNAIDU BANDA,SS,GP,Auction,3.00,0.75
Gurla,KELLA,CHILLANGI TANK,SS,GP,Auction,2.00,0.50
Gurla,KELLA,THAMMADU TANK,SS,GP,Auction,1.00,0.25
Gurla,KELLA,PAINAIDU TANK,SS,GP,Auction,8.00,2.00
Gurla,KONDAGANDREDU,NAIDUBABU,SS,GP,Auction,4.00,1.00
Gurla,KONDAGANDREDU,KIKIRI,SS,GP,Auction,4.00,1.00
Gurla,KONDAGANDREDU,CHITTIVANI,SS,GP,Auction,1.00,0.25
Gurla,KONDAGANDREDU,KANTROTHU,SS,GP,Auction,2.00,0.50
Gurla,KONDAGANDREDU,NEREDUBILL,SS,GP,Auction,2.00,0.50
Gurla,KONDAGANDREDU,SARI TANK,SS,GP,Auction,1.00,0.25
Gurla,KONDAGANDREDU,ALTHI BAND,SS,GP,Auction,5.00,1.25
Gurla,KONDAGANDREDU,BEDALA BAN,SS,GP,Auction,4.00,1.00
Gurla,KONDAGANDREDU,BEHARA,SS,GP,Auction,4.00,1.00
Gurla,KONDAGANDREDU,CHINTHALA,SS,GP,Auction,1.00,0.25
Gurla,KONDAGANDREDU,BANDAVANI,SS,GP,Auction,3.00,0.75
Gurla,KONDAGANDREDU,BANDAVANIB,SS,GP,Auction,3.00,0.75
Gurla,KONDAGANDREDU,DOKKULAVAN,SS,GP,Auction,1.00,0.25
Gurla,KONDAGANDREDU,GEDELAVANI,SS,GP,Auction,2.00,0.50
Gurla,KONDAGANDREDU,KAMSALI,SS,GP,Auction,2.00,0.50
Gurla,KONDAGANDREDU,KALLAKURI,SS,GP,Auction,5.00,1.25
Gurla,KONDAGANDREDU,MANGALI BANDHA,SS,GP,Auction,2.00,0.50
Gurla,KONDAGANDREDU,MAKAMMA,SS,GP,Auction,1.00,0.25
Gurla,KONDAGANDREDU,PATHA TANK,SS,GP,Auction,1.00,0.25
Gurla,KONDAGANDREDU,CHELAMMA,SS,GP,Auction,1.00,0.25
Gurla,KONDAGANDREDU,SHARABU,SS,GP,Auction,1.00,0.25
Gurla,KONDAGANDREDU,RAVI VANI,SS,GP,Auction,1.00,0.25
Gurla,KONDAGANDREDU,KASIVANI,SS,GP,Auction,1.00,0.25
Gurla,KONDAGANDREDU,GOLLAVANI,SS,GP,Auction,5.00,1.25
Gurla,KONDAGANDREDU,RAJINAIDU,SS,GP,Auction,1.00,0.25
Gurla,KONDAGANDREDU,KOTHA TANK,SS,GP,Auction,1.00,0.25
Gurla,KONDAGANDREDU,NERELLABAN,SS,GP,Auction,1.00,0.25
Gurla,KONDAGANDREDU,SUVVADA,SS,GP,Auction,1.00,0.25
Gurla,KONDAGANDREDU,SUVVARUVANI TANK,SS,GP,Auction,1.00,0.25
Gurla,KONDAGANDREDU,CHINTHALAKONERU,SS,GP,Auction,1.00,0.25
Gurla,KOTAGANDREDU,SIVANNA,SS,GP,Auction,1.00,0.25
Gurla,KOTAGANDREDU,CHEBOLU,SS,GP,Auction,1.00,0.25
Gurla,KOTAGANDREDU,SAMADASVAN,SS,GP,Auction,3.00,0.75
Gurla,KOTAGANDREDU,VEDULABAND,SS,GP,Auction,4.00,1.00
Gurla,KOTAGANDREDU,YERUKABAND,SS,GP,Auction,6.00,1.50
Gurla,KOTAGANDREDU,KOTHA TANK,SS,GP,Auction,4.00,1.00
Gurla,KOTAGANDREDU,NEELIGUNDAM,SS,GP,Auction,1.00,0.25
Gurla,NADUPURU,RAMASAGARA,SS,GP,Auction,3.00,0.75
Gurla,NADUPURU,BARIKI,SS,GP,Auction,3.00,0.75
Gurla,NADUPURU,PANASABAND,SS,GP,Auction,1.00,0.25
Gurla,Nagallavalasa,SIRAGA,SS,GP,Auction,3.00,0.75
Gurla,NAGALLAVALASA,TURAKA,SS,GP,Auction,3.00,0.75
Gurla,NAGALLA VALASA,VEEMAYYA,SS,GP,Auction,1.00,0.25
Gurla,NAGALLAVALASA,GOPARAJU,SS,GP,Auction,3.00,0.75
Gurla,NAGALLAVALASA,SINGASAGAR,SS,GP,Auction,3.00,0.75
Gurla,NAGALLAVALASA,VEPA BANDA,SS,GP,Auction,5.00,1.25
Gurla,NAGALLA VALASA,CHINNATANK,SS,GP,Auction,1.00,0.25
Gurla,PAKEERUKITTALI,BAJANA CHERUVU,SS,GP,Auction,4.00,1.00
Gurla,PAKEERUKITTALI,KARANAM CHERUVU,SS,GP,Auction,1.00,0.25
Gurla,PALLIGANDREDU,NARAYADU TANK,SS,GP,Auction,2.00,0.50
Gurla,PALLIGANDREDU,GOLLABANDA,SS,GP,Auction,1.00,0.25
Gurla,PALLIGANDREDU,SHARABU KONERU,SS,GP,Auction,1.00,0.25
Gurla,PEDABANTUPALLI,KELLAVANI TANK,SS,GP,Auction,1.00,0.25
Gurla,PEDABANTUPALLI,BAPANNA BANDA,SS,GP,Auction,2.00,0.50
Gurla,PEDABANTUPALLI,CHINTHALA TANK,SS,GP,Auction,6.00,1.50
Gurla,PEDABANTUPALLI,KARIGEDDA,SS,GP,Auction,1.00,0.25
Gurla,PEDABANTUPALLI,KOTHA TANK,SS,GP,Auction,1.00,0.25
Gurla,PEDABANTUPALLI,KAMSALI BANDA,SS,GP,Auction,2.00,0.50
Gurla,PEDABANTUPALLI,MANGALI BANDA,SS,GP,Auction,4.00,1.00
Gurla,PEDABANTUPALLI,KARI BANDA,SS,GP,Auction,7.00,1.75
Gurla,PENUBARTHI,KRISHNASAGARAM,SS,GP,Auction,1.00,0.25
Gurla,PENUBARTHI,SEETHAMMA TANK,SS,GP,Auction,1.00,0.25
Gurla,PENUBARTHI,VOORA TANK,SS,GP,Auction,1.00,0.25
Gurla,PENUBARTHI,YATAPU VANNI TANK,SS,GP,Auction,1.00,0.25
Gurla,PENUBARTHI,CHAKALI CHERUVU,SS,GP,Auction,2.00,0.50
Gurla,PENUBARTHI,YATHAPUVANI TANK,SS,GP,Auction,1.00,0.25
Gurla,POLAYAVALASA,ANGALLA TANK,SS,GP,Auction,1.00,0.25
Gurla,POLAYAVALASA,JOGANNA TANK,SS,GP,Auction,1.00,0.25
Gurla,POLAYAVALASA,POLA BANDA,SS,GP,Auction,1.00,0.25
Gurla,POLAYAVALASA,GUDI CHERUVU,SS,GP,Auction,3.00,0.75
Gurla,POLAYAVALASA,PINA TANK,SS,GP,Auction,1.00,0.25
Gurla,POLAYAVALASA,YENDU VANI TANK,SS,GP,Auction,3.00,0.75
Gurla,POLAYAVALASA,SURAMMA TANK,SS,GP,Auction,3.00,0.75
Gurla,SSR PETA,CHAMALAMMA,SS,GP,Auction,2.00,0.50
Gurla,SSR PETA,KELLAGEDDA,SS,GP,Auction,3.00,0.75
Gurla,SSR PETA,SOLIPI TAN,SS,GP,Auction,1.00,0.25
Gurla,SSR PETA,KARI CHERU,SS,GP,Auction,2.00,0.50
Gurla,SSR PETA,YERRA,SS,GP,Auction,1.00,0.25
Gurla,THATIPUDI,KITTANNA,SS,GP,Auction,2.00,0.50
Gurla,THATIPUDI,SEERAMASAG,SS,GP,Auction,1.00,0.25
Gurla,THATIPUDI,VOORA TANK,SS,GP,Auction,3.00,0.75
Gurla,THATIPUDI,SURAMMA,SS,GP,Auction,2.00,0.50
Gurla,TETTANGI,KITTANNA TANK,SS,GP,Auction,2.00,0.50
Gurla,TETTANGI,SREERAMASAGARAM,SS,GP,Auction,1.00,0.25
Gurla,TETTANGI,VOORA TANK,SS,GP,Auction,3.00,0.75
Gurla,TETTANGI,SURAMMA TANK,SS,GP,Auction,2.00,0.50
Gurla,TETTANGI,JAGGANNA TANK,SS,GP,Auction,5.00,1.25
Gurla,TETTANGI,GUMMADI BANDA,SS,GP,Auction,1.00,0.25
Gurla,TETTANGI,CHAKALI REVU POONU,SS,GP,Auction,2.00,0.50
Gurla,VALLAPURAM,KOMATI TANK,SS,GP,Auction,4.00,1.00
Gurla,VALLAPURAM,RAMASAGARAM,SS,GP,Auction,1.00,0.25
Gurla,VALLAPURAM,APPAYYAVANI BANDA,SS,GP,Auction,2.00,0.50
Gurla,VALLAPURAM,GEDDAKATTUPOONE,SS,GP,Auction,5.00,1.25
Gurla,VALLAPURAM,JOGANNA CHERUVU,SS,GP,Auction,1.00,0.25
Gurla,VALLAPURAM,CHINTALA BANDA,SS,GP,Auction,5.00,1.25
Gurla,VALLAPURAM,MUSIDI BANDA,SS,GP,Auction,5.00,1.25
Gurla,VALLAPURAM,PAPAYYA BANDA,SS,GP,Auction,5.00,1.25
Gurla,VALLAPURAM,SITASAGARAM,SS,GP,Auction,1.00,0.25
Gurla,VALLAPURAM,CHINNA BANDA,SS,GP,Auction,2.00,0.50
Gurla,VALLAPURAM,PANDUVANI CHERUVU,SS,GP,Auction,1.00,0.25
Denkada,goddupalem,Palagedda tank,PE,MI,Lease ,10,8.00
Denkada,Peddatadivada,Yerakayya tank,LS,MI,Lease ,32,16.00
Denkada,chintalapeta,Chintala tank,SS,MI,Lease ,40,10.00
Denkada,denkada  ,Appayyatank,SS,MI,Lease ,24,8.00
Denkada,raghumanda,Pedda tank,SS,MI,Lease ,39,9.25
Denkada,gunupurupeta,Kondaraju tank,SS,MI,Lease ,52,13.00
Denkada,Pina thadivada,Kotha tank,SS,GP,Lease ,13.00,3.25
Denkada,Pina thadivada,Voora tank,SS,GP,Lease ,38.00,9.50
Denkada,Pina thadivada,Sitamma tank,SS,GP,Lease ,5.00,1.25
Denkada,DENKADA,BUchiRAJU TANK,SS,GP,Lease ,1.00,0.25
Denkada,DENKADA,NEREDU TANK,SS,GP,Lease ,2.00,0.5
Denkada,DENKADA,PAPAYYA TANK,SS,GP,Lease ,2.00,0.5
Denkada,DENKADA,VEERASAGARAM,SS,GP,Lease ,2.00,0.5
Denkada,DENKADA,VENKAIAH TANK,SS,GP,Lease ,1.00,0.25
Denkada,DENKADA,YERAKAIAH TANK,SS,GP,Lease ,2.00,0.5
Denkada,NATHAVALASA,APPAYYA BANDA,SS,GP,Lease ,1.00,0.25
Denkada,SINGAVARAM,AYYAVARI TANK,SS,GP,Lease ,1.00,0.25
Denkada,SINGAVARAM,MADHYAVANI TANK,SS,GP,Lease ,3.00,0.75
Denkada,SINGAVARAM,KOTTA CHERUVU,SS,GP,Lease ,10.00,2.5
Denkada,Denkada,Kalamala tank,SS,GP,Lease ,5.00,1.25
Denkada,Denkada,Bandaru tank,SS,GP,Lease ,5.00,1.25
Denkada,Denkada,Pedda tank,SS,GP,Lease ,10.00,2.5
Denkada,Denkada,Jagannadha tank,SS,GP,Lease ,5.00,1.25
Denkada,AKKIVARAM,KANDIVANI TANK,SS,GP,Auction,10.00,2.50
Denkada,AKKIVARAM,KANNAM VANI TANK,SS,GP,Auction,11.00,2.75
Denkada,BANGARRAJUPETA,CHERI TANK,SS,GP,Auction,14.00,3.50
Denkada,BANTUPALLI,GEDDAKATTU BANDA,SS,GP,Auction,8.00,2.00
Denkada,BODDAVALASA,PEDDA TANK,SS,GP,Auction,14.00,3.50
Denkada,GANTLAM,PEDDA TANK,SS,GP,Auction,13.00,3.25
Denkada,PEDATHADIVADA,TELUKULA VANI TANK,SS,GP,Auction,10.00,2.50
Denkada,PINTHADIVADA,PINATHADIVADA VOORA Tank,SS,GP,Auction,12.00,3.00
Denkada,AKKIVARAM,APPANNA BANDA,SS,GP,Auction,2.00,0.50
Denkada,AKKIVARAM,ATHILIVANI TANK,SS,GP,Auction,4.00,1.00
Denkada,AKKIVARAM,BUGATHA BANDA,SS,GP,Auction,6.00,1.50
Denkada,AKKIVARAM,BANDA TANK,SS,GP,Auction,4.00,1.00
Denkada,AKKIVARAM,CHAKALIVANI BANDA,SS,GP,Auction,3.00,0.75
Denkada,AKKIVARAM,GUNDAM TANK,SS,GP,Auction,1.00,0.25
Denkada,AKKIVARAM,GORLA BANDA,SS,GP,Auction,2.00,0.50
Denkada,AKKIVARAM,GORLI BANDA,SS,GP,Auction,2.00,0.50
Denkada,AKKIVARAM,KRISHNAYYA TANK,SS,GP,Auction,2.00,0.50
Denkada,AKKIVARAM,KALUVALA BANDA,SS,GP,Auction,3.00,0.75
Denkada,AKKIVARAM,KALAGARLAVANI TANK,SS,GP,Auction,3.00,0.75
Denkada,AKKIVARAM,MANGALI TANK,SS,GP,Auction,2.00,0.50
Denkada,AKKIVARAM,NALLAPUVANI TANK,SS,GP,Auction,5.00,1.25
Denkada,AKKIVARAM,RELLIVANI TANK,SS,GP,Auction,2.00,0.50
Denkada,AKKIVARAM,SALIVANI TANK,SS,GP,Auction,4.00,1.00
Denkada,AKKIVARAM,ALTHAMUDU TANK,SS,GP,Auction,1.00,0.25
Denkada,AKKIVARAM,TELUKULA TANK,SS,GP,Auction,5.00,1.25
Denkada,AKKIVARAM,YELLAMMA BANDA,SS,GP,Auction,2.00,0.50
Denkada,AMAKAM,BALAYYA TANK,SS,GP,Auction,4.00,1.00
Denkada,AMAKAM,KOLLAYYA GUNDAM,SS,GP,Auction,2.00,0.50
Denkada,AMAKAM,KOMATI BANDA,SS,GP,Auction,1.00,0.25
Denkada,AMAKAM,PEDDA TANK,SS,GP,Auction,1.00,0.25
Denkada,AMAKAM,POONU GEDDA,SS,GP,Auction,3.00,0.75
Denkada,AMAKAM,PINNA TANK,SS,GP,Auction,3.00,0.75
Denkada,AMAKAM,TALLA BANDA,SS,GP,Auction,1.00,0.25
Denkada,AMAKAM,TELUKALA BANDA,SS,GP,Auction,1.00,0.25
Denkada,BANGARRAJUPETA,CHELLAMMA TANK,SS,GP,Auction,1.00,0.25
Denkada,BANTUPALLI,CHINAKOTTA TANK,SS,GP,Auction,1.00,0.25
Denkada,BANTUPALLI,KOTTA TANK,SS,GP,Auction,9.00,2.25
Denkada,BANTUPALLI,KOTI BANDA,SS,GP,Auction,1.00,0.25
Denkada,BANTUPALLI,NAGULA TANK,SS,GP,Auction,2.00,0.50
Denkada,BANTUPALLI,VOORA TANK,SS,GP,Auction,1.00,0.25
Denkada,BANTUPALLI,YERRA TANK,SS,GP,Auction,5.00,1.25
Denkada,BODDAVALASA,BATHULA GUNDAM,SS,GP,Auction,1.00,0.25
Denkada,BODDAVALASA,KOMATI TANK,SS,GP,Auction,1.00,0.25
Denkada,BODDAVALASA,CHAVITI TANK,SS,GP,Auction,2.00,0.50
Denkada,BODDAVALASA,SONTI TANK,SS,GP,Auction,1.00,0.25
Denkada,BODDAVALASA,VOORA TANK,SS,GP,Auction,5.00,1.25
Denkada,CHINTHALAVALASA,AKKAYYA TANK,SS,GP,Auction,2.00,0.50
Denkada,CHINTHALAVALASA,CHAVITI BANDA,SS,GP,Auction,1.00,0.25
Denkada,CHINTHALAVALASA,GOGULA TANK,SS,GP,Auction,8.00,2.00
Denkada,CHINTHALAVALASA,KARAGULA TANK,SS,GP,Auction,1.00,0.25
Denkada,CHINTHALAVALASA,PEDDAYYA TANK,SS,GP,Auction,1.00,0.25
Denkada,CHINTHALAVALASA,YERRA TANK,SS,GP,Auction,6.00,1.50
Denkada,CHINTHALAVALASA,BAPANA BANDA,SS,GP,Auction,1.00,0.25
Denkada,CHINTHALAVALASA,PAPAYYA BANDA,SS,GP,Auction,2.00,0.50
Denkada,CHINTHALAVALASA,SEETHANNA BANDA,SS,GP,Auction,1.00,0.25
Denkada,D KOLLAM,PATHA TANK,SS,GP,Auction,5.00,1.25
Denkada,D KOLLAM,VENKATA SAGARAM,SS,GP,Auction,3.00,0.75
Denkada,D TALLAVALASA,BAPADU BANDA,SS,GP,Auction,1.00,0.25
Denkada,D TALLAVALASA,KOTTA TANK,SS,GP,Auction,2.00,0.50
Denkada,D TALLAVALASA,MARI TANK,SS,GP,Auction,7.00,1.75
Denkada,D TALLAVALASA,RALLA TANK,SS,GP,Auction,9.00,2.25
Denkada,D TALLAVALASA,VADDIVANI TANK,SS,GP,Auction,5.00,1.25
Denkada,D TALLAVALASA,SAMANTHULAVANI TANK,SS,GP,Auction,4.00,1.00
Denkada,DENKADA,KARAKATTU BANDA,SS,GP,Auction,2.00,0.50
Denkada,DENKADA,KALAVANTHULA TANK,SS,GP,Auction,4.00,1.00
Denkada,GANTLAM,KOTTA TANK,SS,GP,Auction,3.00,0.75
Denkada,GANTLAM,KONERU,SS,GP,Auction,1.00,0.25
Denkada,GANTLAM,NARASIMHA TANK,SS,GP,Auction,1.00,0.25
Denkada,GANTLAM,SETHARAM TANK,SS,GP,Auction,2.00,0.50
Denkada,GANTLAM,YEDLA BANDA,SS,GP,Auction,1.00,0.25
Denkada,GOLAGAM,BAPADU BANDA,SS,GP,Auction,7.00,1.75
Denkada,GOLAGAM,GUDI BANDA,SS,GP,Auction,1.00,0.25
Denkada,GOLAGAM,PEDDA TANK,SS,GP,Auction,6.00,1.50
Denkada,GOLAGAM,SANKARA TANK,SS,GP,Auction,3.00,0.75
Denkada,GOLGAM,VOORA TANK,SS,GP,Auction,3.00,0.75
Denkada,GUNUPURU,VOORA TANK,SS,GP,Auction,2.00,0.50
Denkada,GUNUPURU,VEERAPPA TANK,SS,GP,Auction,5.00,1.25
Denkada,GUNUPURU,AYYAVARI TANK,SS,GP,Auction,3.00,0.75
Denkada,GUNUPURU,ANANDARAJU TANK,SS,GP,Auction,3.00,0.75
Denkada,GUNUPURU,AYYA TANK,SS,GP,Auction,2.00,0.50
Denkada,GUNUPURU,BUDHAYYA TANK,SS,GP,Auction,1.00,0.25
Denkada,GUNUPURU,GUNDAM TANK,SS,GP,Auction,2.00,0.50
Denkada,GUNUPURU,JAGANNADHA TANK,SS,GP,Auction,4.00,1.00
Denkada,GUNUPURU,KOSANNA TANK,SS,GP,Auction,1.00,0.25
Denkada,GUNUPURU,NEDIMINTI BANDA,SS,GP,Auction,3.00,0.75
Denkada,GUNUPURU,NAGARAM BANDA,SS,GP,Auction,1.00,0.25
Denkada,GUNUPURU,PYLAVANI TANK,SS,GP,Auction,4.00,1.00
Denkada,JONNADA,MARRI TANK,SS,GP,Auction,1.00,0.25
Denkada,JONNADA,POONU GEDDA,SS,GP,Auction,2.00,0.50
Denkada,JONNADA,POTURUVANI TANK,SS,GP,Auction,1.00,0.25
Denkada,JONNADA,RAMACHANDRA TANK,SS,GP,Auction,3.00,0.75
Denkada,JONNADA,SEETHAYYA TANK,SS,GP,Auction,1.00,0.25
Denkada,JONNADA,YEDDUVANI TANK,SS,GP,Auction,1.00,0.25
Denkada,JONNADA,YEGURUPATI BANDA,SS,GP,Auction,1.00,0.25
Denkada,JONNADA,YERRA TANK,SS,GP,Auction,3.00,0.75
Denkada,JONNADA,AKULAVANI TANK,SS,GP,Auction,1.00,0.25
Denkada,JONNADA,BAPADU BANDA,SS,GP,Auction,1.00,0.25
Denkada,JONNADA,GUNDAM BANDA,SS,GP,Auction,5.00,1.25
Denkada,JONNADA,KARROTHUVANI TANK,SS,GP,Auction,1.00,0.25
Denkada,JONNADA,LINGADHRI BANDA,SS,GP,Auction,1.00,0.25
Denkada,MODAVALASA,AMRUTHAM BANDA,SS,GP,Auction,3.00,0.75
Denkada,MODAVALASA,GUNDUVANI TANK,SS,GP,Auction,3.00,0.75
Denkada,MODAVALASA,MALA BANDA,SS,GP,Auction,1.00,0.25
Denkada,MODAVALASA,PAPAYYA BANDA,SS,GP,Auction,5.00,1.25
Denkada,MODAVALASA,RAMANNA BANDA,SS,GP,Auction,2.00,0.50
Denkada,MODAVALASA,YERRA TANK,SS,GP,Auction,5.00,1.25
Denkada,MOPADA,CHAVITI BANDA,SS,GP,Auction,1.00,0.25
Denkada,MOPADA,DEVARAKONDA VANI TANK,SS,GP,Auction,4.00,1.00
Denkada,MOPADA,KOMATI TANK,SS,GP,Auction,7.00,1.75
Denkada,MOPADA,KRISHNAM RAJU TANK,SS,GP,Auction,5.00,1.25
Denkada,MOPADA,JANGAM BANDA,SS,GP,Auction,2.00,0.50
Denkada,MOPADA,KOTTA TANK,SS,GP,Auction,3.00,0.75
Denkada,MOPADA,MONGALIVANI TANK,SS,GP,Auction,2.00,0.50
Denkada,MOPADA,MAJJIVANI TANK,SS,GP,Auction,3.00,0.75
Denkada,MOPADA,MATHAVANI TANK,SS,GP,Auction,3.00,0.75
Denkada,MOPADA,NARSIMHA TANK,SS,GP,Auction,3.00,0.75
Denkada,MOPADA,PURUSHOTHAM TANK,SS,GP,Auction,3.00,0.75
Denkada,MOPADA,YERRA TANK,SS,GP,Auction,5.00,1.25
Denkada,MOPADA,GADIPALLIVANI TANK,SS,GP,Auction,8.00,2.00
Denkada,NATHAVALASA,KOTTA TANK,SS,GP,Auction,1.00,0.25
Denkada,PEDADA,AVASARALA BANDA,SS,GP,Auction,3.00,0.75
Denkada,PEDADA,DIGUVU BANDA,SS,GP,Auction,1.00,0.25
Denkada,PEDADA,GUNARAJU CHERUVU,SS,GP,Auction,4.00,1.00
Denkada,PEDADA,JANGAM TANK,SS,GP,Auction,5.00,1.25
Denkada,PEDADA,KARRI CHERUVU,SS,GP,Auction,5.00,1.25
Denkada,PEDADA,NARSA RAJU TANK,SS,GP,Auction,9.00,2.25
Denkada,PEDADA,NALLA CHERUVU,SS,GP,Auction,8.00,2.00
Denkada,PEDADA,YEGUVA BANDA,SS,GP,Auction,3.00,0.75
Denkada,PEDADA,YERRA TANK,SS,GP,Auction,2.00,0.50
Denkada,PEDATHADIVADA,BARIKA BANDA,SS,GP,Auction,1.00,0.25
Denkada,PEDATADIVADA,CHINTHALA BANDA,SS,GP,Auction,7.00,1.75
Denkada,PEDATHADIVADA,CHUKKAVANI TANK,SS,GP,Auction,10.00,2.50
Denkada,PEDATHADIVADA,CHANIKYAMMA BANDA,SS,GP,Auction,1.00,0.25
Denkada,PEDATHADIVADA,GURUVU CHETTI VANI TANK,SS,GP,Auction,13.00,3.25
Denkada,PEDATHADIVADA,HANUMANTHA BANDA,SS,GP,Auction,3.00,0.75
Denkada,PEDATHADIVADA,KOMATI TANK,SS,GP,Auction,10.00,2.50
Denkada,PEDATHADIVADA,GOTNAVARLA GUNDAM,SS,GP,Auction,4.00,1.00
Denkada,PEDATHADIVADA,KRISHNAYYA TANK,SS,GP,Auction,2.00,0.50
Denkada,PEDATHADIVADA,LINGAVADU BANDA,SS,GP,Auction,8.00,2.00
Denkada,PEDATHADIVADA,NARAYANA RAJU TANK,SS,GP,Auction,10.00,2.50
Denkada,PEDATHADIVADA,PATHA TANK,SS,GP,Auction,8.00,2.00
Denkada,PEDATHADIVADA,RAMASAGARAM,SS,GP,Auction,6.00,1.50
Denkada,PEDATHADIVADA,RAJAYYA BANDA,SS,GP,Auction,7.00,1.75
Denkada,PEDATHADIVADA,SEETHARAMUNI TANK,SS,GP,Auction,2.00,0.50
Denkada,PEDATHADIVADA,GUNDAM TANK,SS,GP,Auction,3.00,0.75
Denkada,PEDATHADIVADA,THOTAYYA CHERUVU,SS,GP,Auction,1.00,0.25
Denkada,PEDATHADIVADA,THOTAVANI BANDA,SS,GP,Auction,5.00,1.25
Denkada,PEDATHADIVADA,THALLA CHERUVU,SS,GP,Auction,2.00,0.50
Denkada,PEDATHADIVADA,YELLAPPA CHERUVU,SS,GP,Auction,3.00,0.75
Denkada,PEDATHADIVADA,YERAKAYYA TANK,SS,GP,Auction,16.00,4.00
Denkada,PINATHADIVADA,JAGGAPU KONERU,SS,GP,Auction,2.00,0.50
Denkada,PINATHADIVADA,JAGGANNA BANDA,SS,GP,Auction,1.00,0.25
Denkada,PINATHADIVADA,NAGARAJU CHERUVU,SS,GP,Auction,11.00,2.75
Denkada,PINTHADIVADA,NAYAKAMMA TANK,SS,GP,Auction,10.00,2.50
Denkada,PINTHADIVADA,RAJU CHERUVU,SS,GP,Auction,4.00,1.00
Denkada,PINATHADIVADA,SEETHAYYA TANK,SS,GP,Auction,4.00,1.00
Denkada,PINTHADIVADA,YERRA CHERUVU,SS,GP,Auction,5.00,1.25
Denkada,RAGHUMANDA,AVASARALA CHERUVU,SS,GP,Auction,2.00,0.50
Denkada,RAGHUMANDA,BAPADU BANDA,SS,GP,Auction,2.00,0.50
Denkada,RAGHUMANDA,DIBBAVANI BANDA,SS,GP,Auction,2.00,0.50
Denkada,RAGHUMANDA,GUNDAM TANK,SS,GP,Auction,3.00,0.75
Denkada,RAGHUMANDA,KOTTA GUNDAM,SS,GP,Auction,2.00,0.50
Denkada,RAGHUMANDA,NEREDU CHERUVU,SS,GP,Auction,5.00,1.25
Denkada,RAGHUMANDA,PATHA TANK,SS,GP,Auction,2.00,0.50
Denkada,VEDULLAVALASA,BANDAKULA BANDA,SS,GP,Auction,1.00,0.25
Denkada,VEDULLAVALASA,CHAVITI BANDA,SS,GP,Auction,1.00,0.25
Denkada,VEDULLAVALASA,CHINTHALA CHERUVU,SS,GP,Auction,2.00,0.50
Denkada,VEDULLAVALASA,RAMPALLIVANI TANK,SS,GP,Auction,4.00,1.00
Denkada,VEDULLAVALSA,SINGINIVANI TANK,SS,GP,Auction,1.00,0.25
Denkada,VEDULLAVALASA,SOMARAJU CHERUVU,SS,GP,Auction,1.00,0.25
Denkada,VEDULLAVALSA,VEERANNA CHERUVU,SS,GP,Auction,3.00,0.75
Cheepurupalli,CHEEPURUPALLI,THOTA TANK,SS,GP,Lease ,3.00,0.75
Cheepurupalli,CHEEPURUPALLI,BURIVANI TANK,SS,GP,Lease ,1.00,0.25
Cheepurupalli,Cheepurupalli,Corruvani tank,SS,GP,Lease ,2.00,0.50
Cheepurupalli,Cheepurupalli,Chinna tank,SS,GP,Lease ,1.50,0.38
Cheepurupalli,Cheepurupalli,Vepada tank,SS,GP,Lease ,2.00,0.50
Cheepurupalli,Cheepurupalli,Paravada tank,SS,GP,Lease ,1.00,0.25
Cheepurupalli,Cheepurupalli,Sitamma tank,SS,GP,Lease ,1.00,0.25
Cheepurupalli,ALAJANGI,GEDDA TANK,SS,GP,Auction,3.00,0.75
Cheepurupalli,ALAJANGI,YERRA TANK,SS,GP,Auction,3.00,0.75
Cheepurupalli,ALAJANGI,KANUMALA TANK,SS,GP,Auction,6.00,1.50
Cheepurupalli,CHEEPURUPALLI,RAVI BANDA,SS,GP,Auction,1.00,0.25
Cheepurupalli,CHEEPURUPALLI,POTHANNA BANDA,SS,GP,Auction,1.00,0.25
Cheepurupalli,CHEEPURUPALLI,APPANNA BANDA,SS,GP,Auction,2.00,0.50
Cheepurupalli,CHEEPURUPALLI,THAMMANNA TANK,SS,GP,Auction,2.00,0.50
Cheepurupalli,CHEEPURUPALLI,MALLIKANNA TANK,SS,GP,Auction,1.00,0.25
Cheepurupalli,DEVARAPODILAM,HANUMANTHALU TANK,SS,GP,Auction,4.00,1.00
Cheepurupalli,DEVARAPODILAM,MAHESHPOONU,SS,GP,Auction,2.00,0.50
Cheepurupalli,DEVARAPODILAM,MARRI TANK,SS,GP,Auction,3.00,0.75
Cheepurupalli,DEVARAPODILAM,YERRA TANK,SS,GP,Auction,3.00,0.75
Cheepurupalli,DEVARAPODILAM,SURAYYA TANK,SS,GP,Auction,3.00,0.75
Cheepurupalli,DEVARAPODILAM,CHINA BANDA,SS,GP,Auction,1.00,0.25
Cheepurupalli,DEVARAPODILAM,MALADA VANKANNA POONU,SS,GP,Auction,1.00,0.25
Cheepurupalli,DEVARAPODILAM,KURMALA BANDA,SS,GP,Auction,1.00,0.25
Cheepurupalli,DEVARAPODILAM,NAGAMMA TANK,SS,GP,Auction,2.00,0.50
Cheepurupalli,DEVARAPODILAM,PYDIVENKANNA TANK,SS,GP,Auction,4.00,1.00
Cheepurupalli,GOLLALAMULAGAM,NAGALAVANI TANK,SS,GP,Auction,1.00,0.25
Cheepurupalli,GOLLALAMULAGAM,CHAKALI BANDA,SS,GP,Auction,1.00,0.25
Cheepurupalli,GOLLALAMULAGAM,GARIKIVANI TANK,SS,GP,Auction,1.00,0.25
Cheepurupalli,GOLLALAMULAGAM,GUNDALA BANDA,SS,GP,Auction,1.00,0.25
Cheepurupalli,GOLLALAMULAGAM,PATTIVANI TANK,SS,GP,Auction,1.00,0.25
Cheepurupalli,GOLLALAMULAGAM,TAMMAYYA BANDA,SS,GP,Auction,4.00,1.00
Cheepurupalli,GOLLALAMULAGAM,KORAMANUVANI TANK,SS,GP,Auction,1.00,0.25
Cheepurupalli,GOLLALAMULAGAM,NARAPPA CHERUVU,SS,GP,Auction,1.00,0.25
Cheepurupalli,GOLLALAMULAGAM,AVALA CHERUVU,SS,GP,Auction,9.00,2.25
Cheepurupalli,GOLLALAPALEM,KOTHA CHERUVU,SS,GP,Auction,2.00,0.50
Cheepurupalli,GOLLALAPALEM,RAMASAGARAM,SS,GP,Auction,3.00,0.75
Cheepurupalli,GOLLAPALEM,BAPANNA BANDA,SS,GP,Auction,1.00,0.25
Cheepurupalli,GOLLALAPALEM,RUVUGU CHERUVU,SS,GP,Auction,3.00,0.75
Cheepurupalli,ITAKARLAPALLI,CHINAAPARALA TANK,SS,GP,Auction,3.00,0.75
Cheepurupalli,ITAKARLAPALLI,SIRI SHRI TANK,SS,GP,Auction,4.00,1.00
Cheepurupalli,KARAKAM,YERRA TANK,SS,GP,Auction,2.00,0.50
Cheepurupalli,KARAKAM,KOTHA TANK,SS,GP,Auction,2.00,0.50
Cheepurupalli,KARAKAM,KOTHA TANK,SS,GP,Auction,2.00,0.50
Cheepurupalli,KARAKAM,REGATI TANK,SS,GP,Auction,1.00,0.25
Cheepurupalli,KARAKAM,PATHA TANK,SS,GP,Auction,1.00,0.25
Cheepurupalli,KARLAM,ALLUVANI CHERUVU,SS,GP,Auction,1.00,0.25
Cheepurupalli,KARLAM,BUDI CHERUVU,SS,GP,Auction,2.00,0.50
Cheepurupalli,KARLAM,BALAGAVANI TANK,SS,GP,Auction,1.00,0.25
Cheepurupalli,KARLAM,BATTI CHERUVU,SS,GP,Auction,5.00,1.25
Cheepurupalli,KARLAM,KOTHA CHERUVU,SS,GP,Auction,5.00,1.25
Cheepurupalli,KARLAM,TUVAKARA TANK,SS,GP,Auction,4.00,1.00
Cheepurupalli,KARLAM,GEDDA CHERUVU,SS,GP,Auction,9.00,2.25
Cheepurupalli,KARLAM,BURAVANI CHERUVU,SS,GP,Auction,2.00,0.50
Cheepurupalli,METTAPALLI,PAIDANNA TANK,SS,GP,Auction,1.00,0.25
Cheepurupalli,METTAPALLI,BONALA BANDA,SS,GP,Auction,1.00,0.25
Cheepurupalli,METTAPALLI,GUNDAM TANK,SS,GP,Auction,1.00,0.25
Cheepurupalli,METTAPALLI,NEELA CHERUVU,SS,GP,Auction,5.00,1.25
Cheepurupalli,METTAPALLI,YERRA TANK,SS,GP,Auction,5.00,1.25
Cheepurupalli,NIMMALAVALASA,KOTHA CHERUVU,SS,GP,Auction,2.00,0.50
Cheepurupalli,NIMMALAVALASA,VISUBAKTA TANK,SS,GP,Auction,2.00,0.50
Cheepurupalli,NIMMALAVALASA,POONU CHERUVU,SS,GP,Auction,1.00,0.25
Cheepurupalli,NIMMALAVALASA,KONDAPARTI CHERUVU,SS,GP,Auction,1.00,0.25
Cheepurupalli,NIMMALAVALASA,BONTAKANNAMMA TANK,SS,GP,Auction,1.00,0.25
Cheepurupalli,NIMMALAVALASA,SIRIGIDI CHERUVU,SS,GP,Auction,1.00,0.25
Cheepurupalli,NIMMALAVALASA,KANNAMRAJU CHERUVU,SS,GP,Auction,2.00,0.50
Cheepurupalli,NIMMALAVALASA,THAMMIDI CHERUVU,SS,GP,Auction,1.00,0.25
Cheepurupalli,NIMMALAVALASA,NAMBALA CHERUVU,SS,GP,Auction,3.00,0.75
Cheepurupalli,PARLA,KOTHA BANDA,SS,GP,Auction,1.00,0.25
Cheepurupalli,PARLA,BATTI CHERUVU,SS,GP,Auction,1.00,0.25
Cheepurupalli,PARLA,SURAPU BANDA,SS,GP,Auction,1.00,0.25
Cheepurupalli,PARLA,MANGALI BANDA,SS,GP,Auction,1.00,0.25
Cheepurupalli,PARLA,VENKAYYA BANDA,SS,GP,Auction,1.00,0.25
Cheepurupalli,PATHIKAYA VALASA,TEKKULAVANI TANK,SS,GP,Auction,2.00,0.50
Cheepurupalli,PATHIKAYA VALASA,KOTHA TANK,SS,GP,Auction,3.00,0.75
Cheepurupalli,P K PALAVALASA,YERRA CHERUVU,SS,GP,Auction,1.00,0.25
Cheepurupalli,P K PALAVALASA,SURIVANI CHERUVU,SS,GP,Auction,5.00,1.25
Cheepurupalli,PEDANADIPALLI,KOTHA CHERUVU,SS,GP,Auction,3.00,0.75
Cheepurupalli,PEDANADIAPLL,THIRUPATHI CHERUVU,SS,GP,Auction,1.00,0.25
Cheepurupalli,PEDANADIPALLI,RAMASAGARAM,SS,GP,Auction,2.00,0.50
Cheepurupalli,PEDANADIPALLI,MARRI BANDA,SS,GP,Auction,1.00,0.25
Cheepurupalli,PEDANADIPALLI,SAMCHANA TANK,SS,GP,Auction,1.00,0.25
Cheepurupalli,PEDANADIPALLI,SAPPAVANI TANK,SS,GP,Auction,1.00,0.25
Cheepurupalli,PEDANADIPALLI,PILLAREGA CHERUVU,SS,GP,Auction,2.00,0.50
Cheepurupalli,PERPI,KOTHA CHERUVU,SS,GP,Auction,1.00,0.25
Cheepurupalli,PERIPI,GURAYYA TANK,SS,GP,Auction,3.00,0.75
Cheepurupalli,PERIPI,KALLAVANI CHERUVU,SS,GP,Auction,2.00,0.50
Cheepurupalli,PERIPI,PALURU RAMASWAMY TANK,SS,GP,Auction,2.00,0.50
Cheepurupalli,PERIPI,DABBDA CHERUVU,SS,GP,Auction,3.00,0.75
Cheepurupalli,PERIPI,PAKA CHERUVU,SS,GP,Auction,3.00,0.75
Cheepurupalli,RAMALINGAPURAM,KOTHA CHERUVU,SS,GP,Auction,1.00,0.25
Cheepurupalli,RAMALINGAPURAM,LAKSHMANA TANK,SS,GP,Auction,2.00,0.50
Cheepurupalli,RAMALINGAPURAM,VENTRUKULA BANDA,SS,GP,Auction,5.00,1.25
Cheepurupalli,RAVIVALASA,MANGALI TANK,SS,GP,Auction,1.00,0.25
Cheepurupalli,RAVIVALASA,GURRIVANI TANK,SS,GP,Auction,1.00,0.25
Cheepurupalli,RAVIVALASA,PANASA BANDA,SS,GP,Auction,2.00,0.50
Cheepurupalli,RAVIVALASA,TIMMASAGARAM,SS,GP,Auction,3.00,0.75
Cheepurupalli,RAVIVALASA,VENKAYYA TANK,SS,GP,Auction,1.00,0.25
Cheepurupalli,RAVIVALASA,YERRA TANK,SS,GP,Auction,1.00,0.25
Cheepurupalli,RAVIVALASA,YELLAYYA CHERUVU,SS,GP,Auction,2.00,0.50
Cheepurupalli,RAVIVALASA,MANYAKI CHERUVU,SS,GP,Auction,1.00,0.25
Cheepurupalli,RAVIVALASA,BAPIRAJU TANK,SS,GP,Auction,4.00,1.00
Bogapuram,Bogapuram,Raju tank ,LS,MI,Lease ,96,48.00
Bogapuram,Bogapuram,Bangarammatank,LS,MI,Lease ,28,14.00
Bogapuram,Munjeru,Laxminaryana tank,LS,MI,Lease ,38,18.50
Bogapuram,Munjeru,Kondaraju tank,SS,MI,Lease ,36,9.00
Bhogapuram,Bhogapuram,kari tank ,SS,GP,Lease ,9.00,2.25
Bhogapuram,Bhogapuram,chakravarthi tank,SS,GP,Lease ,3.00,0.75
Bhogapuram,Bhogapuram,JAGGUBATLAVANI TANK,SS,GP,Lease ,4.00,1
Bhogapuram,Bhogapuram,KARI TANK E,SS,GP,Lease ,5.00,1.25
Bhogapuram,Bhogapuram,KOTHA TANK,SS,GP,Lease ,2.00,0.5
Bhogapuram,Bhogapuram,KSHEERASAGARAM,SS,GP,Lease ,9.00,2.25
Bhogapuram,Bhogapuram,PALLANTIVANI TANK,SS,GP,Lease ,2.00,0.5
Bhogapuram,Bhogapuram,PULI BANDA,SS,GP,Lease ,1.00,0.25
Bhogapuram,Bhogapuram,RAMPAM TANK,SS,GP,Lease ,2.00,0.5
Bhogapuram,Bhogapuram,RAMUDU TANK,SS,GP,Lease ,1.00,0.25
Bhogapuram,Bhogapuram,SINGULA TANK,SS,GP,Lease ,3.00,0.75
Bhogapuram,Bhogapuram,SINGAM TANK,SS,GP,Lease ,4.00,1
Bhogapuram,polipalli,chinta gedda,SS,GP,Lease ,10.00,2.5
Bhogapuram,polipalli,KOTHA TANK,SS,GP,Lease ,3.00,0.75
Bhogapuram,polipalli,NIDANAM TANK,SS,GP,Lease ,10.00,2.5
Bhogapuram,Rajapulova,Vallbarai Tank,SS,GP,Lease ,2.00,0.5
Bhogapuram,Bhogapuram,Gurrala banda,SS,GP,Lease ,2.00,0.5
Bhogapuram,Bhogapuram,Ravva vani tank,SS,GP,Lease ,1.00,0.25
Bhogapuram,Bhogapuram,Perraju tank,SS,GP,Lease ,1.00,0.25
Bhogapuram,Bhogapuram,Gangaravula tank,SS,GP,Lease ,6.00,1.5
Bhogapuram,Bhogapuram,Tella nela,SS,GP,Lease ,3.00,0.75
Bhogapuram,Bhogapuram,Pedda cheruvu,SS,GP,Lease ,8.00,2
Bhogapuram,Bhogapuram,Yendu banda,SS,GP,Lease ,3.00,0.75
Bhogapuram,Bhogapuram,Gollapeta,SS,GP,Lease ,2.00,0.5
Bhogapuram,munjeru,dendubaba tank,SS,GP,Auction,2.00,0.50
Bhogapuram,munjeru,rella tank,SS,GP,Auction,7.00,1.75
Bhogapuram,munjeru,gopanna tank,SS,GP,Auction,1.00,0.25
Bhogapuram,munjeru,voora tank,SS,GP,Auction,1.00,0.25
Bhogapuram,nandigam,kotha tank,SS,GP,Auction,10.00,2.50
Bhogapuram,polipalli,bugatha tank,SS,GP,Auction,13.00,3.25
Bhogapuram,polipalli,KOTHA BANDA,SS,GP,Auction,1.00,0.25
Bhogapuram,polipalli,SAVARAVILLI TANK,SS,GP,Auction,1.00,0.25
Bhogapuram,polipalli,kotha tank,SS,GP,Auction,4.00,1.00
Bhogapuram,jaggayyapeta,krishnamnaidu tank,SS,GP,Auction,6.00,1.50
Bhogapuram,jaggayyapeta,voora tank,SS,GP,Auction,1.00,0.25
Bhogapuram,Ravada,Konada tank,SS,GP,Auction,4.00,1.00
Bhogapuram,Ravada,Krishna Sagaram,SS,GP,Auction,6.00,1.50
Bhogapuram,Savaravilli,Chavella Tank,SS,GP,Auction,2.00,0.50
Bhogapuram,SAVARAVILLI,KOTHA TANK,SS,GP,Auction,7.00,1.75
Bhogapuram,A Ravivalasa,AMMATank,SS,GP,Auction,3.00,0.75
Bhogapuram,A RAVIVALSA,APPALA RAJU TANK,SS,GP,Auction,3.00,0.75
Bhogapuram,A RAVIVALSA,AVALU TANK,SS,GP,Auction,3.00,0.75
Bhogapuram,A RAVIVALSA,CHINTALA TANK,SS,GP,Auction,3.00,0.75
Bhogapuram,A RAVIVALSA,RAMA SAGARAM,SS,GP,Auction,4.00,1.00
Bhogapuram,chakivalsa,kari tank,SS,GP,Auction,7.00,1.75
Bhogapuram,chakivalsa,ramaraju tank,SS,GP,Auction,2.00,0.50
Bhogapuram,Cherukupalli,Puddagodda,SS,GP,Auction,1.00,0.25
Bhogapuram,Cherukupalli,Mangai Tank,SS,GP,Auction,1.00,0.25
Bhogapuram,Gudepuvalasa,Duvvu vani Tank,SS,GP,Auction,4.00,1.00
Bhogapuram,Gudepuvalasa,Kumandivani Tank,SS,GP,Auction,3.00,0.75
Bhogapuram,GUDEPUVALSA,DEVUNIVANI TANK,SS,GP,Auction,4.00,1.00
Bhogapuram,GUDEPUVALSA,GEDDA TANK,SS,GP,Auction,2.00,0.50
Bhogapuram,GUDEPUVALSA,GINNI VANI TANK,SS,GP,Auction,1.00,0.25
Bhogapuram,GUDEPUVALSA,GURULLIVANI TANK,SS,GP,Auction,2.00,0.50
Bhogapuram,GUDEPUVALASA,KOTHA BANDA,SS,GP,Auction,1.00,0.25
Bhogapuram,GUDEPUVALSA,KRISHNAM RAJU TANK,SS,GP,Auction,3.00,0.75
Bhogapuram,GUDEPUVLSA,MARRI VANI BANDA,SS,GP,Auction,1.00,0.25
Bhogapuram,GUDEPUVALSA,NALLA TANK,SS,GP,Auction,3.00,0.75
Bhogapuram,GUDEPUVLSA,NANDIKAVANI TANK,SS,GP,Auction,3.00,0.75
Bhogapuram,GUDEPUVALSA,SANYASI TANK,SS,GP,Auction,1.00,0.25
Bhogapuram,GUDEPUVALSA,THOTA TANK,SS,GP,Auction,2.00,0.50
Bhogapuram,GUDEPUVALSA,YERRA TANK,SS,GP,Auction,3.00,0.75
Bhogapuram,GUDEPULAVSA,YERRA BANDA,SS,GP,Auction,2.00,0.50
Bhogapuram,GUDEPUVALSA,KOTHA TANK,SS,GP,Auction,1.00,0.25
Bhogapuram,Reddi Kancheru,Jaggusagaram,SS,GP,Auction,1.00,0.25
Bhogapuram,Reddikancheru,Jangudu Tank,SS,GP,Auction,4.00,1.00
Bhogapuram,REDDI KANCHERU,KOTHA BANDA,SS,GP,Auction,1.00,0.25
Bhogapuram,REDDI KANCHERU,KOTHA BANDA,SS,GP,Auction,2.00,0.50
Bhogapuram,REDDI KANCHERU,PAPA TANK,SS,GP,Auction,1.00,0.25
Bhogapuram,REDDI KANCHERU,RAMUDU TANK,SS,GP,Auction,1.00,0.25
Bhogapuram,reddi kancheru,telukula vani tank,SS,GP,Auction,1.00,0.25
Bhogapuram,Kavulavada,Battudu tank,SS,GP,Auction,1.00,0.25
Bhogapuram,Kavulavada,Byreddivani tank,SS,GP,Auction,1.00,0.25
Bhogapuram,Kavulavada,Jooruvni tank,SS,GP,Auction,3.00,0.75
Bhogapuram,Kavulavada,Kalusini tank,SS,GP,Auction,2.00,0.50
Bhogapuram,Kavulavada,Kotha tank,SS,GP,Auction,2.00,0.50
Bhogapuram,Kavulavada,Koyyavani tank,SS,GP,Auction,2.00,0.50
Bhogapuram,Kavulavada,Yerrayya tank,SS,GP,Auction,4.00,1.00
Bhogapuram,mukkam,baludu tank,SS,GP,Auction,1.00,0.25
Bhogapuram,mukkam,gangunaidu tank,SS,GP,Auction,6.00,1.50
Bhogapuram,MUKKAM,BODDA VANI,SS,GP,Auction,1.00,0.25
Bhogapuram,MUKKAM,PATHA TANK,SS,GP,Auction,1.00,0.25
Bhogapuram,MUKKAM,PORI BATLA TANK,SS,GP,Auction,1.00,0.25
Bhogapuram,nandigam,boddu tank,SS,GP,Auction,8.00,2.00
Bhogapuram,Ravada,Deyyalabanda,SS,GP,Auction,3.00,0.75
Bhogapuram,Ravada,Dasarivani tank,SS,GP,Auction,2.00,0.50
Bhogapuram,Ravada,Gannivani tank,SS,GP,Auction,4.00,1.00
Bhogapuram,Ravada,Gedda Adharam,SS,GP,Auction,1.00,0.25
Bhogapuram,Ravada,Kamula banda,SS,GP,Auction,1.00,0.25
Bhogapuram,Ravada,Karanam Banda,SS,GP,Auction,1.00,0.25
Bhogapuram,Ravada,Karibanda,SS,GP,Auction,1.00,0.25
Bhogapuram,Ravada,Kanakalavani tank,SS,GP,Auction,4.00,1.00
Bhogapuram,Ravada,Pulibanda,SS,GP,Auction,1.00,0.25
Bhogapuram,Savaravilli,Chavitibanda,SS,GP,Auction,1.00,0.25
Bhogapuram,Savaravilli,Chinnayya Banda,SS,GP,Auction,1.00,0.25
Bhogapuram,Savaravilli,Emandivani Tank,SS,GP,Auction,3.00,0.75
Bhogapuram,SAVARAVILLI,KANCHUVANI TANK,SS,GP,Auction,1.00,0.25
Bhogapuram,SAVARAVILLI,NANDIKA BANDA,SS,GP,Auction,1.00,0.25
Bhogapuram,SAVARAVILLI,PATNAM tank,SS,GP,Auction,1.00,0.25
Bhogapuram,savaravilli,sodi banda,SS,GP,Auction,1.00,0.25
Bhogapuram,savaravilli,voora banda,SS,GP,Auction,1.00,0.25
Bhogapuram,savaravilli,yerra tank,SS,GP,Auction,3.00,0.75
Bhogapuram,SAVARAVILLI,CHAKI TANK,SS,GP,Auction,3.00,0.75
pusapatirega,Rellivalasa,Peddatank,LS,MI,Lease ,60,30.00
pusapatirega,kumili,Peddatank,LS,MI,Lease ,74,38.00
Pusapatirega,Pusapatirega,Venkataraj,SS,GP,Lease ,3.00,0.75
Pusapatirega,Pusapatirega,kella Konda,SS,GP,Lease ,7.00,1.75
Pusapatirega,Pusapatirega,Gundam Tan,SS,GP,Lease ,1.00,0.25
Pusapatirega,Pusapatirega,Vuru muragada tank,SS,GP,Lease ,1.00,0.25
Pusapatirega,Pusapatirega,Pedda tank,SS,GP,Lease ,10.00,2.5
Pusapatirega,govindapuram,Pedagundam Tank,SS,GP,Auction,8.00,2.00
Pusapatirega,Konada,Butchanna Konaeru,SS,GP,Auction,2.00,0.50
Pusapatirega,Kumili,Dalai Tank,SS,GP,Auction,3.00,0.75
Pusapatirega,Kumili,Yerra Tank,SS,GP,Auction,6.00,1.50
Pusapatirega,Kumili,Krishna rayuni Tank,SS,GP,Auction,4.00,1.00
Pusapatirega,Kumili,Madamma Tank,SS,GP,Auction,1.00,0.25
Pusapatirega,Kumili,Meevaduvani Tank,SS,GP,Auction,3.00,0.75
Pusapatirega,Kumili,Telukali Tank,SS,GP,Auction,4.00,1.00
Pusapatirega,Kumili,Ayyari Tank,SS,GP,Auction,2.00,0.50
Pusapatirega,Kumili,Somojayala Tank,SS,GP,Auction,3.00,0.75
Pusapatirega,Kumili,Kamadenu Tank,SS,GP,Auction,4.00,1.00
Pusapatirega,Kumili,Raya Tank,SS,GP,Auction,1.00,0.25
Pusapatirega,Kumili,Pujari Banda,SS,GP,Auction,5.00,1.25
Pusapatirega,Pusapatirega,Anamala Ta,SS,GP,Auction,7.00,1.75
Pusapatirega,Vempadam,Ketharavan,SS,GP,Auction,11.00,2.75
Pusapatirega,Alladapalem,Appalaraju,SS,GP,Auction,4.00,1.00
Pusapatirega,Chintapalli,Karri Tank,SS,GP,Auction,1.00,0.25
Pusapatirega,Chintapalli,Tummaraju,SS,GP,Auction,4.00,1.00
Pusapatirega,Chintapalli,Turakavani,SS,GP,Auction,4.00,1.00
Pusapatirega,Chintapalli,Gellavani,SS,GP,Auction,5.00,1.25
Pusapatirega,Ch Agraharam,Vurrabanda,SS,GP,Auction,2.00,0.50
Pusapatirega,Ch Agraharam,Dukkavani,SS,GP,Auction,2.00,0.50
Pusapatirega,Ch Agraharam,Lakshumudu,SS,GP,Auction,2.00,0.50
Pusapatirega,Ch Agraharam,Busayya,SS,GP,Auction,1.00,0.25
Pusapatirega,Ch Agraharam,Chittigund,SS,GP,Auction,3.00,0.75
Pusapatirega,Chowduvada,Chinabapan,SS,GP,Auction,2.00,0.50
Pusapatirega,Chowduvada,Pedabapann,SS,GP,Auction,4.00,1.00
Pusapatirega,Chowduvada,Kothatank,SS,GP,Auction,1.00,0.25
Pusapatirega,Chowduvada,Thummala,SS,GP,Auction,1.00,0.25
Pusapatirega,Govindapuram,Jagannadha Sagaram,SS,GP,Auction,5.00,1.25
Pusapatirega,Govindapuram,Reddivanitank,SS,GP,Auction,3.00,0.75
Pusapatirega,Govindapuram,Rowthu Tank,SS,GP,Auction,3.00,0.75
Pusapatirega,Govindapuram,Hamsavani Tank,SS,GP,Auction,2.00,0.50
Pusapatirega,govindapuram,Konathalavani Tank,SS,GP,Auction,5.00,1.25
Pusapatirega,govindapuram,Pudibanda,SS,GP,Auction,5.00,1.25
Pusapatirega,Govindapuram,Gangamma Tank,SS,GP,Auction,2.00,0.50
Pusapatirega,Gumpam,Pinnitivan,SS,GP,Auction,3.00,0.75
Pusapatirega,Gumpam,Kandivani,SS,GP,Auction,9.00,2.25
Pusapatirega,Gumpam,Raghunayak,SS,GP,Auction,3.00,0.75
Pusapatirega,Gumpam,Nukayya,SS,GP,Auction,3.00,0.75
Pusapatirega,Gumpam,Konu tank,SS,GP,Auction,3.00,0.75
Pusapatirega,Gumpam,kottatank,SS,GP,Auction,2.00,0.50
Pusapatirega,Gumpam,Bhamayya,SS,GP,Auction,2.00,0.50
Pusapatirega,Gumpam,Matchavani,SS,GP,Auction,2.00,0.50
Pusapatirega,Gumpam,Nallavani,SS,GP,Auction,2.00,0.50
Pusapatirega,Gumpam,Chintapall,SS,GP,Auction,2.00,0.50
Pusapatirega,Kandivalasa,Anathayya,SS,GP,Auction,1.00,0.25
Pusapatirega,Kandivalasa,Brahma Tan,SS,GP,Auction,1.00,0.25
Pusapatirega,Kandivalasa,Chakalivan,SS,GP,Auction,1.00,0.25
Pusapatirega,Kandivalasa,Patha Tank,SS,GP,Auction,8.00,2.00
Pusapatirega,Kandivalasa,Rudrabatla,SS,GP,Auction,2.00,0.50
Pusapatirega,Kandivalasa,Surappa,SS,GP,Auction,1.00,0.25
Pusapatirega,Kandivalasa,Seethamma,SS,GP,Auction,5.00,1.25
Pusapatirega,Kandivalasa,Jagannadha,SS,GP,Auction,2.00,0.50
Pusapatirega,Kandivalasa,Gaggunaidu,SS,GP,Auction,1.00,0.25
Pusapatirega,Kandivalasa,Geddakattu,SS,GP,Auction,1.00,0.25
Pusapatirega,Kandivalasa,Mangayya,SS,GP,Auction,1.00,0.25
Pusapatirega,Kandivalasa,Peddatank,SS,GP,Auction,3.00,0.75
Pusapatirega,Kandivalasa,Chintamani,SS,GP,Auction,1.00,0.25
Pusapatirega,Kandivalasa,Kambalatan,SS,GP,Auction,1.00,0.25
Pusapatirega,Kandivalasa,Gollavani,SS,GP,Auction,1.00,0.25
Pusapatirega,Kanimella,Bumaitank,SS,GP,Auction,2.00,0.50
Pusapatirega,Kanimella,Kothabanda,SS,GP,Auction,1.00,0.25
Pusapatirega,Kanimella,Pedda tank,SS,GP,Auction,4.00,1.00
Pusapatirega,Kanimella,Voora tank,SS,GP,Auction,3.00,0.75
Pusapatirega,Kanimetta,Chavithi T,SS,GP,Auction,1.00,0.25
Pusapatirega,Kanimetta,Chintapall,SS,GP,Auction,1.00,0.25
Pusapatirega,Kanimetta,Jangam ban,SS,GP,Auction,1.00,0.25
Pusapatirega,Kanimetta,Nalla Tank,SS,GP,Auction,2.00,0.50
Pusapatirega,Kanimetta,Kotha Tank,SS,GP,Auction,1.00,0.25
Pusapatirega,Kanimetta,Tummala ta,SS,GP,Auction,1.00,0.25
Pusapatirega,Kanimetta,Nowgedda,SS,GP,Auction,2.00,0.50
Pusapatirega,Kanimetta,Hamagundam,SS,GP,Auction,1.00,0.25
Pusapatirega,Kanimetta,Marri Tank,SS,GP,Auction,1.00,0.25
Pusapatirega,Kanimetta,Pedapalli,SS,GP,Auction,3.00,0.75
Pusapatirega,Kansimetta,Borrayya,SS,GP,Auction,3.00,0.75
Pusapatirega,Kanimetta,Voora Tank,SS,GP,Auction,3.00,0.75
Pusapatirega,Kollayyavalasa,Chakalavani,SS,GP,Auction,3.00,0.75
Pusapatirega,Kollayyavalasa,Neelapuvani,SS,GP,Auction,2.00,0.50
Pusapatirega,Kollayyavalasa,Venkatarayuni,SS,GP,Auction,2.00,0.50
Pusapatirega,KOnada,Ananthasagaram,SS,GP,Auction,14.00,3.50
Pusapatirega,Konada,Lingampadu Tank,SS,GP,Auction,4.00,1.00
Pusapatirega,Konada,Girraju Tank,SS,GP,Auction,3.00,0.75
Pusapatirega,Konada,Voora Tank,SS,GP,Auction,4.00,1.00
Pusapatirega,Konada,Papayya Tank,SS,GP,Auction,1.00,0.25
Pusapatirega,Konada,Koyyadu Tank,SS,GP,Auction,2.00,0.50
Pusapatirega,Konada,Pantula Tank,SS,GP,Auction,8.00,2.00
Pusapatirega,Konada,Kamsalavani Tank,SS,GP,Auction,2.00,0.50
Pusapatirega,Konada,Kambapuvani Tank,SS,GP,Auction,3.00,0.75
Pusapatirega,Konada,Musalayya Tank,SS,GP,Auction,2.00,0.50
Pusapatirega,Konada,Nayanavani Tank,SS,GP,Auction,2.00,0.50
Pusapatirega,Konada,Nayudu Tank,SS,GP,Auction,3.00,0.75
Pusapatirega,Kopperla,Merasi Tank,SS,GP,Auction,3.00,0.75
Pusapatirega,Kopperla,Kotha Tank,SS,GP,Auction,3.00,0.75
Pusapatirega,Kumili,Chinna Cheruvu,SS,GP,Auction,1.00,0.25
Pusapatirega,Lankalapallipalem,Pinna Tank,SS,GP,Auction,5.00,1.25
Pusapatirega,Lankalapallipalem,Karagattubanda,SS,GP,Auction,3.00,0.75
Pusapatirega,Lankalapallipalem,Karagattu Tank,SS,GP,Auction,4.00,1.00
Pusapatirega,Nadipalli,Pedda Tank,SS,GP,Auction,4.00,1.00
Pusapatirega,Nadipalli,Gundam Tank,SS,GP,Auction,3.00,0.75
Pusapatirega,Nadipalli,Gollavani Koneru,SS,GP,Auction,4.00,1.00
Pusapatirega,Pasupam,Kannayyakonea,SS,GP,Auction,1.00,0.25
Pusapatirega,Pusapam,Peddatank,SS,GP,Auction,1.00,0.25
Pusapatirega,Pasupam,Rallatank,SS,GP,Auction,1.00,0.25
Pusapatirega,Pasupam,Venkataratnam Tank,SS,GP,Auction,2.00,0.50
Pusapatirega,Pasupam,Narayana Tank,SS,GP,Auction,5.00,1.25
Pusapatirega,Pathivada,Yedlabanda,SS,GP,Auction,1.00,0.25
Pusapatirega,Pathivada,Karritank,SS,GP,Auction,2.00,0.50
Pusapatirega,Pathivada,Gundamband,SS,GP,Auction,2.00,0.50
Pusapatirega,Pathivada,Papayya,SS,GP,Auction,3.00,0.75
Pusapatirega,Pathivada,Vuratank,SS,GP,Auction,3.00,0.75
Pusapatirega,Pathivada,Ramayyatan,SS,GP,Auction,3.00,0.75
Pusapatirega,Pathivada,Kapunaidu,SS,GP,Auction,2.00,0.50
Pusapatirega,Perapuram,Lingaraju,SS,GP,Auction,1.00,0.25
Pusapatirega,Perapuram,Kamsali,SS,GP,Auction,1.00,0.25
Pusapatirega,Perapuram,Vengagunda,SS,GP,Auction,1.00,0.25
Pusapatirega,Perapuram,Katarivani,SS,GP,Auction,9.00,2.25
Pusapatirega,Perapuram,Kavalivani,SS,GP,Auction,1.00,0.25
Pusapatirega,Perapuram,Ammatani,SS,GP,Auction,1.00,0.25
Pusapatirega,Perapuram,Mulayya,SS,GP,Auction,8.00,2.00
Pusapatirega,Perapuram,Bhaktuvani,SS,GP,Auction,1.00,0.25
Pusapatirega,Pusapatipalem,Seethamma Tank,SS,GP,Auction,4.00,1.00
Pusapatirega,Pusapatipalem,Nomala Tank,SS,GP,Auction,12.00,3.00
Pusapatirega,Pusapatirega,Chintaband,SS,GP,Auction,1.00,0.25
Pusapatirega,Pusapatirega,Mallayyata,SS,GP,Auction,2.00,0.50
Pusapatirega,Pusapatirega,Bayalu Ban,SS,GP,Auction,1.00,0.25
Pusapatirega,Pusapatirega,Kotha tank,SS,GP,Auction,4.00,1.00
Pusapatirega,Pusapatirega,Jangamband,SS,GP,Auction,2.00,0.50
Pusapatirega,Pusapatirega,Kamadhenu,SS,GP,Auction,1.00,0.25
Pusapatirega,Pusapatirega,Gurramma,SS,GP,Auction,2.00,0.50
Pusapatirega,Pusapatirega,Nalla Tank,SS,GP,Auction,2.00,0.50
Pusapatirega,Pusapatirega,Savikoru,SS,GP,Auction,1.00,0.25
Pusapatirega,Pusapatirega,Bandaru,SS,GP,Auction,1.00,0.25
Pusapatirega,Pusapatirega,Vedha band,SS,GP,Auction,3.00,0.75
Pusapatirega,Pusapatirega,Geddakattu,SS,GP,Auction,1.00,0.25
Pusapatirega,Pusapatirega,Chencuvani,SS,GP,Auction,1.00,0.25
Pusapatirega,Pusapatirega,Kokkiri ba,SS,GP,Auction,2.00,0.50
Pusapatirega,Pusapatirega,Gollavani,SS,GP,Auction,1.00,0.25
Pusapatirega,Pusapatirega,Yedula ban,SS,GP,Auction,6.00,1.50
Pusapatirega,Pusapatirega,Timmaraju,SS,GP,Auction,3.00,0.75
Pusapatirega,Velduru,Boddam cheruvu,SS,GP,Auction,3.00,0.75
Pusapatirega,Velduru,Kalidu Tank,SS,GP,Auction,5.00,1.25
Pusapatirega,Vempadam,Jaggu Tank,SS,GP,Auction,6.00,1.50
Pusapatirega,Vempadam,Valireddyv,SS,GP,Auction,4.00,1.00
Pusapatirega,Vempadam,Gurumuthy,SS,GP,Auction,2.00,0.50
Pusapatirega,Vempadam,Yedlavani,SS,GP,Auction,5.00,1.25
Pusapatirega,Vempadam,Chakalivan,SS,GP,Auction,5.00,1.25
Pusapatirega,Vempadam,Yerra Tank,SS,GP,Auction,4.00,1.00
Pusapatirega,Vempadam,Ramanna Ta,SS,GP,Auction,4.00,1.00
Pusapatirega,Vempadam,Moidavani,SS,GP,Auction,5.00,1.25
Pusapatirega,Vempadam,Reddyvani,SS,GP,Auction,3.00,0.75
Pusapatirega,Vempadam,Patha Tank,SS,GP,Auction,15.00,3.75
Pusapatirega,Vempadam,Raghunayak,SS,GP,Auction,2.00,0.50
Pusapatirega,Yerukonda,Kotha tank,SS,GP,Auction,4.00,1.00
Pusapatirega,Yerukonda,Goguvanita,SS,GP,Auction,3.00,0.75
Pusapatirega,Yerukonda,Ramasagara,SS,GP,Auction,5.00,1.25
Pusapatirega,Yerukonda,Peddatank,SS,GP,Auction,6.00,1.50
Garividi,arthamuru,mangali banda,SS,GP,Auction,1.00,0.25
Garividi,arthamuru,kotha tank,SS,GP,Auction,3.00,0.75
Garividi,arthamuru,talachutla tank,SS,GP,Auction,2.00,0.50
Garividi,arthamuru,golla banda,SS,GP,Auction,6.00,1.50
Garividi,arthamuru,yellappa tank,SS,GP,Auction,2.00,0.50
Garividi,arthamuru,chintali tank,SS,GP,Auction,2.00,0.50
Garividi,arthamuru,yerra tank,SS,GP,Auction,3.00,0.75
Garividi,arthamuru,bariki banda,SS,GP,Auction,1.00,0.25
Garividi,bondapalli,kotha tank,SS,GP,Auction,1.00,0.25
Garividi,bondapalli,reddayavani tank,SS,GP,Auction,6.00,1.50
Garividi,bondapalli,raju tank,SS,GP,Auction,1.00,0.25
Garividi,bondapalli,panuku bvada,SS,GP,Auction,3.00,0.75
Garividi,bondapalli,kolladacheruvu,SS,GP,Auction,3.00,0.75
Garividi,bondapalli,kondabheemuni tank,SS,GP,Auction,1.00,0.25
Garividi,bondapalli,boddepu koneru,SS,GP,Auction,2.00,0.50
Garividi,bondapalli,chinta banda,SS,GP,Auction,1.00,0.25
Garividi,bondapalli,meesali banda,SS,GP,Auction,1.00,0.25
Garividi,bondapalli,kittayya tank,SS,GP,Auction,2.00,0.50
Garividi,bondapalli,vamadevuni banda,SS,GP,Auction,1.00,0.25
Garividi,chukkavalasa,chakalivani koneru,SS,GP,Auction,1.00,0.25
Garividi,chukkavalasa,neralla tank,SS,GP,Auction,2.00,0.50
Garividi,chukkavalasa,yerra banda,SS,GP,Auction,1.00,0.25
Garividi,chukkavalasa,kenguvani tank,SS,GP,Auction,1.00,0.25
Garividi,chukkavalasa,yerra tasnk,SS,GP,Auction,2.00,0.50
Garividi,chukka valasas,vedurla tank,SS,GP,Auction,6.00,1.50
Garividi,chukka valasa,mirasi tank,SS,GP,Auction,1.00,0.25
Garividi,chukka valasa,duppativani tank,SS,GP,Auction,4.00,1.00
Garividi,devada,sasapuvani tank,SS,GP,Auction,1.00,0.25
Garividi,devada,chinta tank,SS,GP,Auction,1.00,0.25
Garividi,devada,kamayya tank,SS,GP,Auction,2.00,0.50
Garividi,devada,yerra tank,SS,GP,Auction,7.00,1.75
Garividi,devada tank,voora tank,SS,GP,Auction,2.00,0.50
Garividi,devada,raghunaukuni tank,SS,GP,Auction,2.00,0.50
Garividi,devada,ramanna banda,SS,GP,Auction,1.00,0.25
Garividi,devada,bondadavrappa tank,SS,GP,Auction,3.00,0.75
Garividi,devada,subbayya cheruvu,SS,GP,Auction,4.00,1.00
Garividi,devada,paluri tank,SS,GP,Auction,1.00,0.25
Garividi,devada,mangali banda,SS,GP,Auction,1.00,0.25
Garividi,devada,kamayya tank,SS,GP,Auction,1.00,0.25
Garividi,devada,gedda,SS,GP,Auction,4.00,1.00
Garividi,dummeda,chinta banda,SS,GP,Auction,1.00,0.25
Garividi,dummeda,gedda tank,SS,GP,Auction,3.00,0.75
Garividi,dummeda,sivarani tani,SS,GP,Auction,1.00,0.25
Garividi,dummeda,polimera banda,SS,GP,Auction,1.00,0.25
Garividi,dummeda,panuku banda,SS,GP,Auction,2.00,0.50
Garividi,dummeda,potti banda,SS,GP,Auction,2.00,0.50
Garividi,demmeda,tokkudu banda,SS,GP,Auction,3.00,0.75
Garividi,dummeda,mootala cheruvu,SS,GP,Auction,1.00,0.25
Garividi,dummeda,chintala cheruvu,SS,GP,Auction,3.00,0.75
Garividi,dummede,mirasi cheruvu,SS,GP,Auction,2.00,0.50
Garividi,duvvam,neeladri sagaram,SS,GP,Auction,2.00,0.50
Garividi,duvvam,mangali banda,SS,GP,Auction,3.00,0.75
Garividi,duvvam,manyapu banda,SS,GP,Auction,3.00,0.75
Garividi,duvvam,kapu cheruvu,SS,GP,Auction,3.00,0.75
Garividi,duvvam,raavi cheruvu,SS,GP,Auction,3.00,0.75
Garividi,gadabavalasa,pedda tank,SS,GP,Auction,7.00,1.75
Garividi,gadaba valasa,kancha tank,SS,GP,Auction,1.00,0.25
Garividi,gadaba valasa,appikonda tank,SS,GP,Auction,1.00,0.25
Garividi,geddapuvalasa,gotlavani tank,SS,GP,Auction,4.00,1.00
Garividi,geddapuvalasa,gollabanda,SS,GP,Auction,1.00,0.25
Garividi,geddapu valasa,geddapuvani tank,SS,GP,Auction,3.00,0.75
Garividi,geddapuvalasa,voora cheruvu batti,SS,GP,Auction,2.00,0.50
Garividi,gotnandi,tavitivani tank,SS,GP,Auction,1.00,0.25
Garividi,gotnandi,kotha cheruvu,SS,GP,Auction,1.00,0.25
Garividi,gotnandi,thammayyaraju cheruvu,SS,GP,Auction,1.00,0.25
Garividi,gotnandi,mandiravani tank,SS,GP,Auction,2.00,0.50
Garividi,gotnandi,pandavani tank,SS,GP,Auction,2.00,0.50
Garividi,gotnandi,kanchara tank,SS,GP,Auction,1.00,0.25
Garividi,gotnandi,sankaram tank,SS,GP,Auction,1.00,0.25
Garividi,gotnandi,polamam tank,SS,GP,Auction,1.00,0.25
Garividi,kapu sambham,aguru tank,SS,GP,Auction,2.00,0.50
Garividi,kapusambham,nalla tank,SS,GP,Auction,4.00,1.00
Garividi,kapusambham,yerratank,SS,GP,Auction,3.00,0.75
Garividi,kapusambham,seelavantubanda,SS,GP,Auction,1.00,0.25
Garividi,kapusambham,voora tank,SS,GP,Auction,2.00,0.50
Garividi,koduru,bheemuni tank,SS,GP,Auction,8.00,2.00
Garividi,koduru,pedda tank,SS,GP,Auction,3.00,0.75
Garividi,koduru,narappa tank,SS,GP,Auction,6.00,1.50
Garividi,koduru,sivaramuni tank,SS,GP,Auction,3.00,0.75
Garividi,koduru,gavaramma tank,SS,GP,Auction,1.00,0.25
Garividi,koduru,velaga tank,SS,GP,Auction,2.00,0.50
Garividi,kondadadi,sridharuni tank,SS,GP,Auction,4.00,1.00
Garividi,kondadadi,chilavapunu tank,SS,GP,Auction,2.00,0.50
Garividi,kondadadi,potnuruvani tank,SS,GP,Auction,2.00,0.50
Garividi,kondadadi,tulavani tank,SS,GP,Auction,10.00,2.50
Garividi,kondadadi,padi koneru,SS,GP,Auction,3.00,0.75
Garividi,kondadadi,senkarapuvani tank,SS,GP,Auction,1.00,0.25
Garividi,kondadai,yellapu banda,SS,GP,Auction,1.00,0.25
Garividi,kondadadi,chinttimahanti tank,SS,GP,Auction,1.00,0.25
Garividi,klpuram,nukaya tank,SS,GP,Auction,1.00,0.25
Garividi,klpuram,chaviti banda,SS,GP,Auction,2.00,0.50
Garividi,klpuram,turaka banda,SS,GP,Auction,2.00,0.50
Garividi,klpuram,yerra tank,SS,GP,Auction,5.00,1.25
Garividi,klpuram,muntavani tank,SS,GP,Auction,1.00,0.25
Garividi,klpuram,chintala tank,SS,GP,Auction,2.00,0.50
Garividi,kondapalem,kotha tank,SS,GP,Auction,2.00,0.50
Garividi,kondapalem,vempala tank,SS,GP,Auction,1.00,0.25
Garividi,kondapalem,baktunuvani tank,SS,GP,Auction,2.00,0.50
Garividi,kondapalem,pogaddelavani tank,SS,GP,Auction,2.00,0.50
Garividi,kondapalem,ravi tank,SS,GP,Auction,3.00,0.75
Garividi,konda sambham,mettu banda,SS,GP,Auction,1.00,0.25
Garividi,konda sambham,kotha cheruvu,SS,GP,Auction,1.00,0.25
Garividi,kondasambham,chinta banda,SS,GP,Auction,1.00,0.25
Garividi,konda smbham,lenkavani cheruvu,SS,GP,Auction,4.00,1.00
Garividi,konda sambham,atchapuvani cheruvu,SS,GP,Auction,1.00,0.25
Garividi,kondasambham,cheruvu,SS,GP,Auction,2.00,0.50
Garividi,kondasambham,kendavani banda,SS,GP,Auction,1.00,0.25
Garividi,koneru,chintala koneru,SS,GP,Auction,15.00,3.75
Garividi,koneru,narappa tank,SS,GP,Auction,15.00,3.75
Garividi,koneru,podilapuvani tank,SS,GP,Auction,3.00,0.75
Garividi,koneru,jangam banda,SS,GP,Auction,1.00,0.25
Garividi,koneru,basalu banda,SS,GP,Auction,1.00,0.25
Garividi,koneru,siddanna tank,SS,GP,Auction,2.00,0.50
Garividi,koneru,raju tanjk,SS,GP,Auction,27.00,6.75
Garividi,koneru,potti tank,SS,GP,Auction,5.00,1.25
Garividi,koneru,muntavari tank,SS,GP,Auction,1.00,0.25
Garividi,kumaram,bura banda,SS,GP,Auction,2.00,0.50
Garividi,kumaram,tamminaidu tank,SS,GP,Auction,12.00,3.00
Garividi,kumaram,joginaidu,SS,GP,Auction,2.00,0.50
Garividi,kumaram,andikavani tank,SS,GP,Auction,1.00,0.25
Garividi,kumaram,ayyavaribanda,SS,GP,Auction,1.00,0.25
Garividi,kumaram,kurminaidu tank,SS,GP,Auction,2.00,0.50
Garividi,kumaram,mallapurai tank,SS,GP,Auction,2.00,0.50
Garividi,kumaram,ayyavari tank and inam tank,SS,GP,Auction,3.00,0.75
Garividi,kumaram,challavani cheruvu,SS,GP,Auction,2.00,0.50
Garividi,kumaram,bariki cheruvu,SS,GP,Auction,2.00,0.50
Garividi,kumaram,mangali banda,SS,GP,Auction,1.00,0.25
Garividi,m duggivalasa,paparayudu tank,SS,GP,Auction,1.00,0.25
Garividi,m duggivalasa,voora tank,SS,GP,Auction,2.00,0.50
Garividi,m duggivalasa,vengalappa tank,SS,GP,Auction,1.00,0.25
Garividi,m duggivalasa,chintala cheruvu,SS,GP,Auction,3.00,0.75
Garividi,m duggivalasa,patnaikuni cheruvu,SS,GP,Auction,2.00,0.50
Garividi,mandiravalasa,kothacheruvu,SS,GP,Auction,2.00,0.50
Garividi,mandiravalasa,bandicheruvu,SS,GP,Auction,1.00,0.25
Garividi,mandiravalasa,ayyanna tank,SS,GP,Auction,1.00,0.25
Garividi,mandiravalasa,bugatha tank,SS,GP,Auction,2.00,0.50
Garividi,mandiravalasa,majjivani tank,SS,GP,Auction,1.00,0.25
Garividi,mandiravalasa,mangali banda,SS,GP,Auction,1.00,0.25
Garividi,mandiravalasa,gadaba tank,SS,GP,Auction,1.00,0.25
Garividi,mandiravalasa,guranna banda,SS,GP,Auction,1.00,0.25
Garividi,mandira valasa,pamula tank,SS,GP,Auction,1.00,0.25
Garividi,regati,bhukta tank,SS,GP,Auction,6.00,1.50
Garividi,regati,lakshmi banda,SS,GP,Auction,1.00,0.25
Garividi,regati,dasara banda,SS,GP,Auction,1.00,0.25
Garividi,regati,pothi raju cheruvu,SS,GP,Auction,3.00,0.75
Garividi,regati,yerra tank,SS,GP,Auction,3.00,0.75
Garividi,regati,raavi tank,SS,GP,Auction,3.00,0.75
Garividi,regati,voora tank,SS,GP,Auction,5.00,1.25
Garividi,regati,mogali sagaram,SS,GP,Auction,3.00,0.75
Garividi,regati,konasagaram,SS,GP,Auction,6.00,1.50
Garividi,seri perta,kummari vani tank,SS,GP,Auction,1.00,0.25
Garividi,seri peta,bapanna tank,SS,GP,Auction,3.00,0.75
Garividi,seri peta,nalla tank,SS,GP,Auction,5.00,1.25
Garividi,sivaram,kotavani tank,SS,GP,Auction,4.00,1.00
Garividi,sivaram,kummari tank,SS,GP,Auction,1.00,0.25
Garividi,sivaram,chinnakamanna banda,SS,GP,Auction,1.00,0.25
Garividi,sivaram,mangali tank,SS,GP,Auction,1.00,0.25
Garividi,sivaram,vankalavani tank,SS,GP,Auction,1.00,0.25
Garividi,sivaram,kati gedda,SS,GP,Auction,2.00,0.50
Garividi,SIVARAM,CHINTALA TANK,SS,GP,Auction,1.00,0.25
Garividi,thondrangi,tummalatank,SS,GP,Auction,2.00,0.50
Garividi,thondrangi,bodda tank,SS,GP,Auction,4.00,1.00
Garividi,thondrangi,ravi tank,SS,GP,Auction,2.00,0.50
Garividi,thondrangi,kotha tank,SS,GP,Auction,4.00,1.00
Garividi,thondrangi,majjibanda,SS,GP,Auction,3.00,0.75
Garividi,thondrangi,voora tank,SS,GP,Auction,2.00,0.50
Garividi,thondrangi,garbapuvani tank,SS,GP,Auction,5.00,1.25
Garividi,thondrangi,komati tank,SS,GP,Auction,3.00,0.75
Garividi,thondrangi,vedulla banda,SS,GP,Auction,1.00,0.25
Garividi,thondrangi,pinnintivani,SS,GP,Auction,4.00,1.00
Garividi,thondrangi,chinta banda,SS,GP,Auction,1.00,0.25
Garividi,thondrangi,tammu tank,SS,GP,Auction,5.00,1.25
Garividi,thondrangi,seri tank,SS,GP,Auction,6.00,1.50
Garividi,thondrangi,panasa banda,SS,GP,Auction,1.00,0.25
Garividi,thondrangi,jaggu banda,SS,GP,Auction,1.00,0.25
Garividi,vedullavalasa,vankanna tank,SS,GP,Auction,9.00,2.25
Garividi,vedullavalasa,ramasagaram,SS,GP,Auction,2.00,0.50
Garividi,vedullavalasa,yerra banda tank,SS,GP,Auction,1.00,0.25
Garividi,vedullavalasa,chandakavani tank,SS,GP,Auction,2.00,0.50
Garividi,vedullavalasa,nakkavani tank,SS,GP,Auction,2.00,0.50
Garividi,vedullavalasa,lenkavani tank,SS,GP,Auction,5.00,1.25
Garividi,vedullavalasa,simhadri tank,SS,GP,Auction,6.00,1.50
Garividi,vedulla valasa,lutta banda,SS,GP,Auction,1.00,0.25
Garividi,vedullavalsa,vangapandu tank,SS,GP,Auction,4.00,1.00
Garividi,vedullavalasa,pina banda,SS,GP,Auction,1.00,0.25
Garividi,vedullavalasa,patnaikuvani tank,SS,GP,Auction,2.00,0.50
Garividi,vedullavalasa,barikinivani tank,SS,GP,Auction,1.00,0.25
Garividi,vedullavalasa,geddapooni tank,SS,GP,Auction,16.00,4.00
Garividi,vedullavalasa,ramaraju koneru,SS,GP,Auction,1.00,0.25
Garividi,vedullavalasa,karrivanitank,SS,GP,Auction,1.00,0.25
Garividi,vedullavalasa,batchuvani tank,SS,GP,Auction,6.00,1.50
Garividi,vedullavalasa,suvvadavani tank,SS,GP,Auction,1.00,0.25
Garividi,vedullavalasa,madapani banda,SS,GP,Auction,1.00,0.25
Garividi,vedullavalasa,alaviliivani banda,SS,GP,Auction,1.00,0.25
Garividi,vedullavalasa,yedlavani tank,SS,GP,Auction,6.00,1.50
Garividi,vedullavalasa,ballana tank,SS,GP,Auction,1.00,0.25
Garividi,vedullavalasa,kondappabvanda,SS,GP,Auction,1.00,0.25
Garividi,vedullavalasa,gedda,SS,GP,Auction,1.00,0.25
Garividi,vedullavalasa,subba banda,SS,GP,Auction,2.00,0.50
Garividi,vedullavalasa,tumika banda,SS,GP,Auction,1.00,0.25
Garividi,vprega,barikivani tank,SS,GP,Auction,1.00,0.25
Garividi,yenuguvalasa,nakkala banda,SS,GP,Auction,2.00,0.50
Garividi,yenuguvalasa,rachavani tank,SS,GP,Auction,2.00,0.50
Garividi,yenuguvalasa,yenduvani tank,SS,GP,Auction,1.00,0.25
Garividi,yenuguvalasa,kamsali banda,SS,GP,Auction,1.00,0.25
Garividi,yenuguvalasa,boddam tank,SS,GP,Auction,3.00,0.75
Garividi,yenuguvalasa,voora tank,SS,GP,Auction,7.00,1.75
Garividi,yenuguvalasa,lakshmunaidu,SS,GP,Auction,14.00,3.50
Garividi,yenuguvalasa,lakshmunaidu banda,SS,GP,Auction,14.00,3.50
Garividi,yenuguvalasa,raju tank,SS,GP,Auction,16.00,4.00
Garividi,yenuguvalasa,reddivani banda,SS,GP,Auction,1.00,0.25
Garividi,yenuguvala,baddivani tank,SS,GP,Auction,4.00,1.00
Garividi,yenuguvalaa,inam banda,SS,GP,Auction,1.00,0.25
