Badevanipeta,Srikakulam,Etcherla,,,,,,,,,,,,,,,,,
Budagatlapalem,Srikakulam,Etcherla,,,,,,,,,,,,,,,,,
D. mastyalesam,Srikakulam,Etcherla,,,,,,,,,,,,,,,,,
K. mastyalesam,Srikakulam,Etcherla,,,,,,,,,,,,,,,,,
Kd palem,Srikakulam,Etcherla,,,,,,,,,,,,,,,,,
Rallapeta,Srikakulam,Etcherla,,,,,,,,,,,,,,,,,
Balarampuram,Srikakulam,Gara,,,,,,,,,,,,,,,,,
Bandaruvanipeta,Srikakulam,Gara,,,,,,,,,,,,,,,,,
Komaravanipeta h/o korlam,Srikakulam,Gara,,,,,,,,,,,,,,,,,
Mogadalapadu,Srikakulam,Gara,,,,,,,,,,,,,,,,,
Srikurmam,Srikakulam,Gara,,,,,,,,,,,,,,,,,
Donkuru,Srikakulam,Ichchapuram,,,,,,,,,,,,,,,,,
Chinakarrivanipalem,Srikakulam,Kaviti,,,,,,,,,,,,,,,,,
Edduvanipalem,Srikakulam,Kaviti,,,,,,,,,,,,,,,,,
K. calingapatnam,Srikakulam,Kaviti,,,,,,,,,,,,,,,,,
Kapasukuudi,Srikakulam,Kaviti,,,,,,,,,,,,,,,,,
P.k. palem,Srikakulam,Kaviti,,,,,,,,,,,,,,,,,
Bethapapuram,Srikakulam,Kaviti,,,,,,,,,,,,,,,,,
Geddelavuru,Srikakulam,Laveru,,,,,,,,,,,,,,,,,
M. ganguvada,Srikakulam,Laveru,,,,,,,,,,,,,,,,,
Guppdipeta,Srikakulam,Polaki,,,,,,,,,,,,,,,,,
Jogampeta,Srikakulam,Polaki,,,,,,,,,,,,,,,,,
Peddakoviripeta,Srikakulam,Polaki,,,,,,,,,,,,,,,,,
Rajarampuram,Srikakulam,Polaki,,,,,,,,,,,,,,,,,
Allivalasa,Srikakulam,Ranastalam,,,,,,,,,,,,,,,,,
Cheekatipeta,Srikakulam,Ranastalam,,,,,,,,,,,,,,,,,
Chinakovvada,Srikakulam,Ranastalam,,,,,,,,,,,,,,,,,
Donipeta,Srikakulam,Ranastalam,,,,,,,,,,,,,,,,,
Gurayyapeta,Srikakulam,Ranastalam,,,,,,,,,,,,,,,,,
Jeerupalem,Srikakulam,Ranastalam,,,,,,,,,,,,,,,,,
Komaravanipeta h/o kotcherla,Srikakulam,Ranastalam,,,,,,,,,,,,,,,,,
Kothamukkam,Srikakulam,Ranastalam,,,,,,,,,,,,,,,,,
Peddakovvada,Srikakulam,Ranastalam,,,,,,,,,,,,,,,,,
Bavanapadu,Srikakulam,Santhabommali,,,,,,,,,,,,,,,,,
Geddalapadu,Srikakulam,Santhabommali,,,,,,,,,,,,,,,,,
Jagannadhapuram,Srikakulam,Santhabommali,,,,,,,,,,,,,,,,,
Kumunduvanipeta,Srikakulam,Santhabommali,,,,,,,,,,,,,,,,,
M sunnapalli,Srikakulam,Santhabommali,,,,,,,,,,,,,,,,,
Maruvada,Srikakulam,Santhabommali,,,,,,,,,,,,,,,,,
Pathameghavaram,Srikakulam,Santhabommali,,,,,,,,,,,,,,,,,
Pittavanipeta,Srikakulam,Santhabommali,,,,,,,,,,,,,,,,,
Ummilada,Srikakulam,Santhabommali,,,,,,,,,,,,,,,,,
Baruvakothuru,Srikakulam,Sompeta,,,,,,,,,,,,,,,,,
Battigalluru,Srikakulam,Sompeta,,,,,,,,,,,,,,,,,
Gollagandi,Srikakulam,Sompeta,,,,,,,,,,,,,,,,,
Isakalapalem,Srikakulam,Sompeta,,,,,,,,,,,,,,,,,
Ramayyapatnam,Srikakulam,Sompeta,,,,,,,,,,,,,,,,,
Yekuvuru,Srikakulam,Sompeta,,,,,,,,,,,,,,,,,
Kunduvanipeta,Srikakulam,Srikakulam,,,,,,,,,,,,,,,,,
Pukkallapeta,Srikakulam,Srikakulam,,,,,,,,,,,,,,,,,
Akkupalli,Srikakulam,Vajrapukothuru,,,,,,,,,,,,,,,,,
Chinakothuru,Srikakulam,Vajrapukothuru,,,,,,,,,,,,,,,,,
D. althada,Srikakulam,Vajrapukothuru,,,,,,,,,,,,,,,,143,9
Dokulapadu,Srikakulam,Vajrapukothuru,,,,,,,,,,,,,,,,143,9
Gunupalli,Srikakulam,Vajrapukothuru,,,,,,,,,,,,,,,,143,9
Hukumpeta,Srikakulam,Vajrapukothuru,,,,,,,,,,,,,,,,143,9
Kambalarayudupeta,Srikakulam,Vajrapukothuru,,,,,,,,,,,,,,,,143,9
Kothapeta,Srikakulam,Vajrapukothuru,,,,,,,,,,,,,,,,143,9
Manchineealpeta,Srikakulam,Vajrapukothuru,,,,,,,,,,,,,,,,159,9
Nuvvalarevu,Srikakulam,Vajrapukothuru,,,,,,,,,,,,,,,,159,9
Cheplakancheru,Vizianagaram,Bhogapuram,,,,,,,,,,,,,,,,159,9
Chinakondrajupalem,Vizianagaram,Bhogapuram,,,,,,,,,,,,,,,,159,9
Chodipallipeta,Vizianagaram,Bhogapuram,,,,,,,,,,,,,,,,159,9
Mukkam,Vizianagaram,Bhogapuram,,,,,,,,,,,,,,,,199,9
Pedakondrajupalem,Vizianagaram,Bhogapuram,,,,,,,,,,,,,,,,254,9
Barripeta h/o chintapalli,Vizianagaram,Pusapatirega,,,,,,,,,,,,,,,,254,9
Boddugurayyapeta,Vizianagaram,Pusapatirega,,,,,,,,,,,,,,,,254,9
Kothuru h/o chintapalli,Vizianagaram,Pusapatirega,,,,,,,,,,,,,,,,254,9
Kotturu h/o tippalavalasa,Vizianagaram,Pusapatirega,,,,,,,,,,,,,,,,254,9
Madduru h/o tippalavalasa,Vizianagaram,Pusapatirega,,,,,,,,,,,,,,,,254,9
Nelageddapeta h/o chintapalli,Vizianagaram,Pusapatirega,,,,,,,,,,,,,,,,305,9
Pathivada barripeta,Vizianagaram,Pusapatirega,,,,,,,,,,,,,,,,305,9
Pedduruh/o chinthapalli,Vizianagaram,Pusapatirega,,,,,,,,,,,,,,,,464,9
Puligeddapalem,Vizianagaram,Pusapatirega,,,,,,,,,,,,,,,,464,9
Thammayyapalem,Vizianagaram,Pusapatirega,,,,,,,,,,,,,,,,464,9
Tippalavalasa,Vizianagaram,Pusapatirega,,,,,,,,,,,,,,,,464,9
Kondapalem,Visakhapatanam,Atchutapuram,"AO,ATCHUTAPURAM",17° 29 51 N,83° 00 22 E,now(),ADMIN,ADMIN,now(),FALSE,520,4878,212683,"KONDAPALEM,KADAPALEM",,PUDIMADAKA,235281,500,9
Pudimadaka,Visakhapatanam,Atchutapuram,"AO,ATCHUTAPURAM",17° 29 32 N,83° 00 13 E,,,,,,520,4878,212683,"PUDIMADAKA,JALARIPALEM",,PUDIMADAKA,235281,500,9
Tantadivadapalem,Visakhapatanam,Atchutapuram,"AO,ATCHUTAPURAM",17° 30 56 N,83° 02 19 E,,,,,,520,4878,212683,THANTHADIVANIPALEM,,TANTADI,235283,500,9
Annavaram,Visakhapatanam,Bheemunipatnam,"AO,BHEEMILI",17° 99 78 N,83° 78 47 E,,,,,,520,4865,,ANNAVARAM,586141,ANNAVARAM,211772,500,9
Beemili,Visakhapatanam,Bheemunipatnam,"AO,BHEEMILI",17° 89 03 N,83° 45 61 E,,,,,,520,4865,,GUVAPETA,,BHEEMILI,,500,9
Chinanagamayyapalem,Visakhapatanam,Bheemunipatnam,"AO,BHEEMILI",17° 91 43 N,83° 46 16 E,,,,,,520,4865,,CHINA NAGAVAYYAPALEM,,PEDANAGAMAYYAPALEM,211787,500,9
Kapuladibbadipalem,Visakhapatanam,Bheemunipatnam,"AO,BHEEMILI",17° 86 21 N,83° 65 37 E,,,,,,520,4865,,KD PALEM,,K. NAGARAPALEM,,500,9
Peda mangamaripeta,Visakhapatanam,Bheemunipatnam,"AO,BHEEMILI",17° 84 10 N,83° 40 59 E,,,,,,520,4865,,PEDA MANGAMARIPETA,,K. NAGARAPALEM,211778,500,9
Pedanagamayyapalem,Visakhapatanam,Bheemunipatnam,"AO,BHEEMILI",17° 54 50 N,83° 27 43 E,,,,,,520,4865,,PEDA NAGAVAYYAPALEM,,PEDANAGAMAYYAPALEM,211787,500,9
Peddauppada,Visakhapatanam,Bheemunipatnam,"AO,BHEEMILI",17° 11 39 N,82° 36 36 E,,,,,,520,4865,,PEDAUPPADA,,CHEPALUPPADA,211774,532,9
Amalapuram,Visakhapatanam,Nakkapalle,"AO,NAKKAPALLI",17° 20 49 N,82° 42 02 E,,,,,,520,4880,235758,AMALAPURAM,585799,AMALAPURAM,212141,532,9
Bangarammapeta,Visakhapatanam,Nakkapalle,"AO,NAKKAPALLI",17° 18 43 N,82° 38 32 E,,,,,,520,4880,235758,BANGARAMMAPETA,582729,BANGARAMMAPETA,212061,532,9
Boyapadu,Visakhapatanam,Nakkapalle,"AO,NAKKAPALLI",17° 20 59 N,82° 42 26 E,,,,,,520,4880,235758,BOYAPADU,586884,RAJAYYAPETA,235782,532,9
Chinateenarla,Visakhapatanam,Nakkapalle,"AO,NAKKAPALLI",17° 22 37 N,82° 49 58 E,,,,,,520,4880,235758,CHINATEENARLA,,CHINATEENARLA,235710,532,9
Dl puram,Visakhapatanam,Nakkapalle,"AO,NAKKAPALLI",17° 19 49 N,82° 40 19 E,,,,,,520,4880,235758,D L PURAM,,DONIVANILAKSHMIPURAM,235714,532,9
Dondavaka,Visakhapatanam,Nakkapalle,"AO,NAKKAPALLI",17° 21 77 N,82° 44 67 E,,,,,,520,4880,235758,DONDAVAKA,586961,PEDATEENARLA,235895,532,9
Peddateenarla,Visakhapatanam,Nakkapalle,"AO,NAKKAPALLI",17° 22 10 N,82° 45 34 E,,,,,,520,4880,235758,PEDATEENARLA,586454,PEDATEENARLA,235895,532,9
Rajayyapeta,Visakhapatanam,Nakkapalle,"AO,NAKKAPALLI",17° 21 05 N,82° 43 16 E,,,,,,520,4880,235758,RAJAYYAPETA,586453,RAJAYYAPETA,235782,532,9
Muthyalammapalem,Visakhapatanam,Paravada,"AO,ATCHUTAPURAM",17° 32 14 N,83° 05 40 E,,,,,,520,4870,212683,MUTYALAMMAPALEM,,MUTYALAMMAPALEM,235482,555,9
Tikkavanipalem,Visakhapatanam,Paravada,"AO,ATCHUTAPURAM",17° 32 77 N,83° 06 77 E,,,,,,520,4870,212683,TIKKAVANIPALEM,,MUTYALAMMAPALEM,235482,555,9
Gajapathinagaram,Visakhapatanam,Payakaraopeta,"AO,NAKKAPALLI",17° 17 23 N,82° 36 12 E,,,,,,520,4881,235758,GAJAPATHINAGARAM,586218,RAJAVARAM,199377,555,9
Korlayyapeta,Visakhapatanam,Payakaraopeta,"AO,NAKKAPALLI",17° 15 31 N,82° 33 11 E,,,,,,520,4881,235758,KORLAIHPETA,,PALAMANUPETA,235820,555,9
Palmanupeta,Visakhapatanam,Payakaraopeta,"AO,NAKKAPALLI",17° 15 09 N,82° 32 76 E,,,,,,520,4881,235758,PALAMANIPETA,,PALAMANUPETA,235820,555,9
Pentakota,Visakhapatanam,Payakaraopeta,"AO,NAKKAPALLI",17° 17 71 N,82° 37 09 E,,,,,,520,4881,235758,PENTAKOTA,586473,PENTAKOTA,235824,555,9
Rajanagaram,Visakhapatanam,Payakaraopeta,"AO,NAKKAPALLI",17° 16 46 N,82° 34 92 E,,,,,,520,4881,235758,RAJANAGARAM,587405,VENKATANAGARAM,199612,557,9
Rajavaram,Visakhapatanam,Payakaraopeta,"AO,NAKKAPALLI",17° 17 19 N,82° 36 01 E,,,,,,520,4881,235758,RAJAVARAM,587114,RAJAVARAM,199377,557,9
Ratnayyammapeta,Visakhapatanam,Payakaraopeta,"AO,NAKKAPALLI",17° 15 66 N,82° 33 65 E,,,,,,520,4881,235758,RATNAMAYYAPETA,,PALAMANUPETA,235820,608,9
Venkatanagaram,Visakhapatanam,Payakaraopeta,"AO,NAKKAPALLI",17° 16 62 N,82° 35 20 E,,,,,,520,4881,235758,VENKATANAGARAM,586997,VENKATANAGARAM,199612,608,9
Appikonda,Visakhapatanam,Veeravasaram,,,,,,,,,,,,,,,,608,9
Kothapatnam,Visakhapatanam,Rambilli,"AO,ATCHUTAPURAM",17° 26 27 N,82° 54 74 E,,,,,,520,4883,212683,KOTHAPATNAM,592530,KOTHAPATNAM,208700,608,9
R. vadapalem,Visakhapatanam,Rambilli,"AO,ATCHUTAPURAM",17° 26 73 N,82° 55 83 E,,,,,,520,4883,212683,R. VADAPALEM,,ZIRAYATI CHINTHUVA,235889,608,9
Vadanarsapuram,Visakhapatanam,Rambilli,"AO,ATCHUTAPURAM",17° 26 27 N,82° 54 74 E,,,,,,520,4883,212683,VADANARASAPURAM,,VADANARASAPURAM,,608,9
Venkayyapalem,Visakhapatanam,Rambilli,"AO,ATCHUTAPURAM",17° 27 46 N,82° 57 14 E,,,,,,520,4883,212683,VENKAYYAPALEM,584251,ZIRAYATI CHINTHUVA,235889,608,9
Bangarammapalem,Visakhapatanam,S.rayavaram,"AO,NAKKAPALLI",17° 25 23 N,82° 51 62 E,,,,,,520,4882,235758,BANGARAMMAPALEM,586030,VAKAPADU,235856,608,9
Kotharevupolavaram,Visakhapatanam,S.rayavaram,"AO,NAKKAPALLI",17° 23 78 N,82° 49 10 E,,,,,,520,4882,235758,KOTHAREVUPOLAVARAM,,KOTHAREVU POLAVARAM,235842,608,9
Revupolavaram,Visakhapatanam,S.rayavaram,"AO,NAKKAPALLI",17° 23 76 N,82° 48 08 E,,,,,,520,4882,235758,REVUPOLAVARAM,,REVUPOLAVARAM,235850,608,9
Odalarevu,East Godavari,Allavaram,VODALAREVU,16° 42 18 N,81° 95 80 E,now(),ADMIN,ADMIN,now(),FALSE,505,4940,,VODALAREVU,,VODALAREVU,199016,65,11
Bhyravapalem,East Godavari,I. polavaram,BHIRAVAPALEM,16° 44 16 N,82° 18 61 E,,,,,,505,4931,,BHIRAVAPALEM,,BHIRAVAPALEM,199169,65,11
Suryaraopeta,East Godavari,Kakinada Urban,Suryaraopeta,17° 01 17 N,82° 28 68 E,,,,,,505,4913,,Suryaraopeta,,SURYARAO PETA,199249,65,11
Etimoga,East Godavari,Kakinada Rural,YETIMOGA,16° 93 81 N,82° 25 35 E,,,,,,505,4914,,YETIMOGA,,KAKINADA (URBAN),,65,11
Khumbhabhishekam,East Godavari,Kakinada Rural,KUMBABHISHEKAM,16° 95 72 N,82° 26 92 E,,,,,,505,4914,,DUMMULAPETA,,KAKINADA (URBAN),,65,11
Uppalankamondi,East Godavari,Karapa,Uppalanka,16° 70 08 N,82° 23 09 E,,,,,,505,4922,,Uppalanka,,UPPALANKA,199290,478,11
Balusutippa,East Godavari,Katrenikona,BALUSUTHIPPA,16° 63 24 N,82° 26 27 E,,,,,,505,4943,,BALUSUTIPPA,,BRAHMASAMEDYAM,199299,478,11
Kothapalem,East Godavari,Katrenikona,KOTHAPALEM,16° 59 36 N,82° 26 56 E,,,,,,505,4943,,KOTHAPALEM,592526,BRAHMASAMEDYAM,199299,478,11
Karavaka,East Godavari,Mamidikuduru,KARAVAKA,16° 41 84 N,81° 94 00 E,,,,,,505,4936,,KARAVAKA,,KARAVAKA,199433,478,11
Av pallipalem,East Godavari,Sakhinetipalle,ANTARVEDIPALEM,16° 32 90 N,81° 72 38 E,,,,,,505,4939,,ANTARVEDIPALEM,587855,ANTARVEDIPALEM,199770,478,11
Chollangipeta,East Godavari,Thallarevu,CHOLLANGIPETA,16° 86 05 N,82° 23 07 E,,,,,,505,4930,,CHOLLANGIPETA,583207,CHOLLANGIPETA,212517,478,11
Gadimoga,East Godavari,Thallarevu,GADIMOGA,16° 44 90 N,82° 17 55 E,,,,,,505,4930,,GADIMOGA,,GADIMOGA,199842,478,11
Matlapalem,East Godavari,Thallarevu,MATLAPALEM,16° 85 05 N,82° 24 01 E,,,,,,505,4930,,MATLAPALEM,,G.VEMAVARAM,199171,478,11
Pedavalasala,East Godavari,Thallarevu,PEDAVALASALA,16° 46 81 N,82° 15 83 E,,,,,,505,4930,,PEDAVALASALA,,GADIMOGA,199842,478,11
Danavaipeta,East Godavari,Thondangi,DANAVAIPETA,17° 21 56 N,82° 49 36 E,,,,,,505,4901,,DANAVAIPETA,,DANAVAIPETA,199859,478,11
G.m peta,East Godavari,Thondangi,GOLLAMUSALAYYAPETA,17° 21 89 N,82° 49 87 E,,,,,,505,4901,,GOLLAMUSALAYYAPETA,,GOLLAMUSALAYYAPETA,199860,478,11
K chodipallipeta,East Godavari,Thondangi,KOTHACHODIPALLI PETA,17° 15 62 N,82° 42 12 E,,,,,,505,4901,,KOTHACHODIPALLI PETA,,KOTHAPERUMALAPURAM,199864,33,10
K.p. puram,East Godavari,Thondangi,KOTHAPERUMALAPURAM,17° 17 21 N,82° 43 89 E,,,,,,505,4901,,KOTHAPERUMALAPURAM,,KOTHAPERUMALAPURAM,199864,33,10
Kothapeta,East Godavari,Thondangi,KOTHA PETA,17° 23 68 N,82° 52 39 E,,,,,,505,4901,,KOTHA PETA,,YERRAYYAPETA,199874,33,10
Narsipeta,East Godavari,Thondangi,,,,,,,,,,,,,,,,62,10
Pampothipeta,East Godavari,Thondangi,PAMPADI PETA,17° 24 25 N,82° 53 21 E,,,,,,505,4901,,PAMPADI PETA,,VEMAVARAM,203799,62,10
Ramaraopeta,East Godavari,Thondangi,RAMARAO PETA,17° 17 92 N,82° 44 83 E,,,,,,505,4901,,RAMARAO PETA,,KOTHAPERUMALAPURAM,199864,62,10
Talapanthipeta,East Godavari,Thondangi,TALAPANTIPETA,17° 16 41 N,82° 42 94 E,,,,,,505,4901,,TALAPANTIPETA,,KOTHAPERUMALAPURAM,199864,62,10
Yellayyapeta,East Godavari,Thondangi,YELLAYYA PETA,17° 22 47 N,82° 50 63 E,,,,,,505,4901,,YELLAYYA PETA,,GOLLAMUSALAYYAPETA,199860,62,10
Yerrayyapeta,East Godavari,Thondangi,YERRAYYAPETA,17° 23 38 N,82° 51 95 E,,,,,,505,4901,,YERRAYYAPETA,,YERRAYYAPETA,199874,62,10
Ameenabad,East Godavari,Kothapalle,AMINABADA,17° 05 61 N,82° 21 13 E,,,,,,505,5263,,AMINABADA,590223,AMINABADA,199650,62,10
Konapappeta,East Godavari,Kothapalle,PONNADA,17° 07 33 N,82° 22 17 E,,,,,,505,5263,,PONNADA,581703,PONNADA,210707,362,10
Mulapeta,East Godavari,Kothapalle,MULAPETA,17° 06 41 N,82° 21 82 E,,,,,,505,5263,,MULAPETA,585653,MULAPETA,212078,362,10
Vasalatippa,East Godavari,Uppalaguptam,VASALATIPPA,16° 44 46 N,82° 00 78 E,,,,,,505,4942,,VASALATIPPA,,CHALLAPALLI,196594,362,10
Dibbalapalem,West Godavari,Mogalthur,,,,,,,,,,,,,,,,362,10
Kp palem south,West Godavari,Mogalthur,,,,,,,,,,,,,,,,362,10
Mollaparru,West Godavari,Mogalthur,,,,,,,,,,,,,,,,362,10
Biyyaputhippa,West Godavari,Narasapuram,,,,,,,,,,,,,,,,362,10
Chinnamainavanilanka,West Godavari,Narasapuram,,,,,,,,,,,,,,,,362,10
Narsapuram,West Godavari,Narasapuram,,,,,,,,,,,,,,,,416,10
Pedamainavanilanka,West Godavari,Narasapuram,,,,,,,,,,,,,,,,416,10
Palakayatippa,Krishna,Koduru,Palakayatippa,15° 97 23 N,81° 10 21 E,now(),ADMIN,ADMIN,now(),FALSE,510,5039,,Palakayatrippa,,HAMSALA DEEVI,203307,422,10
Chinagollapalem,Krishna,Kruthivennu,CHINAGOLLAPALEM,16° 21 24 N,81° 29 59 E,,,,,,510,5018,589376,CHINAGOLLAPALEM,589376,CHINAGOLLAPALEM,203321,422,10
Etipoguru,Krishna,Kruthivennu,YETIPOGARU,16° 21 24 N,81° 35 15 E,,,,,,510,5018,,CHINAGOLLAPALEM,589376,CHINAGOLLAPALEM,203321,422,10
Orlagonditippa,Krishna,Kruthivennu,ORLAGONDHI THIPPA,16° 21 42 N,81° 21 53 E,,,,,,510,5018,,NIDAMARRU,589385,NIDAMARRU,203331,422,10
Cambelpeta,Krishna,Machilipatnam,CAMBEL PETA,16° 17 04 N,81° 17 93 E,,,,,,510,5034,,KARAGRAHARAM,,KARAGRAHARAM,203351,422,10
Fishing harbour,Krishna,Nagayalanka,,,,,,,,,,5038,,,,,,422,10
Kanuru,Krishna,Machilipatnam,KANURU,16° 28 74 N,81° 26 27 E,,,,,,510,5034,588528,KANURU,588528,KANURU,214951,422,10
Kpt palem,Krishna,Machilipatnam,KOTHA PALLETHUMMALA PALEM,16° 01 01 N,81° 09 24 E,,,,,,510,5034,,K.P.T.PALEM,,K.P.T.PALEM,203349,422,10
Manginapudi,Krishna,Machilipatnam,MANGINAPUDI,16° 23 64 N,81° 23 28 E,,,,,,510,5034,589725,THALLAPALEM,586406,THALLAPALEM,200641,622,10
Polatippa,Krishna,Machilipatnam,POLATITIPPA,16° 12 63 N,81° 14 75 E,,,,,,510,5034,589740,POLATITIPPA,589740,POLATITIPPA,203359,498,10
Pt palem,Krishna,Machilipatnam,PALLITUMMALAPALEM,16° 07 57 N,81° 14 03 E,,,,,,510,5034,203356,PALLITUMMALAPALEM,,PALLITUMMALAPALEM,203356,498,10
Thallapalem,Krishna,Machilipatnam,THALLAPALEM,16° 26 73 N,81° 23 55 E,,,,,,510,5034,586406,THALLAPALEM,586406,THALLAPALEM,200641,498,10
Edurumondi,Krishna,Nagayalanka,EDURUMONDI,15° 84 11 N,80° 88 98 E,,,,,,510,5038,589788,EDURUMONDI,589788,EDURUMONDI,203496,498,10
Elachetladibba,Krishna,Nagayalanka,ELICHITLADIBBA,15° 78 12 N,80° 87 52 E,,,,,,510,5038,,ELICHITLADIBBA,,ELICHITLADIBBA,203497,523,10
Etimoga,Krishna,Nagayalanka,ETIMOGA,15° 86 06 N,80° 89 55 E,,,,,,510,5038,589787,ETIMOGA,589787,YETIMOGA,,523,10
Gummalamoda,Krishna,Nagayalanka,GULLALAMODA,15° 82 75 N,80° 92 48 E,,,,,,510,5038,,GULLALAMODA,,GULLALAMODA,203499,523,10
Nachugunta,Krishna,Nagayalanka,NACHAGUNTA,15° 78 38 N,80° 88 22 E,,,,,,510,5038,,NACHAGUNTA,,NACHUGUNTA,215111,12,3
Jodugullapalem,Visakhapatanam,Chinagadili,"AO,VISAKHAPATNAM",17° 45 05 N,83° 21 02 E,,,,,,520,4866,,JODUGULLAPALEM,,5TH WARD,,197,3
Jalariyendada,Visakhapatanam,Visakhapatnam Urban,"AO,VISAKHAPATNAM",17° 69 04 N,83° 30 50 E,,,,,,520,4867,,JALARI YENDADA,,7TH WARD,,223,3
Mulapalem,Visakhapatanam,Visakhapatnam Urban,"AO,VISAKHAPATNAM",17° 44 07 N,83° 20 31 E,,,,,,520,4867,,MOOLAPALEM,,7TH WARD,,664,3
Pedajalaripeta,Visakhapatanam,Visakhapatnam Urban,"AO,VISAKHAPATNAM",17° 43 47 N,83° 20 38 E,,,,,,520,4867,,PEDA JALARIPETA,,17TH WARD,,664,3
Kothajalaripeta,Visakhapatanam,Visakhapatnam Urban,"AO,VISAKHAPATNAM",17° 42 05 N,83° 18 22 E,,,,,,520,4867,,KOTHA JALARIPETA,,22 WARD,,247,3
Fishing harbour,Visakhapatanam,Visakhapatnam Urban,"AO,VISAKHAPATNAM",17° 41 45 N,83° 18 04 E,,,,,,520,4867,,FISHING HARBOUR,,22 WARD,,252,3
Gilakaladindi Fishing Harbour,Krishna,Machilipatnam,GILAKALADINDI FISHING HARBAR,16° 14 51 N,81° 18 66 E,,,,,,510,5034,,MACHILIPATNAM MUNCIPALITY 18TH WARD,,MACHILIPATNAM TOWN,,252,3
Nagayalanka,Krishna,Nagayalanka,NAGAYA LANKA,15° 94 81 N,80° 91 19 E,,,,,,510,5038,,NAGAYA LANKA,,NAGAYALANKA,203503,322,3
Pathapakali,Krishna,Nagayalanka,PATHAVUPAKALI,15° 89 91 N,81° 02 83 E,,,,,,510,5038,,PATHAVUPAKALI,,SANGAMESWARAM,203493,525,3
Sorlagondi,Krishna,Nagayalanka,SORLA GONDHI,15° 85 69 N,80° 96 59 E,,,,,,510,5038,,SORLA GONDHI,,SORLAGONDI,203509,580,3
Yesupuram,Krishna,Nagayalanka,YESUPURAM,15° 84 27 N,80° 87 44 E,,,,,,510,5038,,YESUPURAM,,EDURUMONDI,203496,580,3
Zinkapalem,Krishna,Nagayalanka,ZINKAPALEM,15° 80 35 N,80° 91 78 E,,,,,,510,5038,,ZINKAPALEM,,EDURUMONDI,203496,580,3
Adarsanagar,Guntur,Bapatla,,,,,,,,,,,,,,,,580,3
Adavaipallipalem,Guntur,Bapatla,,,,,,,,,,,,,,,,584,3
Kothavodarevu,Guntur,Bapatla,,,,,,,,,,,,,,,,584,3
Krupanagar,Guntur,Bapatla,,,,,,,,,,,,,,,,584,3
Muthayapalem,Guntur,Bapatla,,,,,,,,,,,,,,,,584,3
Ramachandrapuram,Guntur,Bapatla,,,,,,,,,,,,,,,,584,3
Ramanagar,Guntur,Bapatla,,,,,,,,,,,,,,,,584,3
Ramapuram,Guntur,Bapatla,,,,,,,,,,,,,,,,584,3
Suryalanka,Guntur,Bapatla,,,,,,,,,,,,,,,,584,3
Adavuladeevi,Guntur,Nizampatnam,,,,,,,,,,,,,,,,584,3
Dindi adavala,Guntur,Nizampatnam,,,,,,,,,,,,,,,,584,3
Fishing harbour,Guntur,Nizampatnam,,,,,,,,,,,,,,,,584,3
Gokarnamatam,Guntur,Nizampatnam,,,,,,,,,,,,,,,,280,3
Gondisamudram,Guntur,Nizampatnam,,,,,,,,,,,,,,,,280,3
Nakshatranagar,Guntur,Nizampatnam,,,,,,,,,,,,,,,,280,3
Ganagadipalem,Guntur,Repalle,,,,,,,,,,,,,,,,603,3
Lakshmipuram,Guntur,Repalle,,,,,,,,,,,,,,,,339,12
Lankevanidibba,Guntur,Repalle,,,,,,,,,,,,,,,,339,12
Mollagunta,Guntur,Repalle,,,,,,,,,,,,,,,,339,12
Penumudi,Guntur,Repalle,,,,,,,,,,,,,,,,375,12
Santhinagar,Guntur,Repalle,,,,,,,,,,,,,,,,375,12
Ameen nagar,Prakasam,Chinaganjam,AMEENNAGAR,15° 66 63 N,80° 22 65 E,now(),ADMIN,ADMIN,now(),FALSE,517,5125,,AMEENNAGAR,,RAJUBANGARUPALEM,,375,12
Bapaiah nagar,Prakasam,Chinaganjam,,,,,,,,,,,,,,,,375,12
Chinaganjam peddapallipalem,Prakasam,Chinaganjam,PEDAGANJAMPALLIPAMEM,15° 63 72 N,80° 25 40 E,,,,,,517,5125,,PEDAGANJAMPALLIPAMEM,,PEDAGANJAM,234644,260,5
Jeedichetlapalem,Prakasam,Chinaganjam,,,,,,,,,,,,,,,,292,5
Katamvaripalem,Prakasam,Chinaganjam,KATAMVARIPALEM,15° 61 04 N,80° 24 21 E,,,,,,517,5125,,KATAMVARIPALEM,,PEDAGANJAM,234644,292,5
Koduruvaripalem,Prakasam,Chinaganjam,KODURIVARIPALEM,15° 61 71 N,80° 24 45 E,,,,,,517,5125,,KODURIVARIPALEM,,PEDAGANJAM,234644,292,5
Kunkuduchetlapalem,Prakasam,Chinaganjam,KUNKUDUCHETLA PALEM,15° 69 56 N,80° 29 06 E,,,,,,517,5125,,KUNKUDUCHETLA PALEM,,MOTUPALLI,234638,312,5
Neerikshanagiri,Prakasam,Chinaganjam,NIREEKSHANAGIRI,15° 71 44 N,80° 30 74 E,,,,,,517,5125,,NIREEKSHANAGIRI,,MOTUPALLI,234638,359,5
Padamatipallipalem,Prakasam,Chinaganjam,PADAMATIPALLIPALEM,15° 68 78 N,80° 28 44 E,,,,,,517,5125,,PADAMATIPALLIPALEM,,CHINNAGANJAM PALLIPALEM,,312,5
Peddaganjampallipalem,Prakasam,Chinaganjam,PEDAGANJAMPALLIPAMEM,15° 63 72 N,80° 25 40 E,,,,,,517,5125,,PEDAGANJAMPALLIPAMEM,,PEDAGANJAM,234644,312,5
Prasanthnagar,Prakasam,Chinaganjam,PRASANTHINAGAR,15° 61 69 N,80° 24 39 E,,,,,,517,5125,,PRASANTHINAGAR,,PEDAGANJAM,234644,312,5
Ramachandranagar,Prakasam,Chinaganjam,RAMACHANDRA NAGAR,15° 68 78 N,80° 28 44 E,,,,,,517,5125,,RAMACHANDRA NAGAR,,KOTHAPALEM,211855,312,5
Rudramambapuram,Prakasam,Chinaganjam,RUDRAMAMBAPURAM,15° 71 08 N,80° 30 38 E,,,,,,517,5125,,RUDRAMAMBAPURAM,,MOTUPALLI,234638,312,5
Thurupupallipalem,Prakasam,Chinaganjam,THURPUPALLIPALEM,15° 68 78 N,80° 28 44 E,,,,,,517,5125,,THURPUPALLIPALEM,,CHINNAGANJAM PALLIPALEM,,312,5
Yetimoga,Prakasam,Chinaganjam,YETIMOGA,15° 64 20 N,80° 26 40 E,,,,,,517,5125,,YETIMOGA,,PEDAGANJAM,234644,359,5
Vadarevupallipalem,Prakasam,Chirala,VODAREVU PALLIPALEM,15° 40 30 N,80° 20 12 E,,,,,,517,5123,,VODAREVU PALLIPALEM,,VODAREVU,234660,359,5
Vodarevu,Prakasam,Chirala,VODAREVU,15° 42 39 N,80° 21 25 E,,,,,,517,5123,234660,VODAREVU,,VODAREVU,234660,359,5
Avulavaripalem,Prakasam,Gudluru,AVULAVARIPALEM,15° 02 17 N,80° 05 23 E,,,,,,517,5151,200327,AVULAVARIPALEM,,RAVURU,235198,359,5
Karlapalem,Prakasam,Gudluru,KARLAPALEM,15° 02 77 N,80° 05 12 E,,,,,,517,5151,200268,KARLAPALEM,590454,SALIPETA,212558,359,5
Mondivaripalem,Prakasam,Gudluru,MONDIVARIPALEM,15° 01 08 N,80° 05 36 E,,,,,,517,5151,,MONDIVARIPALEM,,RAVURU,235198,665,10
Chenchupapaiahpalem,Prakasam,Kotha patnam,CHENCHUPAPAIAHPALEM,15° 22 83 N,80° 78 63 E,,,,,,517,5140,,CHENCHUPAPAIAHPALEM,,ETHAMUKKALA,234732,666,10
Eethamukkala pallipalem,Prakasam,Kotha patnam,ETHAMUKKALA,15° 50 57 N,80° 04 99 E,,,,,,517,5140,234732,ETHAMUKKALA,591349,ETHAMUKKALA,234732,666,10
Gundamala chinapallipalem,Prakasam,Kotha patnam,GUNDAMALA,15° 29 64 N,80° 11 75 E,,,,,,517,5140,234731,GUNDAMALA,,GUNDAMALA,234731,666,10
Gundamala christian pallipalem,Prakasam,Kotha patnam,GUNDAMALA,15° 29 66 N,80° 12 03 E,,,,,,517,5140,234731,GUNDAMALA,,GUNDAMALA,234731,666,10
Gundamala peddapallipalem,Prakasam,Kotha patnam,GUNDAMALA,15° 29 64 N,80° 11 98 E,,,,,,517,5140,234731,GUNDAMALA,,GUNDAMALA,234731,666,10
Kothapatnam north pallipalem,Prakasam,Kotha patnam,K.PALLEPALEM,15° 26 37 N,80° 10 84 E,,,,,,517,5140,234726,K.PALLEPALEM,,KOTHAPATNAM,234725,312,5
Kothapatnam south pallipalem,Prakasam,Kotha patnam,K.PALLEPALEM,15° 26 31 N,80° 10 79 E,,,,,,517,5140,234726,K.PALLEPALEM,,KOTHAPATNAM,234725,359,5
Kurupanagar,Prakasam,Kotha patnam,KURUPANAGAR,15° 22 80 N,80° 78 45 E,,,,,,517,5140,,KURUPANAGAR,,ETHAMUKKALA,234732,359,5
Madanuru chinnapattapu kothapalem,Prakasam,Kotha patnam,MADANURU,15° 21 75 N,80° 71 47 E,,,,,,517,5140,234735,MADANURU,,MADANURU,234735,359,5
Madanuru chinnapattapu pathapalem,Prakasam,Kotha patnam,MADANURU,15° 21 61 N,80° 70 37 E,,,,,,517,5140,234735,MADANURU,,MADANURU,234735,359,5
Madanuru pedapattapu kothapalem,Prakasam,Kotha patnam,MADANURU,15° 21 28 N,80° 68 84 E,,,,,,517,5140,234735,MADANURU,,MADANURU,234735,359,5
Madanuru pedapattapu pathapalem,Prakasam,Kotha patnam,MADANURU,15° 21 31 N,80° 69 00 E,,,,,,517,5140,234735,MADANURU,,MADANURU,234735,53,4
Madanuru swarnadhra pattapupalem,Prakasam,Kotha patnam,MADANURU,15° 21 51 N,80° 67 08 E,,,,,,517,5140,234735,MADANURU,,MADANURU,234735,53,4
Pinnivaripalem,Prakasam,Kotha patnam,PINNIVARIPALEM,15° 28 39 N,80° 12 28 E,,,,,,517,5140,,PINNIVARIPALEM,,GUNDAMALA,234731,53,4
Rajupalem china pattapupalem,Prakasam,Kotha patnam,RAJUPALEM,15° 23 26 N,80° 81 64 E,,,,,,517,5140,198351,RAJUPALEM,,RAJUPALEM,234733,53,4
Rajupalem peda pattapupalem,Prakasam,Kotha patnam,RAJUPALEM,15° 23 26 N,80° 83 08 E,,,,,,517,5140,198351,RAJUPALEM,,RAJUPALEM,234733,53,4
Vajjireddy pattapu palem,Prakasam,Kotha patnam,VAJJIREDDIPATTA PUPALEM,15° 24 14 N,80° 88 74 E,,,,,,517,5140,,VAJJIREDDIPATTA PUPALEM,,GAMANDLAPALEM,,53,4
Chinnamgaripalem,Prakasam,Naguluppala padu,CHINNAMGARIPALEM,15° 36 34 N,80° 14 40 E,,,,,,517,5126,,CHINNAMGARIPALEM,,KANAPARTHI,234779,53,4
Govindarao pallipalme,Prakasam,Naguluppala padu,GOVIDARAOPALEM,15° 34 12 N,80° 13 76 E,,,,,,517,5126,,GOVIDARAOPALEM,,KANAPARTHI,234779,53,4
Kanaparthipallepalem,Prakasam,Naguluppala padu,KANAPARTHI,15° 34 15 N,80° 13 76 E,,,,,,517,5126,234779,KANAPARTHI,,KANAPARTHI,234779,53,4
Mekalsomaiahpalem,Prakasam,Naguluppala padu,MEKALASOMAIAHPALEM,15° 34 23 N,80° 13 78 E,,,,,,517,5126,,MEKALASOMAIAHPALEM,,KANAPARTHI,234779,389,4
Vinodarayunipalem,Prakasam,Naguluppala padu,VINODARAYUNIPALEM,15° 57 36 N,80° 17 81 E,,,,,,517,5126,234780,VINODARAYUNIPALEM,,VINODARAYUNIPALEM,234780,389,4
Chintayyagaripalem,Prakasam,Ongole,CHINTAYAGARIPALEM,15° 33 40 N,80° 13 57 E,,,,,,517,5139,234808,CHINTAYAGARIPALEM,,CHINTAYAGARIPALEM,234808,389,4
Gundayapalem,Prakasam,Ongole,GUNDAYAPALEM,15° 32 45 N,80° 12 39 E,,,,,,517,5139,234807,GUNDAYAPALEM,,GUNDAYAPALEM,234807,389,4
Basinpallipalem,Prakasam,Singarayakonda,BINGINAPALLI,15° 24 09 N,80° 08 55 E,,,,,,517,5149,235669,BINGINAPALLI,,WOOLLAPALEM,235671,389,4
Devalampallipalem,Prakasam,Singarayakonda,DEVALAMPALLIP ALEM,15° 24 45 N,80° 08 49 E,,,,,,517,5149,,DEVALAMPALLIP ALEM,,WOOLLAPALEM,235671,389,4
Pakala chellammagari palem,Prakasam,Singarayakonda,PAKALA CHELLEMMAGARIPALEM,15° 28 40 N,80° 09 52 E,,,,,,517,5149,,PAKALA CHELLEMMAGARIPALEM,,PAKALA,,514,4
Pakala pallipalem,Prakasam,Singarayakonda,PAKALAPALLIPALEM,15° 27 36 N,80° 08 50 E,,,,,,517,5149,,PAKALAPALLIPALEM,,PAKALA,,514,4
Thallapalem,Prakasam,Tangutur,TALLAPALEM,15° 32 57 N,80° 08 56 E,,,,,,517,5141,235307,TALLAPALEM,586882,ANANTHAVARAM,234891,514,4
Alagayapalem,Prakasam,Ulavapadu,ALAGAYAPALEM,15° 14 91 N,80° 05 44 E,,,,,,517,5152,,ALAGAYAPALEM,,KAREDU,235717,514,4
Chackicherla pallepalem,Prakasam,Ulavapadu,CHAKICHERLA CHINAPATTAPUPALEM,15° 11 21 N,80° 14 95 E,,,,,,517,5152,,CHAKICHERLA CHINAPATTAPUPALEM,,CHAKICHARLA,,514,4
Chakicherla peddapattapu palem (north),Prakasam,Ulavapadu,CHAKICHERLA PALLIPALEM,15° 11 21 N,80° 04 95 E,,,,,,517,5152,,CHAKICHERLA PALLIPALEM,,CHAKICHARLA PEDA PATTAPUPALEM,,514,4
Chakicherla peddapattapu palem (south),Prakasam,Ulavapadu,CHAKICHERLA PEDAPATTAPUP ALEM(NORTH),15° 11 21 N,80° 04 96 E,,,,,,517,5152,,CHAKICHERLA PEDAPATTAPUP ALEM(NORTH),,CHAKICHARLA PEDA PATTAPUPALEM,,102,7
Chakicherlachinapattapupalem,Prakasam,Ulavapadu,CHAKICHERLA PEDAPATTAPUP ALEM(SOUTH),15° 11 21 N,80° 04 96 E,,,,,,517,5152,,CHAKICHERLA PEDAPATTAPUP ALEM(SOUTH),,CHAKICHARLA PEDA PATTAPUPALEM,,102,7
Karidu,Prakasam,Ulavapadu,KAREDU,15° 18 84 N,80° 06 29 E,,,,,,517,5152,235717,KAREDU,591594,KAREDU,235717,102,7
Ramayapatnapu pallipalem,Prakasam,Ulavapadu,RAMAYAPATNAM,15° 04 68 N,80° 04 88 E,,,,,,517,5152,235726,RAMAYAPATNAM,591603,RAMAYAPATNAM,235726,102,7
Katamlingaiahpalem,Prakasam,Vetapalem,KATAMLINGAIAH PALEM,15° 72 98 N,80° 32 50 E,,,,,,517,5124,,KATAMLINGAIAH PALEM,,PULLARIPALEM,234897,102,7
Pottisubbaiahpalem,Prakasam,Vetapalem,KATARIPALEM,15° 76 22 N,80° 36 13 E,,,,,,517,5124,,KATARIPALEM,,CHALLAREDDYPALEM,234898,102,7
Ramachandrapuram,Prakasam,Vetapalem,POTTISUBBAIAHPALEM,15° 75 26 N,80° 34 72 E,,,,,,517,5124,,POTTISUBBAIAHPALEM,,CHALLAREDDYPALEM,234898,102,7
Takaiahchetlapalem,Prakasam,Vetapalem,RAMACHANDRA PURAM,15° 72 09 N,80° 31 31 E,,,,,,517,5124,209168,RAMACHANDRA PURAM,581520,PULLARIPALEM,234897,102,7
Utukurusubbaiahpalem,Prakasam,Vetapalem,UTUKURUSUBBAIAHPALEM,15° 73 62 N,80° 33 09 E,,,,,,517,5124,,UTUKURUSUBBAIAHPALEM,,PULLARIPALEM,234897,102,7
Vekatasubbaiahpalem,Prakasam,Vetapalem,VENKATASUBBAIAHPALEM,15° 72 52 N,80° 31 82 E,,,,,,517,5124,,VENKATASUBBAIAHPALEM,,PULLARIPALEM,234897,102,7
Kothakurru,SPSR Nellore,Allur,KOTTAKURRU,14° 74 50 N,80° 11 13 E,,,,,,515,5167,,KOTTAKURRU,,ISKAPALLI,208257,102,7
Alicherla bangaru palem,SPSR Nellore,Bogole,ALLICHERLA BANGARUPALEM,14° 46 35 N,80° 55 22 E,,,,,,515,5159,,ALLICHERLA BANGARUPALEM,,JUVVALADINNE,208357,102,7
Kothabangaru palem,SPSR Nellore,Bogole,KOTHABANGARUPALEM,14° 47 41 N,80° 52 31 E,,,,,,515,5159,,KOTHABANGARUPALEM,,JUVVALADINNE,208357,102,7
Kothakadapalem,SPSR Nellore,Bogole,KOTTA KADAPALEM,14° 48 27 N,80° 44 16 E,,,,,,515,5159,,KOTTA KADAPALEM,,JUVVALADINNE,208357,102,7
Lakshminarayanapuram,SPSR Nellore,Bogole,LAKSHMINARAYANA PURAM,14° 48 47 N,80° 61 14 E,,,,,,515,5159,580354,LAKSHMINARAYANA PURAM,580354,CHENARAMUNIPALEM,,102,7
Pathabangaru palem,SPSR Nellore,Bogole,PATHA BANGARU PALEM,14° 78 65 N,80° 09 11 E,,,,,,515,5159,,PATHA BANGARU PALEM,,JUVVALADINNE,208357,110,7
Pathakadapalem,SPSR Nellore,Bogole,PATHA KADA PALEM,14° 48 21 N,80° 50 40 E,,,,,,515,5159,,PATHA KADA PALEM,,JUVVALADINNE,208357,110,7
Tenkayachetlapalem,SPSR Nellore,Bogole,TENKAYACHETTLAPALEM,14° 48 36 N,80° 42 54 E,,,,,,515,5159,,TENKAYACHETTLAPALEM,,JUVVALADINNE,208357,179,7
Thatichetlapalem,SPSR Nellore,Bogole,THATICHETTLAPALEM,17° 44 03 N,83° 17 24 E,,,,,,515,5159,,THATICHETTLAPALEM,,CHENARAMUNIPALEM,,179,7
Gummaladibba kothuru,SPSR Nellore,Chillakur,GUMMALLADIBBA KOTHURU,14° 14 15 N,80° 06 25 E,,,,,,515,5190,,GUMMALLADIBBA KOTHURU,,THAMMINA PATNAM,208419,179,7
Gummaladibba pathuru,SPSR Nellore,Chillakur,GUMMALLADIBBA PATHURU,14° 14 13 N,80° 06 21 E,,,,,,515,5190,,GUMMALLADIBBA PATHURU,,THAMMINA PATNAM,208419,278,7
Momidi,SPSR Nellore,Chillakur,MOMIDI,14° 11 42 N,80° 02 49 E,,,,,,515,5190,592505,MOMIDI,592505,MOMIDI,208412,278,7
Voragali,SPSR Nellore,Chillakur,VARAGALI,14° 12 26 N,80° 04 02 E,,,,,,515,5190,208427,VARAGALI,,VARAGALI,208427,278,7
Ganapatnam pallipalem,SPSR Nellore,Indukurpet,GANGAPATNAM PALLIPALEM,14° 52 46 N,80° 15 47 E,,,,,,515,5179,,GANGAPATNAM PALLIPALEM,,GANGAPATNAM,208553,278,7
Kollimitta pattapupalem,SPSR Nellore,Indukurpet,KOLLIMITTAPALEM,14° 46 62 N,80° 17 16 E,,,,,,515,5179,,KOLLIMITTAPALEM,,KORUTURU,214987,278,7
Koruturupattapupalem,SPSR Nellore,Indukurpet,KORUTURUPALEM,14° 47 93 N,80° 15 70 E,,,,,,515,5179,,KORUTURUPALEM,,KORUTURU,214987,278,7
Krishnapuram,SPSR Nellore,Indukurpet,KRISHNAPURAM,14° 48 50 N,80° 17 27 E,,,,,,515,5179,584936,KRISHNAPURAM,584936,MYPADU,208564,278,7
Kudithipalem,SPSR Nellore,Indukurpet,KUDITHI PALEM,14° 56 12 N,80° 15 05 E,,,,,,515,5179,208561,KUDITHI PALEM,,KUDITHI PALEM,208561,278,7
Mypadu east pattapupalem,SPSR Nellore,Indukurpet,MYPADU EAST PATTAPUPALEM,14° 50 52 N,80° 17 57 E,,,,,,515,5179,,MYPADU EAST PATTAPUPALEM,,MYPADU,208564,278,7
Mypadu west pattapupalem,SPSR Nellore,Indukurpet,MYPADU WESTPATTAPUPALEM,14° 50 74 N,80° 17 63 E,,,,,,515,5179,,MYPADU WESTPATTAPUPALEM,,MYPADU,208564,278,7
Ramudu pallipalem h/o radukupalem,SPSR Nellore,Indukurpet,RAMUDUPALLIPALEM,14° 54 66 N,80°16 62 E,,,,,,515,5179,,RAMUDUPALLIPALEM,,RAMUDU PALEM,208569,278,7
Chennayyapalem,SPSR Nellore,Kavali,CHENNAYAPALEMPE DDAPATTAPUPALEM,14° 04 21 N,80° 08 06 E,,,,,,515,5158,,CHENNAYAPALEMPE DDAPATTAPUPALEM,,CHENNAYA PALEM,208636,278,7
Chinaramudu palem,SPSR Nellore,Kavali,CHINNA RAMUDUPALEM,14° 54 49 N,80° 14 62 E,,,,,,515,5158,,CHINNA RAMUDUPALEM,,THUMMALAPENTA,204290,278,7
Chinnatturu,SPSR Nellore,Kavali,CHINNA NATTU,14° 53 29 N,80° 04 34 E,,,,,,515,5158,,CHINNA NATTU,,ANNAGARIPALEM,208632,278,7
Indiranagar,SPSR Nellore,Kavali,INDIRA NAGAR,14° 56 35 N,80° 43 30 E,,,,,,515,5158,,INDIRA NAGAR,,THUMMALAPENTA,204290,278,7
Kothastram,SPSR Nellore,Kavali,KOTHASANTHRAM,14° 58 13 N,80° 03 43 E,,,,,,515,5158,,KOTHASANTHRAM,,THUMMALAPENTA,204290,278,7
Ottrau,SPSR Nellore,Kavali,OTTURU,14° 05 16 N,80° 51 17 E,,,,,,515,5158,,OTTURU,,ANNAGARIPALEM,208632,278,7
Pedaramudupalem,SPSR Nellore,Kavali,PEDDA RAMUDUPALEM,14° 56 19 N,80° 42 24 E,,,,,,515,5158,,PEDDA RAMUDUPALEM,,THUMMALAPENTA,204290,360,7
Peddatturu,SPSR Nellore,Kavali,,,,,,,,,,,,,,,,360,7
Ramachandrapuram h/o tummalapenta,SPSR Nellore,Kavali,RAMCHANDRA PURAM,14° 56 54 N,80° 03 59 E,,,,,,515,5158,,RAMCHANDRA PURAM,,THUMMALAPENTA,204290,360,7
Ramudu pallipalem h/o tummalapenta,SPSR Nellore,Kavali,RAMUDU PALLIPALEM,14° 55 18 N,80° 42 58 E,,,,,,515,5158,,RAMUDU PALLIPALEM,,THUMMALAPENTA,204290,360,7
Seyonupuram,SPSR Nellore,Kavali,SEEYONU PURAM,14° 53 15 N,80° 44 61 E,,,,,,515,5158,,SEEYONU PURAM,,THUMMALAPENTA,204290,360,7
Sheltersrirampuram,SPSR Nellore,Kavali,SHULTER SRI RAMPURAM,14° 56 44 N,80° 41 83 E,,,,,,515,5158,,SHULTER SRI RAMPURAM,,THUMMALAPENTA,204290,395,7
Srirampuram,SPSR Nellore,Kavali,SRI RAMPURAM,14° 56 47 N,80° 09 28 E,,,,,,515,5158,,SRI RAMPURAM,,THUMMALAPENTA,204290,395,7
Thummalapenta pallipalem,SPSR Nellore,Kavali,THUMMALAPENTA PALLIPALEM,14° 54 50 N,80° 42 65 E,,,,,,515,5158,,THUMMALAPENTA PALLIPALEM,,THUMMALAPENTA,204290,550,7
Thummalapenta pattapupalem,SPSR Nellore,Kavali,THUMMALAPENTA PATTAPUPALEM,14° 54 17 N,80° 43 45 E,,,,,,515,5158,,THUMMALAPENTA PATTAPUPALEM,,ANNAGARIPALEM,208632,550,7
Venkateswarapuram,SPSR Nellore,Kavali,VENKATESWARAPURA M,14° 04 99 N,80° 41 97 E,,,,,,515,5158,,VENKATESWARAPURA M,,ANNAGARIPALEM,208632,550,7
Govindapalli pattapupalem,SPSR Nellore,Kota,GOVINDAPALLIPATTAP UPALEM,14° 04 22 N,80° 08 08 E,,,,,,515,5191,,GOVINDAPALLIPATTAP UPALEM,,KOTHAPATNAM,208700,550,7
Arkatpalem,SPSR Nellore,Muthukur,ARCOTPALEM,14° 29 04 N,80° 12 93 E,,,,,,515,5181,,ARCOTPALEM,,KRISHNA PATNAM,208770,575,7
Epuruvenkanna palem,SPSR Nellore,Muthukur,EEPURU VENKANNA PALEM,14° 22 14 N,80° 05 02 E,,,,,,515,5181,,EEPURU VENKANNA PALEM,,DORUVULAPALEM,208767,598,7
Konetimitta,SPSR Nellore,Muthukur,KONETIMITTA,14° 26 15 N,80° 11 24 E,,,,,,515,5181,,KONETIMITTA,,MUTHUKURU,208774,598,7
Krishnapatnam port (1),SPSR Nellore,Muthukur,KRISHNAPATNAMPORT,14° 25 45 N,80° 10 94 E,,,,,,515,5181,,KRISHNAPATNAMPORT,,KRISHNA PATNAM,208770,598,7
Nelatur,SPSR Nellore,Muthukur,NELATUR,14° 32 40 N,80° 15 23 E,,,,,,515,5181,591060,NELATUR,591060,NELATURU,209067,598,7
Thota katla kuppam,SPSR Nellore,Muthukur,THOTAKATLA KUPPAM,13° 78 57 N,80° 15 97 E,,,,,,515,5197,,THOTAKATLA KUPPAM,,KADAPATRA,208972,598,7
Balaji kuppam,SPSR Nellore,Muthukur,BALAJI KUPPAM,13° 37 01 N,80° 07 59 E,,,,,,515,5198,,BALAJI KUPPAM,,PERIYA VATTU,209026,598,7
Balakrishnapuram,SPSR Nellore,Muthukur,BALAKRISHNAPURAM,13° 32 59 N,80° 03 30 E,,,,,,515,5198,580444,BALAKRISHNAPURAM,580444,KARURU,197492,598,7
Bv palem patha kuppam,SPSR Nellore,Muthukur,B.V.PALEM PATHAKUPPAM,13° 33 31 N,80° 03 40 E,,,,,,515,5198,,B.V.PALEM PATHAKUPPAM,,B.V.PALEM,235572,636,7
Erakkam,SPSR Nellore,Tada,IRAKAM,13° 34 26 N,80° 08 47 E,,,,,,515,5198,592790,IRAKAM,592790,IRAKAM,209020,636,7
Kasimgadu kuppam,SPSR Nellore,Tada,KASINGADU KUPPAM,13° 37 01 N,80° 07 59 E,,,,,,515,5198,,KASINGADU KUPPAM,,KARURU,197492,636,7
Periya vattu kuppam,SPSR Nellore,Tada,PERIYAVATTU KUPPAM,13° 31 22 N,80° 05 34 E,,,,,,515,5198,,PERIYAVATTU KUPPAM,,PERIYA VATTU,209026,636,7
Pudi kuppam,SPSR Nellore,Tada,PUDIKUPPAM,13° 34 42 N,80° 02 38 E,,,,,,515,5198,,PUDIKUPPAM,,PUDI,209027,636,7
Ramapuram kuppam,SPSR Nellore,Tada,RAMAPURAM KUPPAM,13° 30 44 N,80° 05 27 E,,,,,,515,5198,,RAMAPURAM KUPPAM,,RAMAPURAM,200128,636,7
Tada pedakuppam,SPSR Nellore,Tada,TADA PEDDA KUPPAM,13° 35 26 N,80° 01 58 E,,,,,,515,5198,,TADA PEDDA KUPPAM,,VATEMBEDU,209031,13,8
Vatambedu kuppam,SPSR Nellore,Tada,VATAMBEDUKUPPAM,13° 37 01 N,80° 07 59 E,,,,,,515,5198,,VATAMBEDUKUPPAM,,VATEMBEDU,209031,68,8
Venadu,SPSR Nellore,Tada,VENADU,13° 38 26 N,80° 07 46 E,,,,,,515,5198,592789,VENADU,592789,VENADU,209032,68,8
Kodurupattapupalem,SPSR Nellore,Thotapalligudur,KODURUPATHAPATTAP UPALEM,14° 38 52 N,80° 16 05 E,,,,,,515,5180,,KODURUPATHAPATTAP UPALEM,,KODURU,209039,68,8
Muthyalathopu pattapupalem,SPSR Nellore,Thotapalligudur,MUTHYALATHOPU PATTAPUPALEM,14° 42 72 N,80° 16 31 E,,,,,,515,5180,,MUTHYALATHOPU PATTAPUPALEM,,EDURU,209036,68,8
Venkannapattapu palem,SPSR Nellore,Thotapalligudur,VENKANNAPATTAPUP ALEM,14° 44 21 N,80° 16 70 E,,,,,,515,5180,,VENKANNAPATTAPUP ALEM,,KODURU,209039,68,8
Venkatespalem pattapupalem,SPSR Nellore,Thotapalligudur,VENKATESWARAPALE M PATTAPUPALEM,14° 40 85 N,80° 16 47 E,,,,,,515,5180,,VENKATESWARAPALE M PATTAPUPALEM,,KODURU,209039,68,8
Konduru palem,SPSR Nellore,Vakadu,KONDURUPALEM,13° 59 54 N,80° 09 18 E,,,,,,515,5192,,KONDURUPALEM,,DUGGARAJA PATNAM,209074,68,8
Navabpeta,SPSR Nellore,Vakadu,NAVABPET,13° 49 10 N,80° 14 19 E,,,,,,515,5192,,NAVABPET,,PUDIRAYADORUVU,209086,68,8
Pudikuppam,SPSR Nellore,Vakadu,PUDIKUPPAM,13° 84 75 N,80° 22 58 E,,,,,,515,5192,,PUDIKUPPAM,,PUDIRAYADORUVU,209086,100,8
Rayadoruvu,SPSR Nellore,Vakadu,RAYADORUVU,13° 83 83 N,80° 21 40 E,,,,,,515,5192,,RAYADORUVU,,PUDIRAYADORUVU,209086,100,8
Srinivasapuram,SPSR Nellore,Vakadu,SRINIVASAPURAM,13° 57 03 N,80° 10 45 E,,,,,,515,5192,595999,SRINIVASAPURAM,595999,DUGGARAJA PATNAM,209074,100,8
Tupilipalem,SPSR Nellore,Vakadu,THUPILIPALEM,14° 02 25 N,80° 18 47 E,,,,,,515,5192,,THUPILIPALEM,,JAMINKOTHAPALEM,209075,100,8
Vadapalem,SPSR Nellore,Vakadu,VADAPALEM,13° 54 05 N,80° 12 14 E,,,,,,515,5192,587681,VADAPALEM,587681,PUDIRAYADORUVU,209086,200,8
Vytikuppam,SPSR Nellore,Vakadu,VYTIKUPPAM,13° 89 40 N,80° 19 73 E,,,,,,515,5192,,VYTIKUPPAM,,PUDIRAYADORUVU,209086,200,8
Anjaneyapuram,SPSR Nellore,Vidavalur,ANJANEYA PURAM,14° 64 58 N,80° 14 97 E,,,,,,515,5168,,ANJANEYA PURAM,,RAMA THEERTHAM,209167,200,8
Chandrasekhara puram,SPSR Nellore,Vidavalur,CHANDRASEKARA PURAM,14° 66 50 N,80° 14 39 E,,,,,,515,5168,,CHANDRASEKARA PURAM,,RAMACHANDRA PURAM,209168,200,8
Gouripuram,SPSR Nellore,Vidavalur,GOWRIPURAM,14° 64 29 N,80° 14 09 E,,,,,,515,5168,582083,GOWRIPURAM,582083,RAMA THEERTHAM,209167,200,8
Thallareddypalem,Prakasam,Vetapalem,,,,,,,,,,,,,,,,200,8
Kothapattapupalem,SPSR Nellore,Indukurpet,KOTHAPATTAPUPALEM,14° 26 33 N,80° 59 11 E,,,,,,515,5179,,KOTHAPATTAPUPALEM,,VENKANNAPALEM,208740,200,8
Edurupattapu palem (eduru-2),SPSR Nellore,Indukurpet,EDURUPATTAPUPALEM ( EDURU -II),14° 26 33 N,80° 59 11 E,,,,,,515,5179,,EDURUPATTAPUPALEM ( EDURU -II),,KODURU,,200,8
Ponnapudi kothuru,SPSR Nellore,Vidavalur,PONNAPADU KOTHHURU,14° 69 29 N,80° 13 09 E,,,,,,515,5168,,PONNAPADU KOTHHURU,,RAMACHANDRA PURAM,209168,253,8
Ponnapudi lakshmipuram,SPSR Nellore,Vidavalur,LAXMIPURAM,14° 69 34 N,80° 13 23 E,,,,,,515,5168,593887,LAXMIPURAM,593887,RAMACHANDRA PURAM,209168,253,8
Ponnapudi pathuru,SPSR Nellore,Vidavalur,PONNAPADU PATURU,14° 69 81 N,80° 14 09 E,,,,,,515,5168,,PONNAPADU PATURU,,RAMACHANDRA PURAM,209168,253,8
Ramachandrapuram h/o rcpuram,SPSR Nellore,Vidavalur,RAMCHANDRA PURAM,14° 65 04 N,80° 14 60 E,,,,,,515,5168,,RAMCHANDRA PURAM,,RAMACHANDRA PURAM,209168,253,8
Ramalingapuram,SPSR Nellore,Vidavalur,,,,,,,,,,,,,,,,253,8
Ravindra puram,SPSR Nellore,Vidavalur,RAVINDRA PURAM,14° 66 50 N,80° 14 39 E,,,,,,515,5168,,RAVINDRA PURAM,,RAMACHANDRA PURAM,209168,253,8
Utukurupallipalem,SPSR Nellore,Vidavalur,UTUKURU PALLI PALEM,14° 15 29 N,80° 55 09 E,,,,,,515,5168,,UTUKURU PALLI PALEM,,UTUKURU,,253,8
Utukurupeddapalem,SPSR Nellore,Vidavalur,UTUKURIPEDDA PALEM,14° 61 39 N,80° 16 34 E,,,,,,515,5168,,UTUKURIPEDDA PALEM,,UTUKURU,,253,8
Venkatanarayana puram,SPSR Nellore,Vidavalur,VENKATA NARAYANA PURAM,14° 67 29 N,80° 14 09 E,,,,,,515,5168,,VENKATA NARAYANA PURAM,,RAMACHANDRA PURAM,209168,253,8
Venkatareddy palem,SPSR Nellore,Vidavalur,VENKATA REDDY PALEM,14° 61 73 N,80° 15 80 E,,,,,,515,5168,208857,VENKATA REDDY PALEM,,UTUKURU,,253,8
Budagatlapalem,Srikakulam,Gara,,,,,,,,,,,,,,,,253,8
Bethalapuram,Srikakulam,Mandasa,,,,,,,,,,,,,,,,253,8
Geddalavuru,Srikakulam,Mandasa,,,,,,,,,,,,,,,,253,8
M.ganguvada,Srikakulam,Mandasa,,,,,,,,,,,,,,,,253,8
Rushikonda,Visakhapatanam,Chinagadili,"AO,VISAKHAPATNAM",17° 78 26 N,83° 38 50 E,,,,,,520,4866,,RUSHIKONDA,929900,6TH WARD,,253,8
Appikonda,Visakhapatanam,Pedagantyada,"AO,VISAKHAPATNAM",17° 34 14 N,83° 09 56 E,,,,,,520,4868,,APPIKONDA,929939,55 WARD,,253,8
"Fishing Horbour, Kakinada",East Godavari,Kakinada Rural,Vakalapudi,16° 58 58 N,82° 16 52 E,,,,,,505,4913,,Vakalapudi,909977,VAKALAPUDI,199254,274,8
Akkayapalem,Prakasam,Vetapalem,,,,,,,,,,,,,,,,352,8
Iskapalli Pattapupalem,SPSR Nellore,Allur,ISKAPALLI PATTAPUPALEM,14° 44 10 N,80° 05 56 E,now(),ADMIN,ADMIN,now(),FALSE,515,5167,,ISKAPALLI PATTAPUPALEM,,ISKAPALLI,208257,352,8
Nadimipattapupalem,SPSR Nellore,Indukurpet,NADIMIPALEM,14° 26 33 N,80° 59 11 E,,,,,,515,5179,585373,NADIMIPALEM,585373,KODURU,,352,8
Rajivnagar colony,SPSR Nellore,Indukurpet,RAJEEVNAGAR COLONY,14° 26 33 N,80° 59 11 E,,,,,,515,5179,,RAJEEVNAGAR COLONY,,KODURU,,352,8
BV Palem pathakuppam,SPSR Nellore,Tada,B.V.PALEM PATHAKUPPAM,13° 33 31 N,80° 03 40 E,,,,,,515,5198,,B.V.PALEM PATHAKUPPAM,,B.V.PALEM,235572,352,8
Balaji Kuppam,SPSR Nellore,Tada,BALAJI KUPPAM,13° 37 01 N,80° 07 59 E,,,,,,515,5198,,BALAJI KUPPAM,,PERIYA VATTU,209026,352,8
Balakrishnapuram,SPSR Nellore,Tada,BALAKRISHNAPURAM,13° 32 59 N,80° 03 30 E,,,,,,515,5198,580444,BALAKRISHNAPURAM,580444,KARURU,197492,352,8
Balakrishnapuram,SPSR Nellore,Sullurpeta,,,,,,,,,,,,,,,,352,8
Vijayalakshmipuram,Prakasam,Chirala,VIJAYALAKSHMI PURAM,15° 81 33 N,80° 43 80 E,,,,,,517,5123,,VIJAYALAKSHMI PURAM,,GAVINAVARIPALEM,,352,8
,,,,,,,,,,,,,,,,,,565,8
,,,,,,,,,,,,,,,,,,565,8
,,,,,,,,,,,,,,,,,,565,8
,,,,,,,,,,,,,,,,,,565,8
,,,,,,,,,,,,,,,,,,565,8
,,,,,,,,,,,,,,,,,,565,8
,,,,,,,,,,,,,,,,,,565,8
,,,,,,,,,,,,,,,,,,565,8
,,,,,,,,,,,,,,,,,,586,8
,,,,,,,,,,,,,,,,,,586,8
,,,,,,,,,,,,,,,,,,586,8
,,,,,,,,,,,,,,,,,,586,8
,,,,,,,,,,,,,,,,,,609,8
,,,,,,,,,,,,,,,,,,609,8
,,,,,,,,,,,,,,,,,,609,8
,,,,,,,,,,,,,,,,,,609,8
,,,,,,,,,,,,,,,,,,609,8
,,,,,,,,,,,,,,,,,,609,8
,,,,,,,,,,,,,,,,,,609,8
,,,,,,,,,,,,,,,,,,609,8
,,,,,,,,,,,,,,,,,,638,8
,,,,,,,,,,,,,,,,,,638,8
,,,,,,,,,,,,,,,,,,638,8
,,,,,,,,,,,,,,,,,,636,7
,,,,,,,,,,,,,,,,,,200,8
,,,,,,,,,,,,,,,,,,200,8
,,,,,,,,,,,,,,,,,,638,8
,,,,,,,,,,,,,,,,,,638,8
,,,,,,,,,,,,,,,,,,638,8
,,,,,,,,,,,,,,,,,,638,8
,,,,,,,,,,,,,,,,,,638,8
,,,,,,,,,,,,,,,,,,638,8
,,,,,,,,,,,,,,,,,,638,8
,,,,,,,,,,,,,,,,,,638,8
,,,,,,,,,,,,,,,,,,638,8
,,,,,,,,,,,,,,,,,,638,8
,,,,,,,,,,,,,,,,,,159,9
,,,,,,,,,,,,,,,,,,324,9
,,,,,,,,,,,,,,,,,,324,9
,,,,,,,,,,,,,,,,,,324,9
,,,,,,,,,,,,,,,,,,665,10
,,,,,,,,,,,,,,,,,,663,10
,,,,,,,,,,,,,,,,,,664,3
,,,,,,,,,,,,,,,,,,636,7
,,,,,,,,,,,,,,,,,,13,8
,,,,,,,,,,,,,,,,,,200,8
,,,,,,,,,,,,,,,,,,200,8
,,,,,,,,,,,,,,,,,,565,8
,,,,,,,,,,,,,,,,,,565,8
,,,,,,,,,,,,,,,,,,565,8
,,,,,,,,,,,,,,,,,,561,8
,,,,,,,,,,,,,,,,,,110,7