9,143,BADEVANIPETA
9,143,BUDAGATLAPALEM
9,143,D. MASTYALESAM
9,143,K. MASTYALESAM
9,143,KD PALEM
9,143,RALLAPETA
9,159,BALARAMPURAM
9,159,BANDARUVANIPETA
9,159,KOMARAVANIPETA H/O KORLAM
9,159,MOGADALAPADU
9,159,SRIKURMAM
9,199,DONKURU
9,254,CHINAKARRIVANIPALEM
9,254,EDDUVANIPALEM
9,254,K. CALINGAPATNAM
9,254,KAPASUKUUDI
9,254,P.K. PALEM
9,254,BETHAPAPURAM
9,305,GEDDELAVURU
9,305,M. GANGUVADA
9,464,GUPPDIPETA
9,464,JOGAMPETA
9,464,PEDDAKOVIRIPETA
9,464,RAJARAMPURAM
9,500,ALLIVALASA
9,500,CHEEKATIPETA
9,500,CHINAKOVVADA
9,500,DONIPETA
9,500,GURAYYAPETA
9,500,JEERUPALEM
9,500,KOMARAVANIPETA H/O KOTCHERLA
9,500,KOTHAMUKKAM
9,500,PEDDAKOVVADA
9,532,BAVANAPADU
9,532,GEDDALAPADU
9,532,JAGANNADHAPURAM
9,532,KUMUNDUVANIPETA
9,532,M SUNNAPALLI
9,532,MARUVADA
9,532,PATHAMEGHAVARAM
9,532,PITTAVANIPETA
9,532,UMMILADA
9,555,BARUVAKOTHURU
9,555,BATTIGALLURU
9,555,GOLLAGANDI
9,555,ISAKALAPALEM
9,555,RAMAYYAPATNAM
9,555,YEKUVURU
9,557,KUNDUVANIPETA
9,557,PUKKALLAPETA
9,608,AKKUPALLI
9,608,CHINAKOTHURU
9,608,D. ALTHADA
9,608,DOKULAPADU
9,608,GUNUPALLI
9,608,HUKUMPETA
9,608,KAMBALARAYUDUPETA
9,608,KOTHAPETA
9,608,MANCHINEEALPETA
9,608,NUVVALAREVU
11,65,CHEPLAKANCHERU
11,65,CHINAKONDRAJUPALEM
11,65,CHODIPALLIPETA
11,65,MUKKAM
11,65,PEDAKONDRAJUPALEM
11,478,BARRIPETA H/O CHINTAPALLI
11,478,BODDUGURAYYAPETA
11,478,KOTHURU H/O CHINTAPALLI
11,478,KOTTURU H/O TIPPALAVALASA
11,478,MADDURU H/O TIPPALAVALASA
11,478,NELAGEDDAPETA H/O CHINTAPALLI
11,478,PATHIVADA BARRIPETA
11,478,PEDDURUH/O CHINTHAPALLI
11,478,PULIGEDDAPALEM
11,478,THAMMAYYAPALEM
11,478,TIPPALAVALASA
10,33,KONDAPALEM
10,33,PUDIMADAKA
10,33,TANTADIVADAPALEM
10,62,ANNAVARAM
10,62,BEEMILI
10,62,CHINANAGAMAYYAPALEM
10,62,KAPULADIBBADIPALEM
10,62,PEDA MANGAMARIPETA
10,62,PEDANAGAMAYYAPALEM
10,62,PEDDAUPPADA
10,362,AMALAPURAM
10,362,BANGARAMMAPETA
10,362,BOYAPADU
10,362,CHINATEENARLA
10,362,DL PURAM
10,362,DONDAVAKA
10,362,PEDDATEENARLA
10,362,RAJAYYAPETA
10,416,MUTHYALAMMAPALEM
10,416,TIKKAVANIPALEM
10,422,GAJAPATHINAGARAM
10,422,KORLAYYAPETA
10,422,PALMANUPETA
10,422,PENTAKOTA
10,422,RAJANAGARAM
10,422,RAJAVARAM
10,422,RATNAYYAMMAPETA
10,422,VENKATANAGARAM
10,622,APPIKONDA
10,498,KOTHAPATNAM
10,498,R. VADAPALEM
10,498,VADANARSAPURAM
10,498,VENKAYYAPALEM
10,523,BANGARAMMAPALEM
10,523,KOTHAREVUPOLAVARAM
10,523,REVUPOLAVARAM
10,663,FISHING HARBOUR
10,663,JALARIYENDADA
10,663,JODUGULLAPALEM
10,663,KOTHAJALARIPETA
10,663,MULAPALEM
10,663,PEDAJALARIPETA
10,663,RUSHIKONDA
3,12,ODALAREVU
3,197,BHYRAVAPALEM
3,664,FISHING HARBOUR
3,223,SURYARAOPETA
3,664,ETIMOGA
3,664,KHUMBHABHISHEKAM
3,247,UPPALANKAMONDI
3,252,BALUSUTIPPA
3,252,KOTHAPALEM
3,322,KARAVAKA
3,525,AV PALLIPALEM
3,580,CHOLLANGIPETA
3,580,GADIMOGA
3,580,MATLAPALEM
3,580,PEDAVALASALA
3,584,DANAVAIPETA
3,584,G.M PETA
3,584,K CHODIPALLIPETA
3,584,K.P. PURAM
3,584,KOTHAPETA
3,584,NARSIPETA
3,584,PAMPOTHIPETA
3,584,RAMARAOPETA
3,584,TALAPANTHIPETA
3,584,YELLAYYAPETA
3,584,YERRAYYAPETA
3,280,AMEENABAD
3,280,KONAPAPPETA
3,280,MULAPETA
3,603,VASALATIPPA
12,339,DIBBALAPALEM
12,339,KP PALEM SOUTH
12,339,MOLLAPARRU
12,375,BIYYAPUTHIPPA
12,375,CHINNAMAINAVANILANKA
12,375,NARSAPURAM
12,375,PEDAMAINAVANILANKA
5,260,PALAKAYATIPPA
5,292,CHINAGOLLAPALEM
5,292,ETIPOGURU
5,292,ORLAGONDITIPPA
5,312,CAMBELPETA
5,359,FISHING HARBOUR
5,312,GILAKALADINDI
5,312,KANURU
5,312,KPT PALEM
5,312,MANGINAPUDI
5,312,POLATIPPA
5,312,PT PALEM
5,312,THALLAPALEM
5,359,EDURUMONDI
5,359,ELACHETLADIBBA
5,359,ETIMOGA
5,359,GUMMALAMODA
5,359,NACHUGUNTA
5,359,NAGAYALANKA
5,359,PATHAPAKALI
5,359,SORLAGONDI
5,359,YESUPURAM
5,359,ZINKAPALEM
4,53,ADARSANAGAR
4,53,ADAVAIPALLIPALEM
4,53,KOTHAVODAREVU
4,53,KRUPANAGAR
4,53,MUTHAYAPALEM
4,53,RAMACHANDRAPURAM
4,53,RAMANAGAR
4,53,RAMAPURAM
4,53,SURYALANKA
4,389,ADAVULADEEVI
4,389,DINDI ADAVALA
4,389,FISHING HARBOUR
4,389,GOKARNAMATAM
4,389,GONDISAMUDRAM
4,389,NAKSHATRANAGAR
4,514,GANAGADIPALEM
4,514,LAKSHMIPURAM
4,514,LANKEVANIDIBBA
4,514,MOLLAGUNTA
4,514,PENUMUDI
4,514,SANTHINAGAR
7,102,AMEEN NAGAR
7,102,BAPAIAH NAGAR
7,102,CHINAGANJAM PEDDAPALLIPALEM
7,102,JEEDICHETLAPALEM
7,102,KATAMVARIPALEM
7,102,KODURUVARIPALEM
7,102,KUNKUDUCHETLAPALEM
7,102,NEERIKSHANAGIRI
7,102,PADAMATIPALLIPALEM
7,102,PEDDAGANJAMPALLIPALEM
7,102,PRASANTHNAGAR
7,102,RAMACHANDRANAGAR
7,102,RUDRAMAMBAPURAM
7,102,THURUPUPALLIPALEM
7,102,YETIMOGA
7,110,VADAREVUPALLIPALEM
7,110,VIJAYALAKSHMIPURAM
7,110,VODAREVU
7,179,AVULAVARIPALEM
7,179,KARLAPALEM
7,179,MONDIVARIPALEM
7,278,CHENCHUPAPAIAHPALEM
7,278,EETHAMUKKALA PALLIPALEM
7,278,GUNDAMALA CHINAPALLIPALEM
7,278,GUNDAMALA CHRISTIAN PALLIPALEM
7,278,GUNDAMALA PEDDAPALLIPALEM
7,278,KOTHAPATNAM NORTH PALLIPALEM
7,278,KOTHAPATNAM SOUTH PALLIPALEM
7,278,KURUPANAGAR
7,278,MADANURU CHINNAPATTAPU KOTHAPALEM
7,278,MADANURU CHINNAPATTAPU PATHAPALEM
7,278,MADANURU PEDAPATTAPU KOTHAPALEM
7,278,MADANURU PEDAPATTAPU PATHAPALEM
7,278,MADANURU SWARNADHRA PATTAPUPALEM
7,278,PINNIVARIPALEM
7,278,RAJUPALEM CHINA PATTAPUPALEM
7,278,RAJUPALEM PEDA PATTAPUPALEM
7,278,VAJJIREDDY PATTAPU PALEM
7,360,CHINNAMGARIPALEM
7,360,GOVINDARAO PALLIPALME
7,360,KANAPARTHIPALLEPALEM
7,360,MEKALSOMAIAHPALEM
7,360,VINODARAYUNIPALEM
7,395,CHINTAYYAGARIPALEM
7,395,GUNDAYAPALEM
7,550,BASINPALLIPALEM
7,550,DEVALAMPALLIPALEM
7,550,PAKALA CHELLAMMAGARI PALEM
7,550,PAKALA PALLIPALEM
7,575,THALLAPALEM
7,598,ALAGAYAPALEM
7,598,CHACKICHERLA PALLEPALEM
7,598,CHAKICHERLA PEDDAPATTAPU PALEM (NORTH)
7,598,CHAKICHERLA PEDDAPATTAPU PALEM (SOUTH)
7,598,CHAKICHERLACHINAPATTAPUPALEM
7,598,KARIDU
7,598,RAMAYAPATNAPU PALLIPALEM
7,636,KATAMLINGAIAHPALEM
7,636,KATARIPALEM
7,636,POTTISUBBAIAHPALEM
7,636,RAMACHANDRAPURAM
7,636,RAMAPURAM
7,636,TAKAIAHCHETLAPALEM
7,636,UTUKURUSUBBAIAHPALEM
7,636,VEKATASUBBAIAHPALEM
8,636,ISUKAPALLIPATTAPUPALEM
8,13,KOTHAKURRU
8,68,ALICHERLA BANGARU PALEM
8,68,KOTHABANGARU PALEM
8,68,KOTHAKADAPALEM
8,68,LAKSHMINARAYANAPURAM
8,68,PATHABANGARU PALEM
8,68,PATHAKADAPALEM
8,68,TENKAYACHETLAPALEM
8,68,THATICHETLAPALEM
8,100,GUMMALADIBBA KOTHURU
8,100,GUMMALADIBBA PATHURU
8,100,MOMIDI
8,100,VORAGALI
8,200,GANAPATNAM PALLIPALEM
8,200,KOLLIMITTA PATTAPUPALEM
8,200,KORUTURUPATTAPUPALEM
8,200,KRISHNAPURAM
8,200,KUDITHIPALEM
8,200,MYPADU EAST PATTAPUPALEM
8,200,MYPADU WEST PATTAPUPALEM
8,200,RAMUDU PALLIPALEM H/O RADUKUPALEM
8,253,CHENNAYYAPALEM
8,253,CHINARAMUDU PALEM
8,253,CHINNATTURU
8,253,INDIRANAGAR
8,253,KOTHASTRAM
8,253,OTTRAU
8,253,PEDARAMUDUPALEM
8,253,PEDDATTURU
8,253,RAMACHANDRAPURAM H/O TUMMALAPENTA
8,253,RAMUDU PALLIPALEM H/O TUMMALAPENTA
8,253,SEYONUPURAM
8,253,SHELTERSRIRAMPURAM
8,253,SRIRAMPURAM
8,253,THUMMALAPENTA PALLIPALEM
8,253,THUMMALAPENTA PATTAPUPALEM
8,253,VENKATESWARAPURAM
8,274,GOVINDAPALLI PATTAPUPALEM
8,352,ARKATPALEM
8,352,EPURUVENKANNA PALEM
8,352,KONETIMITTA
8,352,KRISHNAPATNAM PORT (1)
8,352,NELATUR
8,352,THOTA KATLA KUPPAM
8,352,BALAJI KUPPAM
8,352,BALAKRISHNAPURAM
8,352,BV PALEM PATHA KUPPAM
8,565,ERAKKAM
8,565,KASIMGADU KUPPAM
8,565,PERIYA VATTU KUPPAM
8,565,PUDI KUPPAM
8,565,RAMAPURAM KUPPAM
8,565,TADA PEDAKUPPAM
8,565,VATAMBEDU KUPPAM
8,565,VENADU
8,586,EDURUPATTAPU PALEM (EDURU-2)
8,586,KODURUPATTAPUPALEM
8,586,KOTHAPATTAPUPALEM
8,586,MUTHYALATHOPU PATTAPUPALEM
8,586,NADIMIPATTAPUPALEM
8,586,RAJIVNAGAR COLONY
8,586,VENKANNAPATTAPU PALEM
8,586,VENKATESPALEM PATTAPUPALEM
8,609,KONDURU PALEM
8,609,NAVABPETA
8,609,PUDIKUPPAM
8,609,RAYADORUVU
8,609,SRINIVASAPURAM
8,609,TUPILIPALEM
8,609,VADAPALEM
8,609,VYTIKUPPAM
8,638,ANJANEYAPURAM
8,638,CHANDRASEKHARA PURAM
8,638,GOURIPURAM
8,638,PONNAPUDI KOTHURU
8,638,PONNAPUDI LAKSHMIPURAM
8,638,PONNAPUDI PATHURU
8,638,RAMACHANDRAPURAM H/O RCPURAM
8,638,RAMALINGAPURAM
8,638,RAVINDRA PURAM
8,638,UTUKURUPALLIPALEM
8,638,UTUKURUPEDDAPALEM
8,638,VENKATANARAYANA PURAM
8,638,VENKATAREDDY PALEM
9,159,BUDAGATLAPALEM
